XCCL /root/miniconda/envs/python310_torch29_cuda/lib/python3.10/site-packages/torch_xmlir/xccl//so/libbkcl.so loaded
[35mSYMBOL_REWRITE [0m[32mtorch success[0m
[rank0] device uuid = b7942319-362e-5a53-a8eb-a2d06fbe84f6
[rank0] backend = cpu:gloo,cuda:flagcx
[Gloo] Rank 0 is connected to 1 peer ranks. Expected number of connected peer ranks is : 1
can not open config file: /etc/xccl.conf. skipping...
[12:01:04][7273eb5a9391][21:21][INFO][XCCL][globals.cpp:299] xccl version: 0792b03 [rdma] [[BKCL-1245] allow masking GC signal handlers via BKCL_GC_SIGNAL_MASK] build data: Feb  9 2026 13:05:11
[12:01:04][7273eb5a9391][21:21][DBG][XCCL][globals.cpp:300] set BKCL timeout to 600 seconds
[12:01:04][7273eb5a9391][21:21][DBG][XCCL][globals.cpp:301] set BKCL RING BUFFER SIZE to 4194304
[12:01:04][7273eb5a9391][21:21][DBG][XCCL][globals.cpp:302] set BKCL ASYNC BUFFER SIZE to 134217728
[12:01:04][7273eb5a9391][21:21][DBG][XCCL][globals.cpp:303] set BKCL TREE THRESHOLD to 30720
[12:01:04][7273eb5a9391][21:21][DBG][XCCL][globals.cpp:305] set BKCL MAX CLUSTERS to 12
[12:01:04][7273eb5a9391][21:21][DBG][XCCL][globals.cpp:306] set BKCL xshmem symmetric size to 2147483648
[12:01:04][7273eb5a9391][21:21][DBG][XCCL][net_socket.cpp:38] NET/Socket : ipv4 net card [eth0], ip[172.31.254.4]
[12:01:04][7273eb5a9391][21:21][DBG][XCCL][init.cpp:1167] xccl init_rank, comm_id 80a0b46a00000000623e0600000000002700000002009c45 rank 0 nranks 2 xpuDev 0 - Init START
[12:01:04][7273eb5a9391][21:21][DBG][XCCL][init.cpp:416] devid 0, bus id 84000, 0000:84:00.0, 84000
[12:01:04][7273eb5a9391][21:21][DBG][XCCL][init.cpp:316] rank 0 hostid 0
[12:01:04][7273eb5a9391][21:21][DBG][XCCL][util.cpp:358] check addr_window pass!
[12:01:04][7273eb5a9391][21:21][DBG][XCCL][init.cpp:1131] RLIMIT_NOFILE: 524288, RLIMIT_MEMLOCK: 8388608
[12:01:04][7273eb5a9391][21:21][DBG][XCCL][init.cpp:1237] xccl init_rank, comm_id 80a0b46a00000000623e0600000000002700000002009c45 rank 0 nranks 2 xpuDev 0 - init_bkcl_context start
[12:01:04][7273eb5a9391][21:21][DBG][XCCL][topo.cpp:274] 0000:bb:00.0 vendor=1d22 device=3688 class=0780 irq=0 (pin 0) base0=2a804000000c
[12:01:04][7273eb5a9391][21:21][DBG][XCCL][topo.cpp:274] 0000:16:00.0 vendor=1d22 device=3688 class=0780 irq=0 (pin 1) base0=1c804000000c
[12:01:04][7273eb5a9391][21:21][DBG][XCCL][topo.cpp:274] 0000:9c:00.0 vendor=1d22 device=3688 class=0780 irq=0 (pin 2) base0=39604000000c
[12:01:04][7273eb5a9391][21:21][DBG][XCCL][topo.cpp:274] 0000:1c:00.0 vendor=1d22 device=3688 class=0780 irq=0 (pin 3) base0=1d604000000c
[12:01:04][7273eb5a9391][21:21][DBG][XCCL][topo.cpp:274] 0000:b6:00.0 vendor=1d22 device=3688 class=0780 irq=0 (pin 4) base0=2b604000000c
[12:01:04][7273eb5a9391][21:21][DBG][XCCL][topo.cpp:274] 0000:2e:00.0 vendor=1d22 device=3688 class=0780 irq=0 (pin 5) base0=f604000000c
[12:01:04][7273eb5a9391][21:21][DBG][XCCL][topo.cpp:274] 0000:84:00.0 vendor=1d22 device=3688 class=0780 irq=0 (pin 6) base0=32804000000c
[12:01:04][7273eb5a9391][21:21][DBG][XCCL][topo.cpp:274] 0000:03:00.0 vendor=1d22 device=3688 class=0780 irq=0 (pin 7) base0=16804000000c
[12:01:04][7273eb5a9391][21:21][DBG][XCCL][topo.cpp:118] 0x7fffe8c437d8 enum BDF 0000:03:00.0.
[12:01:04][7273eb5a9391][21:21][DBG][XCCL][topo.cpp:118] 0x7fffe8c42de8 enum BDF 0000:16:00.0.
[12:01:04][7273eb5a9391][21:21][DBG][XCCL][topo.cpp:118] 0x7fffe8c43138 enum BDF 0000:1c:00.0.
[12:01:04][7273eb5a9391][21:21][DBG][XCCL][topo.cpp:118] 0x7fffe8c43488 enum BDF 0000:2e:00.0.
[12:01:04][7273eb5a9391][21:21][DBG][XCCL][topo.cpp:118] 0x7fffe8c43630 enum BDF 0000:84:00.0.
[12:01:04][7273eb5a9391][21:21][DBG][XCCL][topo.cpp:118] 0x7fffe8c42f90 enum BDF 0000:9c:00.0.
[12:01:04][7273eb5a9391][21:21][DBG][XCCL][topo.cpp:118] 0x7fffe8c432e0 enum BDF 0000:b6:00.0.
[12:01:04][7273eb5a9391][21:21][DBG][XCCL][topo.cpp:118] 0x7fffe8c42c40 enum BDF 0000:bb:00.0.
[12:01:04][7273eb5a9391][21:21][DBG][XCCL][topo.cpp:584] log2phy: device id: 0 --> physical device id: 4
[12:01:04][7273eb5a9391][21:21][DBG][XCCL][topo.cpp:584] log2phy: device id: 1 --> physical device id: 5
[12:01:04][7273eb5a9391][21:21][DBG][XCCL][topo.cpp:642] xpu0 BAR2 address: 0x166000000000
[12:01:04][7273eb5a9391][21:21][DBG][XCCL][topo.cpp:642] xpu1 BAR2 address: 0x1c6000000000
[12:01:04][7273eb5a9391][21:21][DBG][XCCL][topo.cpp:642] xpu2 BAR2 address: 0x1d4000000000
[12:01:04][7273eb5a9391][21:21][DBG][XCCL][topo.cpp:642] xpu3 BAR2 address: 0xf4000000000
[12:01:04][7273eb5a9391][21:21][DBG][XCCL][topo.cpp:642] xpu4 BAR2 address: 0x326000000000
[12:01:04][7273eb5a9391][21:21][DBG][XCCL][topo.cpp:642] xpu5 BAR2 address: 0x394000000000
[12:01:04][7273eb5a9391][21:21][DBG][XCCL][topo.cpp:642] xpu6 BAR2 address: 0x2b4000000000
[12:01:04][7273eb5a9391][21:21][DBG][XCCL][topo.cpp:642] xpu7 BAR2 address: 0x2a6000000000
[12:01:04][7273eb5a9391][21:21][DBG][XCCL][init.cpp:920] xdr copy env disabled
[12:01:04][7273eb5a9391][21:21][DBG][XCCL][init_common.cpp:230] p2p: rank 0 pre_rank 1 next_rank 1
[12:01:04][7273eb5a9391][21:21][DBG][XCCL][init_common.cpp:329] ipc open mem handle succeed 0 to 1: 0x1000000000
[12:01:04][7273eb5a9391][21:21][DBG][XCCL][kl3_init.cpp:1392] is_pcie_topo 0 is_switch_topo 0, is_pcie_4card 0, is_pcie_16card 0 is_pcie_16card_tp8 0
[12:01:04][7273eb5a9391][21:21][DBG][XCCL][kl3_init.cpp:879] xpu_device_get_attr= 0, dev= 0, oam id= 6
[12:01:04][7273eb5a9391][21:21][DBG][XCCL][kl3_init.cpp:879] xpu_device_get_attr= 0, dev= 1, oam id= 5
[12:01:04][7273eb5a9391][21:21][DBG][XCCL][kl3_init.cpp:1822] port_reuse_cnt = 6
[12:01:04][7273eb5a9391][21:21][DBG][XCCL][kl3_init.cpp:1926] ctx 0x55f6e31f7fe0, rank 0(dev=0): found 6 rings
[12:01:04][7273eb5a9391][21:21][DBG][XCCL][kl3_init.cpp:1927] ctx 0x55f6e31f7fe0:
0 --> 1 --> 0
0 --> 1 --> 0
0 --> 1 --> 0
0 --> 1 --> 0
0 --> 1 --> 0
0 --> 1 --> 0

[12:01:04][7273eb5a9391][21:21][DBG][XCCL][kl3_init.cpp:1894] ctx=0x55f6e31f7fe0 local peer devs: 0 1
[12:01:04][7273eb5a9391][21:21][DBG][XCCL][kl3_init.cpp:1897] ctx=0x55f6e31f7fe0 global peer devs: 0 1
[12:01:04][7273eb5a9391][21:21][DBG][XCCL][kl3_init.cpp:4369] topo search done
[12:01:04][7273eb5a9391][21:21][DBG][XCCL][kl3_init.cpp:4248]  channel [0] rank 0 dev_id 0 2 4194304 0 0x401c800000 0xc01c800000 0x8090000000 0x90000000 0x90001000 0x8090001000
[12:01:04][7273eb5a9391][21:21][DBG][XCCL][kl3_init.cpp:4248]  channel [1] rank 0 dev_id 0 2 4194304 0 0x401cc00000 0xc01cc00000 0x8090002000 0x90002000 0x90003000 0x8090003000
[12:01:04][7273eb5a9391][21:21][DBG][XCCL][kl3_init.cpp:4248]  channel [2] rank 0 dev_id 0 2 4194304 0 0x401d000000 0xc01d000000 0x8090004000 0x90004000 0x90005000 0x8090005000
[12:01:04][7273eb5a9391][21:21][DBG][XCCL][kl3_init.cpp:4248]  channel [3] rank 0 dev_id 0 2 4194304 0 0x401d400000 0xc01d400000 0x8090006000 0x90006000 0x90007000 0x8090007000
[12:01:04][7273eb5a9391][21:21][DBG][XCCL][kl3_init.cpp:4248]  channel [4] rank 0 dev_id 0 2 4194304 0 0x401d800000 0xc01d800000 0x8090008000 0x90008000 0x90009000 0x8090009000
[12:01:04][7273eb5a9391][21:21][DBG][XCCL][kl3_init.cpp:4248]  channel [5] rank 0 dev_id 0 2 4194304 0 0x401dc00000 0xc01dc00000 0x809000a000 0x9000a000 0x9000b000 0x809000b000
[12:01:04][7273eb5a9391][21:21][DBG][XCCL][init.cpp:1107] ctx=[0x55f6e31f7fe0]: dev_id=0, rank=0, nranks=2
[12:01:04][7273eb5a9391][21:21][DBG][XCCL][init.cpp:1249] xccl init_rank, comm_id 80a0b46a00000000623e0600000000002700000002009c45 rank 0 nranks 2 xpuDev 0 - init_bkcl_context complete
[12:01:04][7273eb5a9391][21:21][DBG][XCCL][init.cpp:1262] ctx=[0x55f6e31f7fe0]: bkcl_unique_id=80a0b46a00000000623e0600000000002700000002009c45ac1ffe04
[12:01:04][7273eb5a9391][21:21][DBG][XCCL][init.cpp:1411] xccl init_rank, comm_id 80a0b46a00000000623e0600000000002700000002009c45 rank 0 nranks 2 xpuDev 0 - Init COMPLETE
[12:01:04][7273eb5a9391][21:21][DBG][XCCL][helper.cpp:301] all_reduce: ctx=0x55f6e31f7fe0, seq_id=0, rank=0, nranks=2, dev=0, send=0x4004000000, recv=0x4004000000, cnt=67108864, root=-1, peer=-1, stream=0x55f6e2f0b3e0, data=float, op=sum, group=0, num_host=1, algo=ring
[12:01:04][7273eb5a9391][21:21][DBG][XCCL][helper.cpp:2237] ctx 0x55f6e31f7fe0: input stream change from (nil) to 0x55f6e2f0b3e0
[12:01:04][7273eb5a9391][21:163][DBG][XCCL][kl3_all_reduce.cpp:46] func traced: [all_reduce] xlink_ring_all_reduce_single_node
[12:01:04][7273eb5a9391][21:163][DBG][XCCL][kl3_all_reduce.cpp:94] send buf addr 0x4004000000/0x402408e000 count 6
[12:01:04][7273eb5a9391][21:21][DBG][XCCL][helper.cpp:301] all_reduce: ctx=0x55f6e31f7fe0, seq_id=1, rank=0, nranks=2, dev=0, send=0x4004000000, recv=0x4004000000, cnt=67108864, root=-1, peer=-1, stream=0x55f6e2f0b3e0, data=float, op=sum, group=0, num_host=1, algo=ring
[12:01:04][7273eb5a9391][21:163][DBG][XCCL][kl3_all_reduce.cpp:46] func traced: [all_reduce] xlink_ring_all_reduce_single_node
[12:01:04][7273eb5a9391][21:163][DBG][XCCL][kl3_all_reduce.cpp:94] send buf addr 0x4004000000/0x402408e000 count 6
[12:01:04][7273eb5a9391][21:21][DBG][XCCL][helper.cpp:301] all_reduce: ctx=0x55f6e31f7fe0, seq_id=2, rank=0, nranks=2, dev=0, send=0x4004000000, recv=0x4004000000, cnt=67108864, root=-1, peer=-1, stream=0x55f6e2f0b3e0, data=float, op=sum, group=0, num_host=1, algo=ring
[12:01:04][7273eb5a9391][21:163][DBG][XCCL][kl3_all_reduce.cpp:46] func traced: [all_reduce] xlink_ring_all_reduce_single_node
[12:01:04][7273eb5a9391][21:163][DBG][XCCL][kl3_all_reduce.cpp:94] send buf addr 0x4004000000/0x402408e000 count 6
[12:01:04][7273eb5a9391][21:21][DBG][XCCL][helper.cpp:301] all_reduce: ctx=0x55f6e31f7fe0, seq_id=3, rank=0, nranks=2, dev=0, send=0x4004000000, recv=0x4004000000, cnt=67108864, root=-1, peer=-1, stream=0x55f6e2f0b3e0, data=float, op=sum, group=0, num_host=1, algo=ring
[12:01:04][7273eb5a9391][21:163][DBG][XCCL][kl3_all_reduce.cpp:46] func traced: [all_reduce] xlink_ring_all_reduce_single_node
[12:01:04][7273eb5a9391][21:163][DBG][XCCL][kl3_all_reduce.cpp:94] send buf addr 0x4004000000/0x402408e000 count 6
[12:01:04][7273eb5a9391][21:21][DBG][XCCL][helper.cpp:301] all_reduce: ctx=0x55f6e31f7fe0, seq_id=4, rank=0, nranks=2, dev=0, send=0x4004000000, recv=0x4004000000, cnt=67108864, root=-1, peer=-1, stream=0x55f6e2f0b3e0, data=float, op=sum, group=0, num_host=1, algo=ring
[12:01:04][7273eb5a9391][21:163][DBG][XCCL][kl3_all_reduce.cpp:46] func traced: [all_reduce] xlink_ring_all_reduce_single_node
[12:01:04][7273eb5a9391][21:163][DBG][XCCL][kl3_all_reduce.cpp:94] send buf addr 0x4004000000/0x402408e000 count 6
[12:01:04][7273eb5a9391][21:21][DBG][XCCL][helper.cpp:301] all_reduce: ctx=0x55f6e31f7fe0, seq_id=5, rank=0, nranks=2, dev=0, send=0x4004000000, recv=0x4004000000, cnt=67108864, root=-1, peer=-1, stream=0x55f6e2f0b3e0, data=float, op=sum, group=0, num_host=1, algo=ring
[12:01:04][7273eb5a9391][21:163][DBG][XCCL][kl3_all_reduce.cpp:46] func traced: [all_reduce] xlink_ring_all_reduce_single_node
[12:01:04][7273eb5a9391][21:163][DBG][XCCL][kl3_all_reduce.cpp:94] send buf addr 0x4004000000/0x402408e000 count 6
[12:01:04][7273eb5a9391][21:21][DBG][XCCL][helper.cpp:301] all_reduce: ctx=0x55f6e31f7fe0, seq_id=6, rank=0, nranks=2, dev=0, send=0x4004000000, recv=0x4004000000, cnt=67108864, root=-1, peer=-1, stream=0x55f6e2f0b3e0, data=float, op=sum, group=0, num_host=1, algo=ring
[12:01:04][7273eb5a9391][21:163][DBG][XCCL][kl3_all_reduce.cpp:46] func traced: [all_reduce] xlink_ring_all_reduce_single_node
[12:01:04][7273eb5a9391][21:163][DBG][XCCL][kl3_all_reduce.cpp:94] send buf addr 0x4004000000/0x402408e000 count 6
[12:01:04][7273eb5a9391][21:21][DBG][XCCL][helper.cpp:301] all_reduce: ctx=0x55f6e31f7fe0, seq_id=7, rank=0, nranks=2, dev=0, send=0x4004000000, recv=0x4004000000, cnt=67108864, root=-1, peer=-1, stream=0x55f6e2f0b3e0, data=float, op=sum, group=0, num_host=1, algo=ring
[12:01:04][7273eb5a9391][21:163][DBG][XCCL][kl3_all_reduce.cpp:46] func traced: [all_reduce] xlink_ring_all_reduce_single_node
[12:01:04][7273eb5a9391][21:163][DBG][XCCL][kl3_all_reduce.cpp:94] send buf addr 0x4004000000/0x402408e000 count 6
[12:01:04][7273eb5a9391][21:21][DBG][XCCL][helper.cpp:301] all_reduce: ctx=0x55f6e31f7fe0, seq_id=8, rank=0, nranks=2, dev=0, send=0x4004000000, recv=0x4004000000, cnt=67108864, root=-1, peer=-1, stream=0x55f6e2f0b3e0, data=float, op=sum, group=0, num_host=1, algo=ring
[12:01:04][7273eb5a9391][21:163][DBG][XCCL][kl3_all_reduce.cpp:46] func traced: [all_reduce] xlink_ring_all_reduce_single_node
[12:01:04][7273eb5a9391][21:163][DBG][XCCL][kl3_all_reduce.cpp:94] send buf addr 0x4004000000/0x402408e000 count 6
[12:01:04][7273eb5a9391][21:21][DBG][XCCL][helper.cpp:301] all_reduce: ctx=0x55f6e31f7fe0, seq_id=9, rank=0, nranks=2, dev=0, send=0x4004000000, recv=0x4004000000, cnt=67108864, root=-1, peer=-1, stream=0x55f6e2f0b3e0, data=float, op=sum, group=0, num_host=1, algo=ring
[12:01:04][7273eb5a9391][21:163][DBG][XCCL][kl3_all_reduce.cpp:46] func traced: [all_reduce] xlink_ring_all_reduce_single_node
[12:01:04][7273eb5a9391][21:163][DBG][XCCL][kl3_all_reduce.cpp:94] send buf addr 0x4004000000/0x402408e000 count 6
[12:01:04][7273eb5a9391][21:21][DBG][XCCL][helper.cpp:301] all_reduce: ctx=0x55f6e31f7fe0, seq_id=10, rank=0, nranks=2, dev=0, send=0x4004000000, recv=0x4004000000, cnt=67108864, root=-1, peer=-1, stream=0x55f6e2f0b3e0, data=float, op=sum, group=0, num_host=1, algo=ring
[12:01:04][7273eb5a9391][21:163][DBG][XCCL][kl3_all_reduce.cpp:46] func traced: [all_reduce] xlink_ring_all_reduce_single_node
[12:01:04][7273eb5a9391][21:163][DBG][XCCL][kl3_all_reduce.cpp:94] send buf addr 0x4004000000/0x402408e000 count 6
[12:01:04][7273eb5a9391][21:21][DBG][XCCL][helper.cpp:301] all_reduce: ctx=0x55f6e31f7fe0, seq_id=11, rank=0, nranks=2, dev=0, send=0x4004000000, recv=0x4004000000, cnt=67108864, root=-1, peer=-1, stream=0x55f6e2f0b3e0, data=float, op=sum, group=0, num_host=1, algo=ring
[12:01:04][7273eb5a9391][21:163][DBG][XCCL][kl3_all_reduce.cpp:46] func traced: [all_reduce] xlink_ring_all_reduce_single_node
[12:01:04][7273eb5a9391][21:163][DBG][XCCL][kl3_all_reduce.cpp:94] send buf addr 0x4004000000/0x402408e000 count 6
[12:01:04][7273eb5a9391][21:21][DBG][XCCL][helper.cpp:301] all_reduce: ctx=0x55f6e31f7fe0, seq_id=12, rank=0, nranks=2, dev=0, send=0x4004000000, recv=0x4004000000, cnt=67108864, root=-1, peer=-1, stream=0x55f6e2f0b3e0, data=float, op=sum, group=0, num_host=1, algo=ring
[12:01:04][7273eb5a9391][21:163][DBG][XCCL][kl3_all_reduce.cpp:46] func traced: [all_reduce] xlink_ring_all_reduce_single_node
[12:01:04][7273eb5a9391][21:163][DBG][XCCL][kl3_all_reduce.cpp:94] send buf addr 0x4004000000/0x402408e000 count 6
[12:01:04][7273eb5a9391][21:21][DBG][XCCL][helper.cpp:301] all_reduce: ctx=0x55f6e31f7fe0, seq_id=13, rank=0, nranks=2, dev=0, send=0x4004000000, recv=0x4004000000, cnt=67108864, root=-1, peer=-1, stream=0x55f6e2f0b3e0, data=float, op=sum, group=0, num_host=1, algo=ring
[12:01:04][7273eb5a9391][21:163][DBG][XCCL][kl3_all_reduce.cpp:46] func traced: [all_reduce] xlink_ring_all_reduce_single_node
[12:01:04][7273eb5a9391][21:163][DBG][XCCL][kl3_all_reduce.cpp:94] send buf addr 0x4004000000/0x402408e000 count 6
[12:01:04][7273eb5a9391][21:21][DBG][XCCL][helper.cpp:301] all_reduce: ctx=0x55f6e31f7fe0, seq_id=14, rank=0, nranks=2, dev=0, send=0x4004000000, recv=0x4004000000, cnt=67108864, root=-1, peer=-1, stream=0x55f6e2f0b3e0, data=float, op=sum, group=0, num_host=1, algo=ring
[12:01:04][7273eb5a9391][21:163][DBG][XCCL][kl3_all_reduce.cpp:46] func traced: [all_reduce] xlink_ring_all_reduce_single_node
[12:01:04][7273eb5a9391][21:163][DBG][XCCL][kl3_all_reduce.cpp:94] send buf addr 0x4004000000/0x402408e000 count 6
[12:01:04][7273eb5a9391][21:21][DBG][XCCL][helper.cpp:301] all_reduce: ctx=0x55f6e31f7fe0, seq_id=15, rank=0, nranks=2, dev=0, send=0x4004000000, recv=0x4004000000, cnt=67108864, root=-1, peer=-1, stream=0x55f6e2f0b3e0, data=float, op=sum, group=0, num_host=1, algo=ring
[12:01:04][7273eb5a9391][21:163][DBG][XCCL][kl3_all_reduce.cpp:46] func traced: [all_reduce] xlink_ring_all_reduce_single_node
[12:01:04][7273eb5a9391][21:163][DBG][XCCL][kl3_all_reduce.cpp:94] send buf addr 0x4004000000/0x402408e000 count 6
[12:01:04][7273eb5a9391][21:21][DBG][XCCL][helper.cpp:301] all_reduce: ctx=0x55f6e31f7fe0, seq_id=16, rank=0, nranks=2, dev=0, send=0x4004000000, recv=0x4004000000, cnt=67108864, root=-1, peer=-1, stream=0x55f6e2f0b3e0, data=float, op=sum, group=0, num_host=1, algo=ring
[12:01:04][7273eb5a9391][21:163][DBG][XCCL][kl3_all_reduce.cpp:46] func traced: [all_reduce] xlink_ring_all_reduce_single_node
[12:01:04][7273eb5a9391][21:163][DBG][XCCL][kl3_all_reduce.cpp:94] send buf addr 0x4004000000/0x402408e000 count 6
[12:01:04][7273eb5a9391][21:21][DBG][XCCL][helper.cpp:301] all_reduce: ctx=0x55f6e31f7fe0, seq_id=17, rank=0, nranks=2, dev=0, send=0x4004000000, recv=0x4004000000, cnt=67108864, root=-1, peer=-1, stream=0x55f6e2f0b3e0, data=float, op=sum, group=0, num_host=1, algo=ring
[12:01:04][7273eb5a9391][21:163][DBG][XCCL][kl3_all_reduce.cpp:46] func traced: [all_reduce] xlink_ring_all_reduce_single_node
[12:01:04][7273eb5a9391][21:163][DBG][XCCL][kl3_all_reduce.cpp:94] send buf addr 0x4004000000/0x402408e000 count 6
[12:01:04][7273eb5a9391][21:21][DBG][XCCL][helper.cpp:301] all_reduce: ctx=0x55f6e31f7fe0, seq_id=18, rank=0, nranks=2, dev=0, send=0x4004000000, recv=0x4004000000, cnt=67108864, root=-1, peer=-1, stream=0x55f6e2f0b3e0, data=float, op=sum, group=0, num_host=1, algo=ring
[12:01:04][7273eb5a9391][21:163][DBG][XCCL][kl3_all_reduce.cpp:46] func traced: [all_reduce] xlink_ring_all_reduce_single_node
[12:01:04][7273eb5a9391][21:163][DBG][XCCL][kl3_all_reduce.cpp:94] send buf addr 0x4004000000/0x402408e000 count 6
[12:01:04][7273eb5a9391][21:21][DBG][XCCL][helper.cpp:301] all_reduce: ctx=0x55f6e31f7fe0, seq_id=19, rank=0, nranks=2, dev=0, send=0x4004000000, recv=0x4004000000, cnt=67108864, root=-1, peer=-1, stream=0x55f6e2f0b3e0, data=float, op=sum, group=0, num_host=1, algo=ring
[12:01:04][7273eb5a9391][21:163][DBG][XCCL][kl3_all_reduce.cpp:46] func traced: [all_reduce] xlink_ring_all_reduce_single_node
[12:01:04][7273eb5a9391][21:163][DBG][XCCL][kl3_all_reduce.cpp:94] send buf addr 0x4004000000/0x402408e000 count 6
[12:01:04][7273eb5a9391][21:21][DBG][XCCL][helper.cpp:301] all_reduce: ctx=0x55f6e31f7fe0, seq_id=20, rank=0, nranks=2, dev=0, send=0x4004000000, recv=0x4004000000, cnt=67108864, root=-1, peer=-1, stream=0x55f6e2f0b3e0, data=float, op=sum, group=0, num_host=1, algo=ring
[12:01:04][7273eb5a9391][21:163][DBG][XCCL][kl3_all_reduce.cpp:46] func traced: [all_reduce] xlink_ring_all_reduce_single_node
[12:01:04][7273eb5a9391][21:163][DBG][XCCL][kl3_all_reduce.cpp:94] send buf addr 0x4004000000/0x402408e000 count 6
[12:01:04][7273eb5a9391][21:21][DBG][XCCL][helper.cpp:301] all_reduce: ctx=0x55f6e31f7fe0, seq_id=21, rank=0, nranks=2, dev=0, send=0x4004000000, recv=0x4004000000, cnt=67108864, root=-1, peer=-1, stream=0x55f6e2f0b3e0, data=float, op=sum, group=0, num_host=1, algo=ring
[12:01:04][7273eb5a9391][21:163][DBG][XCCL][kl3_all_reduce.cpp:46] func traced: [all_reduce] xlink_ring_all_reduce_single_node
[12:01:04][7273eb5a9391][21:163][DBG][XCCL][kl3_all_reduce.cpp:94] send buf addr 0x4004000000/0x402408e000 count 6
[12:01:04][7273eb5a9391][21:21][DBG][XCCL][helper.cpp:301] all_reduce: ctx=0x55f6e31f7fe0, seq_id=22, rank=0, nranks=2, dev=0, send=0x4004000000, recv=0x4004000000, cnt=67108864, root=-1, peer=-1, stream=0x55f6e2f0b3e0, data=float, op=sum, group=0, num_host=1, algo=ring
[12:01:04][7273eb5a9391][21:163][DBG][XCCL][kl3_all_reduce.cpp:46] func traced: [all_reduce] xlink_ring_all_reduce_single_node
[12:01:04][7273eb5a9391][21:163][DBG][XCCL][kl3_all_reduce.cpp:94] send buf addr 0x4004000000/0x402408e000 count 6
[12:01:04][7273eb5a9391][21:21][DBG][XCCL][helper.cpp:301] all_reduce: ctx=0x55f6e31f7fe0, seq_id=23, rank=0, nranks=2, dev=0, send=0x4004000000, recv=0x4004000000, cnt=67108864, root=-1, peer=-1, stream=0x55f6e2f0b3e0, data=float, op=sum, group=0, num_host=1, algo=ring
[12:01:04][7273eb5a9391][21:163][DBG][XCCL][kl3_all_reduce.cpp:46] func traced: [all_reduce] xlink_ring_all_reduce_single_node
[12:01:04][7273eb5a9391][21:163][DBG][XCCL][kl3_all_reduce.cpp:94] send buf addr 0x4004000000/0x402408e000 count 6
[12:01:04][7273eb5a9391][21:21][DBG][XCCL][helper.cpp:301] all_reduce: ctx=0x55f6e31f7fe0, seq_id=24, rank=0, nranks=2, dev=0, send=0x4004000000, recv=0x4004000000, cnt=67108864, root=-1, peer=-1, stream=0x55f6e2f0b3e0, data=float, op=sum, group=0, num_host=1, algo=ring
[12:01:04][7273eb5a9391][21:163][DBG][XCCL][kl3_all_reduce.cpp:46] func traced: [all_reduce] xlink_ring_all_reduce_single_node
[12:01:04][7273eb5a9391][21:163][DBG][XCCL][kl3_all_reduce.cpp:94] send buf addr 0x4004000000/0x402408e000 count 6
[12:01:04][7273eb5a9391][21:21][DBG][XCCL][helper.cpp:301] all_reduce: ctx=0x55f6e31f7fe0, seq_id=25, rank=0, nranks=2, dev=0, send=0x4004000000, recv=0x4004000000, cnt=67108864, root=-1, peer=-1, stream=0x55f6e2f0b3e0, data=float, op=sum, group=0, num_host=1, algo=ring
[12:01:04][7273eb5a9391][21:163][DBG][XCCL][kl3_all_reduce.cpp:46] func traced: [all_reduce] xlink_ring_all_reduce_single_node
[12:01:04][7273eb5a9391][21:163][DBG][XCCL][kl3_all_reduce.cpp:94] send buf addr 0x4004000000/0x402408e000 count 6
[12:01:04][7273eb5a9391][21:21][DBG][XCCL][helper.cpp:301] all_reduce: ctx=0x55f6e31f7fe0, seq_id=26, rank=0, nranks=2, dev=0, send=0x4004000000, recv=0x4004000000, cnt=67108864, root=-1, peer=-1, stream=0x55f6e2f0b3e0, data=float, op=sum, group=0, num_host=1, algo=ring
[12:01:04][7273eb5a9391][21:163][DBG][XCCL][kl3_all_reduce.cpp:46] func traced: [all_reduce] xlink_ring_all_reduce_single_node
[12:01:04][7273eb5a9391][21:163][DBG][XCCL][kl3_all_reduce.cpp:94] send buf addr 0x4004000000/0x402408e000 count 6
[12:01:04][7273eb5a9391][21:21][DBG][XCCL][helper.cpp:301] all_reduce: ctx=0x55f6e31f7fe0, seq_id=27, rank=0, nranks=2, dev=0, send=0x4004000000, recv=0x4004000000, cnt=67108864, root=-1, peer=-1, stream=0x55f6e2f0b3e0, data=float, op=sum, group=0, num_host=1, algo=ring
[12:01:04][7273eb5a9391][21:163][DBG][XCCL][kl3_all_reduce.cpp:46] func traced: [all_reduce] xlink_ring_all_reduce_single_node
[12:01:04][7273eb5a9391][21:163][DBG][XCCL][kl3_all_reduce.cpp:94] send buf addr 0x4004000000/0x402408e000 count 6
[12:01:04][7273eb5a9391][21:21][DBG][XCCL][helper.cpp:301] all_reduce: ctx=0x55f6e31f7fe0, seq_id=28, rank=0, nranks=2, dev=0, send=0x4004000000, recv=0x4004000000, cnt=67108864, root=-1, peer=-1, stream=0x55f6e2f0b3e0, data=float, op=sum, group=0, num_host=1, algo=ring
[12:01:04][7273eb5a9391][21:163][DBG][XCCL][kl3_all_reduce.cpp:46] func traced: [all_reduce] xlink_ring_all_reduce_single_node
[12:01:04][7273eb5a9391][21:163][DBG][XCCL][kl3_all_reduce.cpp:94] send buf addr 0x4004000000/0x402408e000 count 6
[12:01:04][7273eb5a9391][21:21][DBG][XCCL][helper.cpp:301] all_reduce: ctx=0x55f6e31f7fe0, seq_id=29, rank=0, nranks=2, dev=0, send=0x4004000000, recv=0x4004000000, cnt=67108864, root=-1, peer=-1, stream=0x55f6e2f0b3e0, data=float, op=sum, group=0, num_host=1, algo=ring
[12:01:04][7273eb5a9391][21:163][DBG][XCCL][kl3_all_reduce.cpp:46] func traced: [all_reduce] xlink_ring_all_reduce_single_node
[12:01:04][7273eb5a9391][21:163][DBG][XCCL][kl3_all_reduce.cpp:94] send buf addr 0x4004000000/0x402408e000 count 6
[12:01:04][7273eb5a9391][21:21][DBG][XCCL][helper.cpp:301] all_reduce: ctx=0x55f6e31f7fe0, seq_id=30, rank=0, nranks=2, dev=0, send=0x4004000000, recv=0x4004000000, cnt=67108864, root=-1, peer=-1, stream=0x55f6e2f0b3e0, data=float, op=sum, group=0, num_host=1, algo=ring
[12:01:04][7273eb5a9391][21:163][DBG][XCCL][kl3_all_reduce.cpp:46] func traced: [all_reduce] xlink_ring_all_reduce_single_node
[12:01:04][7273eb5a9391][21:163][DBG][XCCL][kl3_all_reduce.cpp:94] send buf addr 0x4004000000/0x402408e000 count 6
[12:01:04][7273eb5a9391][21:21][DBG][XCCL][helper.cpp:301] all_reduce: ctx=0x55f6e31f7fe0, seq_id=31, rank=0, nranks=2, dev=0, send=0x4004000000, recv=0x4004000000, cnt=67108864, root=-1, peer=-1, stream=0x55f6e2f0b3e0, data=float, op=sum, group=0, num_host=1, algo=ring
[12:01:04][7273eb5a9391][21:163][DBG][XCCL][kl3_all_reduce.cpp:46] func traced: [all_reduce] xlink_ring_all_reduce_single_node
[12:01:04][7273eb5a9391][21:163][DBG][XCCL][kl3_all_reduce.cpp:94] send buf addr 0x4004000000/0x402408e000 count 6
[12:01:04][7273eb5a9391][21:21][DBG][XCCL][helper.cpp:301] all_reduce: ctx=0x55f6e31f7fe0, seq_id=32, rank=0, nranks=2, dev=0, send=0x4004000000, recv=0x4004000000, cnt=67108864, root=-1, peer=-1, stream=0x55f6e2f0b3e0, data=float, op=sum, group=0, num_host=1, algo=ring
[12:01:04][7273eb5a9391][21:163][DBG][XCCL][kl3_all_reduce.cpp:46] func traced: [all_reduce] xlink_ring_all_reduce_single_node
[12:01:04][7273eb5a9391][21:163][DBG][XCCL][kl3_all_reduce.cpp:94] send buf addr 0x4004000000/0x402408e000 count 6
[12:01:04][7273eb5a9391][21:21][DBG][XCCL][helper.cpp:301] all_reduce: ctx=0x55f6e31f7fe0, seq_id=33, rank=0, nranks=2, dev=0, send=0x4004000000, recv=0x4004000000, cnt=67108864, root=-1, peer=-1, stream=0x55f6e2f0b3e0, data=float, op=sum, group=0, num_host=1, algo=ring
[12:01:04][7273eb5a9391][21:163][DBG][XCCL][kl3_all_reduce.cpp:46] func traced: [all_reduce] xlink_ring_all_reduce_single_node
[12:01:04][7273eb5a9391][21:163][DBG][XCCL][kl3_all_reduce.cpp:94] send buf addr 0x4004000000/0x402408e000 count 6
[12:01:04][7273eb5a9391][21:21][DBG][XCCL][helper.cpp:301] all_reduce: ctx=0x55f6e31f7fe0, seq_id=34, rank=0, nranks=2, dev=0, send=0x4004000000, recv=0x4004000000, cnt=67108864, root=-1, peer=-1, stream=0x55f6e2f0b3e0, data=float, op=sum, group=0, num_host=1, algo=ring
[12:01:04][7273eb5a9391][21:163][DBG][XCCL][kl3_all_reduce.cpp:46] func traced: [all_reduce] xlink_ring_all_reduce_single_node
[12:01:04][7273eb5a9391][21:163][DBG][XCCL][kl3_all_reduce.cpp:94] send buf addr 0x4004000000/0x402408e000 count 6
[12:01:04][7273eb5a9391][21:21][DBG][XCCL][helper.cpp:301] all_reduce: ctx=0x55f6e31f7fe0, seq_id=35, rank=0, nranks=2, dev=0, send=0x4004000000, recv=0x4004000000, cnt=67108864, root=-1, peer=-1, stream=0x55f6e2f0b3e0, data=float, op=sum, group=0, num_host=1, algo=ring
[12:01:04][7273eb5a9391][21:163][DBG][XCCL][kl3_all_reduce.cpp:46] func traced: [all_reduce] xlink_ring_all_reduce_single_node
[12:01:04][7273eb5a9391][21:163][DBG][XCCL][kl3_all_reduce.cpp:94] send buf addr 0x4004000000/0x402408e000 count 6
[12:01:04][7273eb5a9391][21:21][DBG][XCCL][helper.cpp:301] all_reduce: ctx=0x55f6e31f7fe0, seq_id=36, rank=0, nranks=2, dev=0, send=0x4004000000, recv=0x4004000000, cnt=67108864, root=-1, peer=-1, stream=0x55f6e2f0b3e0, data=float, op=sum, group=0, num_host=1, algo=ring
[12:01:04][7273eb5a9391][21:163][DBG][XCCL][kl3_all_reduce.cpp:46] func traced: [all_reduce] xlink_ring_all_reduce_single_node
[12:01:04][7273eb5a9391][21:163][DBG][XCCL][kl3_all_reduce.cpp:94] send buf addr 0x4004000000/0x402408e000 count 6
[12:01:04][7273eb5a9391][21:21][DBG][XCCL][helper.cpp:301] all_reduce: ctx=0x55f6e31f7fe0, seq_id=37, rank=0, nranks=2, dev=0, send=0x4004000000, recv=0x4004000000, cnt=67108864, root=-1, peer=-1, stream=0x55f6e2f0b3e0, data=float, op=sum, group=0, num_host=1, algo=ring
[12:01:04][7273eb5a9391][21:163][DBG][XCCL][kl3_all_reduce.cpp:46] func traced: [all_reduce] xlink_ring_all_reduce_single_node
[12:01:04][7273eb5a9391][21:163][DBG][XCCL][kl3_all_reduce.cpp:94] send buf addr 0x4004000000/0x402408e000 count 6
[12:01:04][7273eb5a9391][21:21][DBG][XCCL][helper.cpp:301] all_reduce: ctx=0x55f6e31f7fe0, seq_id=38, rank=0, nranks=2, dev=0, send=0x4004000000, recv=0x4004000000, cnt=67108864, root=-1, peer=-1, stream=0x55f6e2f0b3e0, data=float, op=sum, group=0, num_host=1, algo=ring
[12:01:04][7273eb5a9391][21:163][DBG][XCCL][kl3_all_reduce.cpp:46] func traced: [all_reduce] xlink_ring_all_reduce_single_node
[12:01:04][7273eb5a9391][21:163][DBG][XCCL][kl3_all_reduce.cpp:94] send buf addr 0x4004000000/0x402408e000 count 6
[12:01:04][7273eb5a9391][21:21][DBG][XCCL][helper.cpp:301] all_reduce: ctx=0x55f6e31f7fe0, seq_id=39, rank=0, nranks=2, dev=0, send=0x4004000000, recv=0x4004000000, cnt=67108864, root=-1, peer=-1, stream=0x55f6e2f0b3e0, data=float, op=sum, group=0, num_host=1, algo=ring
[12:01:04][7273eb5a9391][21:163][DBG][XCCL][kl3_all_reduce.cpp:46] func traced: [all_reduce] xlink_ring_all_reduce_single_node
[12:01:04][7273eb5a9391][21:163][DBG][XCCL][kl3_all_reduce.cpp:94] send buf addr 0x4004000000/0x402408e000 count 6
[12:01:04][7273eb5a9391][21:21][DBG][XCCL][helper.cpp:301] all_reduce: ctx=0x55f6e31f7fe0, seq_id=40, rank=0, nranks=2, dev=0, send=0x4004000000, recv=0x4004000000, cnt=67108864, root=-1, peer=-1, stream=0x55f6e2f0b3e0, data=float, op=sum, group=0, num_host=1, algo=ring
[12:01:04][7273eb5a9391][21:163][DBG][XCCL][kl3_all_reduce.cpp:46] func traced: [all_reduce] xlink_ring_all_reduce_single_node
[12:01:04][7273eb5a9391][21:163][DBG][XCCL][kl3_all_reduce.cpp:94] send buf addr 0x4004000000/0x402408e000 count 6
[12:01:04][7273eb5a9391][21:21][DBG][XCCL][helper.cpp:301] all_reduce: ctx=0x55f6e31f7fe0, seq_id=41, rank=0, nranks=2, dev=0, send=0x4004000000, recv=0x4004000000, cnt=67108864, root=-1, peer=-1, stream=0x55f6e2f0b3e0, data=float, op=sum, group=0, num_host=1, algo=ring
[12:01:04][7273eb5a9391][21:163][DBG][XCCL][kl3_all_reduce.cpp:46] func traced: [all_reduce] xlink_ring_all_reduce_single_node
[12:01:04][7273eb5a9391][21:163][DBG][XCCL][kl3_all_reduce.cpp:94] send buf addr 0x4004000000/0x402408e000 count 6
[12:01:04][7273eb5a9391][21:21][DBG][XCCL][helper.cpp:301] all_reduce: ctx=0x55f6e31f7fe0, seq_id=42, rank=0, nranks=2, dev=0, send=0x4004000000, recv=0x4004000000, cnt=67108864, root=-1, peer=-1, stream=0x55f6e2f0b3e0, data=float, op=sum, group=0, num_host=1, algo=ring
[12:01:04][7273eb5a9391][21:163][DBG][XCCL][kl3_all_reduce.cpp:46] func traced: [all_reduce] xlink_ring_all_reduce_single_node
[12:01:04][7273eb5a9391][21:163][DBG][XCCL][kl3_all_reduce.cpp:94] send buf addr 0x4004000000/0x402408e000 count 6
[12:01:04][7273eb5a9391][21:21][DBG][XCCL][helper.cpp:301] all_reduce: ctx=0x55f6e31f7fe0, seq_id=43, rank=0, nranks=2, dev=0, send=0x4004000000, recv=0x4004000000, cnt=67108864, root=-1, peer=-1, stream=0x55f6e2f0b3e0, data=float, op=sum, group=0, num_host=1, algo=ring
[12:01:04][7273eb5a9391][21:163][DBG][XCCL][kl3_all_reduce.cpp:46] func traced: [all_reduce] xlink_ring_all_reduce_single_node
[12:01:04][7273eb5a9391][21:163][DBG][XCCL][kl3_all_reduce.cpp:94] send buf addr 0x4004000000/0x402408e000 count 6
[12:01:04][7273eb5a9391][21:21][DBG][XCCL][helper.cpp:301] all_reduce: ctx=0x55f6e31f7fe0, seq_id=44, rank=0, nranks=2, dev=0, send=0x4004000000, recv=0x4004000000, cnt=67108864, root=-1, peer=-1, stream=0x55f6e2f0b3e0, data=float, op=sum, group=0, num_host=1, algo=ring
[12:01:04][7273eb5a9391][21:163][DBG][XCCL][kl3_all_reduce.cpp:46] func traced: [all_reduce] xlink_ring_all_reduce_single_node
[12:01:04][7273eb5a9391][21:163][DBG][XCCL][kl3_all_reduce.cpp:94] send buf addr 0x4004000000/0x402408e000 count 6
[12:01:04][7273eb5a9391][21:21][DBG][XCCL][helper.cpp:301] all_reduce: ctx=0x55f6e31f7fe0, seq_id=45, rank=0, nranks=2, dev=0, send=0x4004000000, recv=0x4004000000, cnt=67108864, root=-1, peer=-1, stream=0x55f6e2f0b3e0, data=float, op=sum, group=0, num_host=1, algo=ring
[12:01:04][7273eb5a9391][21:163][DBG][XCCL][kl3_all_reduce.cpp:46] func traced: [all_reduce] xlink_ring_all_reduce_single_node
[12:01:04][7273eb5a9391][21:163][DBG][XCCL][kl3_all_reduce.cpp:94] send buf addr 0x4004000000/0x402408e000 count 6
[12:01:04][7273eb5a9391][21:21][DBG][XCCL][helper.cpp:301] all_reduce: ctx=0x55f6e31f7fe0, seq_id=46, rank=0, nranks=2, dev=0, send=0x4004000000, recv=0x4004000000, cnt=67108864, root=-1, peer=-1, stream=0x55f6e2f0b3e0, data=float, op=sum, group=0, num_host=1, algo=ring
[12:01:04][7273eb5a9391][21:163][DBG][XCCL][kl3_all_reduce.cpp:46] func traced: [all_reduce] xlink_ring_all_reduce_single_node
[12:01:04][7273eb5a9391][21:163][DBG][XCCL][kl3_all_reduce.cpp:94] send buf addr 0x4004000000/0x402408e000 count 6
[12:01:04][7273eb5a9391][21:21][DBG][XCCL][helper.cpp:301] all_reduce: ctx=0x55f6e31f7fe0, seq_id=47, rank=0, nranks=2, dev=0, send=0x4004000000, recv=0x4004000000, cnt=67108864, root=-1, peer=-1, stream=0x55f6e2f0b3e0, data=float, op=sum, group=0, num_host=1, algo=ring
[12:01:04][7273eb5a9391][21:163][DBG][XCCL][kl3_all_reduce.cpp:46] func traced: [all_reduce] xlink_ring_all_reduce_single_node
[12:01:04][7273eb5a9391][21:163][DBG][XCCL][kl3_all_reduce.cpp:94] send buf addr 0x4004000000/0x402408e000 count 6
[12:01:04][7273eb5a9391][21:21][DBG][XCCL][helper.cpp:301] all_reduce: ctx=0x55f6e31f7fe0, seq_id=48, rank=0, nranks=2, dev=0, send=0x4004000000, recv=0x4004000000, cnt=67108864, root=-1, peer=-1, stream=0x55f6e2f0b3e0, data=float, op=sum, group=0, num_host=1, algo=ring
[12:01:04][7273eb5a9391][21:163][DBG][XCCL][kl3_all_reduce.cpp:46] func traced: [all_reduce] xlink_ring_all_reduce_single_node
[12:01:04][7273eb5a9391][21:163][DBG][XCCL][kl3_all_reduce.cpp:94] send buf addr 0x4004000000/0x402408e000 count 6
[12:01:04][7273eb5a9391][21:21][DBG][XCCL][helper.cpp:301] all_reduce: ctx=0x55f6e31f7fe0, seq_id=49, rank=0, nranks=2, dev=0, send=0x4004000000, recv=0x4004000000, cnt=67108864, root=-1, peer=-1, stream=0x55f6e2f0b3e0, data=float, op=sum, group=0, num_host=1, algo=ring
[12:01:04][7273eb5a9391][21:163][DBG][XCCL][kl3_all_reduce.cpp:46] func traced: [all_reduce] xlink_ring_all_reduce_single_node
[12:01:04][7273eb5a9391][21:163][DBG][XCCL][kl3_all_reduce.cpp:94] send buf addr 0x4004000000/0x402408e000 count 6
[12:01:04][7273eb5a9391][21:21][DBG][XCCL][helper.cpp:301] all_reduce: ctx=0x55f6e31f7fe0, seq_id=50, rank=0, nranks=2, dev=0, send=0x4004000000, recv=0x4004000000, cnt=67108864, root=-1, peer=-1, stream=0x55f6e2f0b3e0, data=float, op=sum, group=0, num_host=1, algo=ring
[12:01:04][7273eb5a9391][21:163][DBG][XCCL][kl3_all_reduce.cpp:46] func traced: [all_reduce] xlink_ring_all_reduce_single_node
[12:01:04][7273eb5a9391][21:163][DBG][XCCL][kl3_all_reduce.cpp:94] send buf addr 0x4004000000/0x402408e000 count 6
[12:01:04][7273eb5a9391][21:21][DBG][XCCL][helper.cpp:301] all_reduce: ctx=0x55f6e31f7fe0, seq_id=51, rank=0, nranks=2, dev=0, send=0x4004000000, recv=0x4004000000, cnt=67108864, root=-1, peer=-1, stream=0x55f6e2f0b3e0, data=float, op=sum, group=0, num_host=1, algo=ring
[12:01:04][7273eb5a9391][21:163][DBG][XCCL][kl3_all_reduce.cpp:46] func traced: [all_reduce] xlink_ring_all_reduce_single_node
[12:01:04][7273eb5a9391][21:163][DBG][XCCL][kl3_all_reduce.cpp:94] send buf addr 0x4004000000/0x402408e000 count 6
[12:01:04][7273eb5a9391][21:21][DBG][XCCL][helper.cpp:301] all_reduce: ctx=0x55f6e31f7fe0, seq_id=52, rank=0, nranks=2, dev=0, send=0x4004000000, recv=0x4004000000, cnt=67108864, root=-1, peer=-1, stream=0x55f6e2f0b3e0, data=float, op=sum, group=0, num_host=1, algo=ring
[12:01:04][7273eb5a9391][21:163][DBG][XCCL][kl3_all_reduce.cpp:46] func traced: [all_reduce] xlink_ring_all_reduce_single_node
[12:01:04][7273eb5a9391][21:163][DBG][XCCL][kl3_all_reduce.cpp:94] send buf addr 0x4004000000/0x402408e000 count 6
[12:01:04][7273eb5a9391][21:21][DBG][XCCL][helper.cpp:301] all_reduce: ctx=0x55f6e31f7fe0, seq_id=53, rank=0, nranks=2, dev=0, send=0x4004000000, recv=0x4004000000, cnt=67108864, root=-1, peer=-1, stream=0x55f6e2f0b3e0, data=float, op=sum, group=0, num_host=1, algo=ring
[12:01:04][7273eb5a9391][21:163][DBG][XCCL][kl3_all_reduce.cpp:46] func traced: [all_reduce] xlink_ring_all_reduce_single_node
[12:01:04][7273eb5a9391][21:163][DBG][XCCL][kl3_all_reduce.cpp:94] send buf addr 0x4004000000/0x402408e000 count 6
[12:01:04][7273eb5a9391][21:21][DBG][XCCL][helper.cpp:301] all_reduce: ctx=0x55f6e31f7fe0, seq_id=54, rank=0, nranks=2, dev=0, send=0x4004000000, recv=0x4004000000, cnt=67108864, root=-1, peer=-1, stream=0x55f6e2f0b3e0, data=float, op=sum, group=0, num_host=1, algo=ring
[12:01:04][7273eb5a9391][21:163][DBG][XCCL][kl3_all_reduce.cpp:46] func traced: [all_reduce] xlink_ring_all_reduce_single_node
[12:01:04][7273eb5a9391][21:163][DBG][XCCL][kl3_all_reduce.cpp:94] send buf addr 0x4004000000/0x402408e000 count 6
[12:01:04][7273eb5a9391][21:21][DBG][XCCL][helper.cpp:301] all_reduce: ctx=0x55f6e31f7fe0, seq_id=55, rank=0, nranks=2, dev=0, send=0x4004000000, recv=0x4004000000, cnt=67108864, root=-1, peer=-1, stream=0x55f6e2f0b3e0, data=float, op=sum, group=0, num_host=1, algo=ring
[12:01:04][7273eb5a9391][21:163][DBG][XCCL][kl3_all_reduce.cpp:46] func traced: [all_reduce] xlink_ring_all_reduce_single_node
[12:01:04][7273eb5a9391][21:163][DBG][XCCL][kl3_all_reduce.cpp:94] send buf addr 0x4004000000/0x402408e000 count 6
[12:01:04][7273eb5a9391][21:21][DBG][XCCL][helper.cpp:301] all_reduce: ctx=0x55f6e31f7fe0, seq_id=56, rank=0, nranks=2, dev=0, send=0x4004000000, recv=0x4004000000, cnt=67108864, root=-1, peer=-1, stream=0x55f6e2f0b3e0, data=float, op=sum, group=0, num_host=1, algo=ring
[12:01:04][7273eb5a9391][21:163][DBG][XCCL][kl3_all_reduce.cpp:46] func traced: [all_reduce] xlink_ring_all_reduce_single_node
[12:01:04][7273eb5a9391][21:163][DBG][XCCL][kl3_all_reduce.cpp:94] send buf addr 0x4004000000/0x402408e000 count 6
[12:01:04][7273eb5a9391][21:21][DBG][XCCL][helper.cpp:301] all_reduce: ctx=0x55f6e31f7fe0, seq_id=57, rank=0, nranks=2, dev=0, send=0x4004000000, recv=0x4004000000, cnt=67108864, root=-1, peer=-1, stream=0x55f6e2f0b3e0, data=float, op=sum, group=0, num_host=1, algo=ring
[12:01:04][7273eb5a9391][21:163][DBG][XCCL][kl3_all_reduce.cpp:46] func traced: [all_reduce] xlink_ring_all_reduce_single_node
[12:01:04][7273eb5a9391][21:163][DBG][XCCL][kl3_all_reduce.cpp:94] send buf addr 0x4004000000/0x402408e000 count 6
[12:01:04][7273eb5a9391][21:21][DBG][XCCL][helper.cpp:301] all_reduce: ctx=0x55f6e31f7fe0, seq_id=58, rank=0, nranks=2, dev=0, send=0x4004000000, recv=0x4004000000, cnt=67108864, root=-1, peer=-1, stream=0x55f6e2f0b3e0, data=float, op=sum, group=0, num_host=1, algo=ring
[12:01:04][7273eb5a9391][21:163][DBG][XCCL][kl3_all_reduce.cpp:46] func traced: [all_reduce] xlink_ring_all_reduce_single_node
[12:01:04][7273eb5a9391][21:163][DBG][XCCL][kl3_all_reduce.cpp:94] send buf addr 0x4004000000/0x402408e000 count 6
[12:01:04][7273eb5a9391][21:21][DBG][XCCL][helper.cpp:301] all_reduce: ctx=0x55f6e31f7fe0, seq_id=59, rank=0, nranks=2, dev=0, send=0x4004000000, recv=0x4004000000, cnt=67108864, root=-1, peer=-1, stream=0x55f6e2f0b3e0, data=float, op=sum, group=0, num_host=1, algo=ring
[12:01:04][7273eb5a9391][21:163][DBG][XCCL][kl3_all_reduce.cpp:46] func traced: [all_reduce] xlink_ring_all_reduce_single_node
[12:01:04][7273eb5a9391][21:163][DBG][XCCL][kl3_all_reduce.cpp:94] send buf addr 0x4004000000/0x402408e000 count 6
[12:01:04][7273eb5a9391][21:21][DBG][XCCL][helper.cpp:301] all_reduce: ctx=0x55f6e31f7fe0, seq_id=60, rank=0, nranks=2, dev=0, send=0x4004000000, recv=0x4004000000, cnt=67108864, root=-1, peer=-1, stream=0x55f6e2f0b3e0, data=float, op=sum, group=0, num_host=1, algo=ring
[12:01:04][7273eb5a9391][21:163][DBG][XCCL][kl3_all_reduce.cpp:46] func traced: [all_reduce] xlink_ring_all_reduce_single_node
[12:01:04][7273eb5a9391][21:163][DBG][XCCL][kl3_all_reduce.cpp:94] send buf addr 0x4004000000/0x402408e000 count 6
[12:01:04][7273eb5a9391][21:21][DBG][XCCL][helper.cpp:301] all_reduce: ctx=0x55f6e31f7fe0, seq_id=61, rank=0, nranks=2, dev=0, send=0x4004000000, recv=0x4004000000, cnt=67108864, root=-1, peer=-1, stream=0x55f6e2f0b3e0, data=float, op=sum, group=0, num_host=1, algo=ring
[12:01:04][7273eb5a9391][21:163][DBG][XCCL][kl3_all_reduce.cpp:46] func traced: [all_reduce] xlink_ring_all_reduce_single_node
[12:01:04][7273eb5a9391][21:163][DBG][XCCL][kl3_all_reduce.cpp:94] send buf addr 0x4004000000/0x402408e000 count 6
[12:01:04][7273eb5a9391][21:21][DBG][XCCL][helper.cpp:301] all_reduce: ctx=0x55f6e31f7fe0, seq_id=62, rank=0, nranks=2, dev=0, send=0x4004000000, recv=0x4004000000, cnt=67108864, root=-1, peer=-1, stream=0x55f6e2f0b3e0, data=float, op=sum, group=0, num_host=1, algo=ring
[12:01:04][7273eb5a9391][21:163][DBG][XCCL][kl3_all_reduce.cpp:46] func traced: [all_reduce] xlink_ring_all_reduce_single_node
[12:01:04][7273eb5a9391][21:163][DBG][XCCL][kl3_all_reduce.cpp:94] send buf addr 0x4004000000/0x402408e000 count 6
[12:01:04][7273eb5a9391][21:21][DBG][XCCL][helper.cpp:301] all_reduce: ctx=0x55f6e31f7fe0, seq_id=63, rank=0, nranks=2, dev=0, send=0x4004000000, recv=0x4004000000, cnt=67108864, root=-1, peer=-1, stream=0x55f6e2f0b3e0, data=float, op=sum, group=0, num_host=1, algo=ring
[12:01:04][7273eb5a9391][21:163][DBG][XCCL][kl3_all_reduce.cpp:46] func traced: [all_reduce] xlink_ring_all_reduce_single_node
[12:01:04][7273eb5a9391][21:163][DBG][XCCL][kl3_all_reduce.cpp:94] send buf addr 0x4004000000/0x402408e000 count 6
[12:01:04][7273eb5a9391][21:21][DBG][XCCL][helper.cpp:301] all_reduce: ctx=0x55f6e31f7fe0, seq_id=64, rank=0, nranks=2, dev=0, send=0x4004000000, recv=0x4004000000, cnt=67108864, root=-1, peer=-1, stream=0x55f6e2f0b3e0, data=float, op=sum, group=0, num_host=1, algo=ring
[12:01:04][7273eb5a9391][21:163][DBG][XCCL][kl3_all_reduce.cpp:46] func traced: [all_reduce] xlink_ring_all_reduce_single_node
[12:01:04][7273eb5a9391][21:163][DBG][XCCL][kl3_all_reduce.cpp:94] send buf addr 0x4004000000/0x402408e000 count 6
[12:01:04][7273eb5a9391][21:21][DBG][XCCL][helper.cpp:301] all_reduce: ctx=0x55f6e31f7fe0, seq_id=65, rank=0, nranks=2, dev=0, send=0x4004000000, recv=0x4004000000, cnt=67108864, root=-1, peer=-1, stream=0x55f6e2f0b3e0, data=float, op=sum, group=0, num_host=1, algo=ring
[12:01:04][7273eb5a9391][21:163][DBG][XCCL][kl3_all_reduce.cpp:46] func traced: [all_reduce] xlink_ring_all_reduce_single_node
[12:01:04][7273eb5a9391][21:163][DBG][XCCL][kl3_all_reduce.cpp:94] send buf addr 0x4004000000/0x402408e000 count 6
[12:01:04][7273eb5a9391][21:21][DBG][XCCL][helper.cpp:301] all_reduce: ctx=0x55f6e31f7fe0, seq_id=66, rank=0, nranks=2, dev=0, send=0x4004000000, recv=0x4004000000, cnt=67108864, root=-1, peer=-1, stream=0x55f6e2f0b3e0, data=float, op=sum, group=0, num_host=1, algo=ring
[12:01:04][7273eb5a9391][21:163][DBG][XCCL][kl3_all_reduce.cpp:46] func traced: [all_reduce] xlink_ring_all_reduce_single_node
[12:01:04][7273eb5a9391][21:163][DBG][XCCL][kl3_all_reduce.cpp:94] send buf addr 0x4004000000/0x402408e000 count 6
[12:01:04][7273eb5a9391][21:21][DBG][XCCL][helper.cpp:301] all_reduce: ctx=0x55f6e31f7fe0, seq_id=67, rank=0, nranks=2, dev=0, send=0x4004000000, recv=0x4004000000, cnt=67108864, root=-1, peer=-1, stream=0x55f6e2f0b3e0, data=float, op=sum, group=0, num_host=1, algo=ring
[12:01:04][7273eb5a9391][21:163][DBG][XCCL][kl3_all_reduce.cpp:46] func traced: [all_reduce] xlink_ring_all_reduce_single_node
[12:01:04][7273eb5a9391][21:163][DBG][XCCL][kl3_all_reduce.cpp:94] send buf addr 0x4004000000/0x402408e000 count 6
[12:01:04][7273eb5a9391][21:21][DBG][XCCL][helper.cpp:301] all_reduce: ctx=0x55f6e31f7fe0, seq_id=68, rank=0, nranks=2, dev=0, send=0x4004000000, recv=0x4004000000, cnt=67108864, root=-1, peer=-1, stream=0x55f6e2f0b3e0, data=float, op=sum, group=0, num_host=1, algo=ring
[12:01:04][7273eb5a9391][21:163][DBG][XCCL][kl3_all_reduce.cpp:46] func traced: [all_reduce] xlink_ring_all_reduce_single_node
[12:01:04][7273eb5a9391][21:163][DBG][XCCL][kl3_all_reduce.cpp:94] send buf addr 0x4004000000/0x402408e000 count 6
[12:01:04][7273eb5a9391][21:21][DBG][XCCL][helper.cpp:301] all_reduce: ctx=0x55f6e31f7fe0, seq_id=69, rank=0, nranks=2, dev=0, send=0x4004000000, recv=0x4004000000, cnt=67108864, root=-1, peer=-1, stream=0x55f6e2f0b3e0, data=float, op=sum, group=0, num_host=1, algo=ring
[12:01:04][7273eb5a9391][21:163][DBG][XCCL][kl3_all_reduce.cpp:46] func traced: [all_reduce] xlink_ring_all_reduce_single_node
[12:01:04][7273eb5a9391][21:163][DBG][XCCL][kl3_all_reduce.cpp:94] send buf addr 0x4004000000/0x402408e000 count 6
[12:01:04][7273eb5a9391][21:21][DBG][XCCL][helper.cpp:301] all_reduce: ctx=0x55f6e31f7fe0, seq_id=70, rank=0, nranks=2, dev=0, send=0x4004000000, recv=0x4004000000, cnt=67108864, root=-1, peer=-1, stream=0x55f6e2f0b3e0, data=float, op=sum, group=0, num_host=1, algo=ring
[12:01:04][7273eb5a9391][21:163][DBG][XCCL][kl3_all_reduce.cpp:46] func traced: [all_reduce] xlink_ring_all_reduce_single_node
[12:01:04][7273eb5a9391][21:163][DBG][XCCL][kl3_all_reduce.cpp:94] send buf addr 0x4004000000/0x402408e000 count 6
[12:01:04][7273eb5a9391][21:21][DBG][XCCL][helper.cpp:301] all_reduce: ctx=0x55f6e31f7fe0, seq_id=71, rank=0, nranks=2, dev=0, send=0x4004000000, recv=0x4004000000, cnt=67108864, root=-1, peer=-1, stream=0x55f6e2f0b3e0, data=float, op=sum, group=0, num_host=1, algo=ring
[12:01:04][7273eb5a9391][21:163][DBG][XCCL][kl3_all_reduce.cpp:46] func traced: [all_reduce] xlink_ring_all_reduce_single_node
[12:01:04][7273eb5a9391][21:163][DBG][XCCL][kl3_all_reduce.cpp:94] send buf addr 0x4004000000/0x402408e000 count 6
[12:01:04][7273eb5a9391][21:21][DBG][XCCL][helper.cpp:301] all_reduce: ctx=0x55f6e31f7fe0, seq_id=72, rank=0, nranks=2, dev=0, send=0x4004000000, recv=0x4004000000, cnt=67108864, root=-1, peer=-1, stream=0x55f6e2f0b3e0, data=float, op=sum, group=0, num_host=1, algo=ring
[12:01:04][7273eb5a9391][21:163][DBG][XCCL][kl3_all_reduce.cpp:46] func traced: [all_reduce] xlink_ring_all_reduce_single_node
[12:01:04][7273eb5a9391][21:163][DBG][XCCL][kl3_all_reduce.cpp:94] send buf addr 0x4004000000/0x402408e000 count 6
[12:01:04][7273eb5a9391][21:21][DBG][XCCL][helper.cpp:301] all_reduce: ctx=0x55f6e31f7fe0, seq_id=73, rank=0, nranks=2, dev=0, send=0x4004000000, recv=0x4004000000, cnt=67108864, root=-1, peer=-1, stream=0x55f6e2f0b3e0, data=float, op=sum, group=0, num_host=1, algo=ring
[12:01:04][7273eb5a9391][21:163][DBG][XCCL][kl3_all_reduce.cpp:46] func traced: [all_reduce] xlink_ring_all_reduce_single_node
[12:01:04][7273eb5a9391][21:163][DBG][XCCL][kl3_all_reduce.cpp:94] send buf addr 0x4004000000/0x402408e000 count 6
[12:01:04][7273eb5a9391][21:21][DBG][XCCL][helper.cpp:301] all_reduce: ctx=0x55f6e31f7fe0, seq_id=74, rank=0, nranks=2, dev=0, send=0x4004000000, recv=0x4004000000, cnt=67108864, root=-1, peer=-1, stream=0x55f6e2f0b3e0, data=float, op=sum, group=0, num_host=1, algo=ring
[12:01:04][7273eb5a9391][21:163][DBG][XCCL][kl3_all_reduce.cpp:46] func traced: [all_reduce] xlink_ring_all_reduce_single_node
[12:01:04][7273eb5a9391][21:163][DBG][XCCL][kl3_all_reduce.cpp:94] send buf addr 0x4004000000/0x402408e000 count 6
[12:01:04][7273eb5a9391][21:21][DBG][XCCL][helper.cpp:301] all_reduce: ctx=0x55f6e31f7fe0, seq_id=75, rank=0, nranks=2, dev=0, send=0x4004000000, recv=0x4004000000, cnt=67108864, root=-1, peer=-1, stream=0x55f6e2f0b3e0, data=float, op=sum, group=0, num_host=1, algo=ring
[12:01:04][7273eb5a9391][21:163][DBG][XCCL][kl3_all_reduce.cpp:46] func traced: [all_reduce] xlink_ring_all_reduce_single_node
[12:01:04][7273eb5a9391][21:163][DBG][XCCL][kl3_all_reduce.cpp:94] send buf addr 0x4004000000/0x402408e000 count 6
[12:01:04][7273eb5a9391][21:21][DBG][XCCL][helper.cpp:301] all_reduce: ctx=0x55f6e31f7fe0, seq_id=76, rank=0, nranks=2, dev=0, send=0x4004000000, recv=0x4004000000, cnt=67108864, root=-1, peer=-1, stream=0x55f6e2f0b3e0, data=float, op=sum, group=0, num_host=1, algo=ring
[12:01:04][7273eb5a9391][21:163][DBG][XCCL][kl3_all_reduce.cpp:46] func traced: [all_reduce] xlink_ring_all_reduce_single_node
[12:01:04][7273eb5a9391][21:163][DBG][XCCL][kl3_all_reduce.cpp:94] send buf addr 0x4004000000/0x402408e000 count 6
[12:01:04][7273eb5a9391][21:21][DBG][XCCL][helper.cpp:301] all_reduce: ctx=0x55f6e31f7fe0, seq_id=77, rank=0, nranks=2, dev=0, send=0x4004000000, recv=0x4004000000, cnt=67108864, root=-1, peer=-1, stream=0x55f6e2f0b3e0, data=float, op=sum, group=0, num_host=1, algo=ring
[12:01:04][7273eb5a9391][21:163][DBG][XCCL][kl3_all_reduce.cpp:46] func traced: [all_reduce] xlink_ring_all_reduce_single_node
[12:01:04][7273eb5a9391][21:163][DBG][XCCL][kl3_all_reduce.cpp:94] send buf addr 0x4004000000/0x402408e000 count 6
[12:01:04][7273eb5a9391][21:21][DBG][XCCL][helper.cpp:301] all_reduce: ctx=0x55f6e31f7fe0, seq_id=78, rank=0, nranks=2, dev=0, send=0x4004000000, recv=0x4004000000, cnt=67108864, root=-1, peer=-1, stream=0x55f6e2f0b3e0, data=float, op=sum, group=0, num_host=1, algo=ring
[12:01:04][7273eb5a9391][21:163][DBG][XCCL][kl3_all_reduce.cpp:46] func traced: [all_reduce] xlink_ring_all_reduce_single_node
[12:01:04][7273eb5a9391][21:163][DBG][XCCL][kl3_all_reduce.cpp:94] send buf addr 0x4004000000/0x402408e000 count 6
[12:01:04][7273eb5a9391][21:21][DBG][XCCL][helper.cpp:301] all_reduce: ctx=0x55f6e31f7fe0, seq_id=79, rank=0, nranks=2, dev=0, send=0x4004000000, recv=0x4004000000, cnt=67108864, root=-1, peer=-1, stream=0x55f6e2f0b3e0, data=float, op=sum, group=0, num_host=1, algo=ring
[12:01:04][7273eb5a9391][21:163][DBG][XCCL][kl3_all_reduce.cpp:46] func traced: [all_reduce] xlink_ring_all_reduce_single_node
[12:01:04][7273eb5a9391][21:163][DBG][XCCL][kl3_all_reduce.cpp:94] send buf addr 0x4004000000/0x402408e000 count 6
[12:01:04][7273eb5a9391][21:21][DBG][XCCL][helper.cpp:301] all_reduce: ctx=0x55f6e31f7fe0, seq_id=80, rank=0, nranks=2, dev=0, send=0x4004000000, recv=0x4004000000, cnt=67108864, root=-1, peer=-1, stream=0x55f6e2f0b3e0, data=float, op=sum, group=0, num_host=1, algo=ring
[12:01:04][7273eb5a9391][21:163][DBG][XCCL][kl3_all_reduce.cpp:46] func traced: [all_reduce] xlink_ring_all_reduce_single_node
[12:01:04][7273eb5a9391][21:163][DBG][XCCL][kl3_all_reduce.cpp:94] send buf addr 0x4004000000/0x402408e000 count 6
[12:01:04][7273eb5a9391][21:21][DBG][XCCL][helper.cpp:301] all_reduce: ctx=0x55f6e31f7fe0, seq_id=81, rank=0, nranks=2, dev=0, send=0x4004000000, recv=0x4004000000, cnt=67108864, root=-1, peer=-1, stream=0x55f6e2f0b3e0, data=float, op=sum, group=0, num_host=1, algo=ring
[12:01:04][7273eb5a9391][21:163][DBG][XCCL][kl3_all_reduce.cpp:46] func traced: [all_reduce] xlink_ring_all_reduce_single_node
[12:01:04][7273eb5a9391][21:163][DBG][XCCL][kl3_all_reduce.cpp:94] send buf addr 0x4004000000/0x402408e000 count 6
[12:01:04][7273eb5a9391][21:21][DBG][XCCL][helper.cpp:301] all_reduce: ctx=0x55f6e31f7fe0, seq_id=82, rank=0, nranks=2, dev=0, send=0x4004000000, recv=0x4004000000, cnt=67108864, root=-1, peer=-1, stream=0x55f6e2f0b3e0, data=float, op=sum, group=0, num_host=1, algo=ring
[12:01:04][7273eb5a9391][21:163][DBG][XCCL][kl3_all_reduce.cpp:46] func traced: [all_reduce] xlink_ring_all_reduce_single_node
[12:01:04][7273eb5a9391][21:163][DBG][XCCL][kl3_all_reduce.cpp:94] send buf addr 0x4004000000/0x402408e000 count 6
[12:01:04][7273eb5a9391][21:21][DBG][XCCL][helper.cpp:301] all_reduce: ctx=0x55f6e31f7fe0, seq_id=83, rank=0, nranks=2, dev=0, send=0x4004000000, recv=0x4004000000, cnt=67108864, root=-1, peer=-1, stream=0x55f6e2f0b3e0, data=float, op=sum, group=0, num_host=1, algo=ring
[12:01:04][7273eb5a9391][21:163][DBG][XCCL][kl3_all_reduce.cpp:46] func traced: [all_reduce] xlink_ring_all_reduce_single_node
[12:01:04][7273eb5a9391][21:163][DBG][XCCL][kl3_all_reduce.cpp:94] send buf addr 0x4004000000/0x402408e000 count 6
[12:01:04][7273eb5a9391][21:21][DBG][XCCL][helper.cpp:301] all_reduce: ctx=0x55f6e31f7fe0, seq_id=84, rank=0, nranks=2, dev=0, send=0x4004000000, recv=0x4004000000, cnt=67108864, root=-1, peer=-1, stream=0x55f6e2f0b3e0, data=float, op=sum, group=0, num_host=1, algo=ring
[12:01:04][7273eb5a9391][21:163][DBG][XCCL][kl3_all_reduce.cpp:46] func traced: [all_reduce] xlink_ring_all_reduce_single_node
[12:01:04][7273eb5a9391][21:163][DBG][XCCL][kl3_all_reduce.cpp:94] send buf addr 0x4004000000/0x402408e000 count 6
[12:01:04][7273eb5a9391][21:21][DBG][XCCL][helper.cpp:301] all_reduce: ctx=0x55f6e31f7fe0, seq_id=85, rank=0, nranks=2, dev=0, send=0x4004000000, recv=0x4004000000, cnt=67108864, root=-1, peer=-1, stream=0x55f6e2f0b3e0, data=float, op=sum, group=0, num_host=1, algo=ring
[12:01:04][7273eb5a9391][21:163][DBG][XCCL][kl3_all_reduce.cpp:46] func traced: [all_reduce] xlink_ring_all_reduce_single_node
[12:01:04][7273eb5a9391][21:163][DBG][XCCL][kl3_all_reduce.cpp:94] send buf addr 0x4004000000/0x402408e000 count 6
[12:01:04][7273eb5a9391][21:21][DBG][XCCL][helper.cpp:301] all_reduce: ctx=0x55f6e31f7fe0, seq_id=86, rank=0, nranks=2, dev=0, send=0x4004000000, recv=0x4004000000, cnt=67108864, root=-1, peer=-1, stream=0x55f6e2f0b3e0, data=float, op=sum, group=0, num_host=1, algo=ring
[12:01:04][7273eb5a9391][21:163][DBG][XCCL][kl3_all_reduce.cpp:46] func traced: [all_reduce] xlink_ring_all_reduce_single_node
[12:01:04][7273eb5a9391][21:163][DBG][XCCL][kl3_all_reduce.cpp:94] send buf addr 0x4004000000/0x402408e000 count 6
[12:01:04][7273eb5a9391][21:21][DBG][XCCL][helper.cpp:301] all_reduce: ctx=0x55f6e31f7fe0, seq_id=87, rank=0, nranks=2, dev=0, send=0x4004000000, recv=0x4004000000, cnt=67108864, root=-1, peer=-1, stream=0x55f6e2f0b3e0, data=float, op=sum, group=0, num_host=1, algo=ring
[12:01:04][7273eb5a9391][21:163][DBG][XCCL][kl3_all_reduce.cpp:46] func traced: [all_reduce] xlink_ring_all_reduce_single_node
[12:01:04][7273eb5a9391][21:163][DBG][XCCL][kl3_all_reduce.cpp:94] send buf addr 0x4004000000/0x402408e000 count 6
[12:01:04][7273eb5a9391][21:21][DBG][XCCL][helper.cpp:301] all_reduce: ctx=0x55f6e31f7fe0, seq_id=88, rank=0, nranks=2, dev=0, send=0x4004000000, recv=0x4004000000, cnt=67108864, root=-1, peer=-1, stream=0x55f6e2f0b3e0, data=float, op=sum, group=0, num_host=1, algo=ring
[12:01:04][7273eb5a9391][21:163][DBG][XCCL][kl3_all_reduce.cpp:46] func traced: [all_reduce] xlink_ring_all_reduce_single_node
[12:01:04][7273eb5a9391][21:163][DBG][XCCL][kl3_all_reduce.cpp:94] send buf addr 0x4004000000/0x402408e000 count 6
[12:01:04][7273eb5a9391][21:21][DBG][XCCL][helper.cpp:301] all_reduce: ctx=0x55f6e31f7fe0, seq_id=89, rank=0, nranks=2, dev=0, send=0x4004000000, recv=0x4004000000, cnt=67108864, root=-1, peer=-1, stream=0x55f6e2f0b3e0, data=float, op=sum, group=0, num_host=1, algo=ring
[12:01:04][7273eb5a9391][21:163][DBG][XCCL][kl3_all_reduce.cpp:46] func traced: [all_reduce] xlink_ring_all_reduce_single_node
[12:01:04][7273eb5a9391][21:163][DBG][XCCL][kl3_all_reduce.cpp:94] send buf addr 0x4004000000/0x402408e000 count 6
[12:01:04][7273eb5a9391][21:21][DBG][XCCL][helper.cpp:301] all_reduce: ctx=0x55f6e31f7fe0, seq_id=90, rank=0, nranks=2, dev=0, send=0x4004000000, recv=0x4004000000, cnt=67108864, root=-1, peer=-1, stream=0x55f6e2f0b3e0, data=float, op=sum, group=0, num_host=1, algo=ring
[12:01:04][7273eb5a9391][21:163][DBG][XCCL][kl3_all_reduce.cpp:46] func traced: [all_reduce] xlink_ring_all_reduce_single_node
[12:01:04][7273eb5a9391][21:163][DBG][XCCL][kl3_all_reduce.cpp:94] send buf addr 0x4004000000/0x402408e000 count 6
[12:01:04][7273eb5a9391][21:21][DBG][XCCL][helper.cpp:301] all_reduce: ctx=0x55f6e31f7fe0, seq_id=91, rank=0, nranks=2, dev=0, send=0x4004000000, recv=0x4004000000, cnt=67108864, root=-1, peer=-1, stream=0x55f6e2f0b3e0, data=float, op=sum, group=0, num_host=1, algo=ring
[12:01:04][7273eb5a9391][21:163][DBG][XCCL][kl3_all_reduce.cpp:46] func traced: [all_reduce] xlink_ring_all_reduce_single_node
[12:01:04][7273eb5a9391][21:163][DBG][XCCL][kl3_all_reduce.cpp:94] send buf addr 0x4004000000/0x402408e000 count 6
[12:01:04][7273eb5a9391][21:21][DBG][XCCL][helper.cpp:301] all_reduce: ctx=0x55f6e31f7fe0, seq_id=92, rank=0, nranks=2, dev=0, send=0x4004000000, recv=0x4004000000, cnt=67108864, root=-1, peer=-1, stream=0x55f6e2f0b3e0, data=float, op=sum, group=0, num_host=1, algo=ring
[12:01:04][7273eb5a9391][21:163][DBG][XCCL][kl3_all_reduce.cpp:46] func traced: [all_reduce] xlink_ring_all_reduce_single_node
[12:01:04][7273eb5a9391][21:163][DBG][XCCL][kl3_all_reduce.cpp:94] send buf addr 0x4004000000/0x402408e000 count 6
[12:01:04][7273eb5a9391][21:21][DBG][XCCL][helper.cpp:301] all_reduce: ctx=0x55f6e31f7fe0, seq_id=93, rank=0, nranks=2, dev=0, send=0x4004000000, recv=0x4004000000, cnt=67108864, root=-1, peer=-1, stream=0x55f6e2f0b3e0, data=float, op=sum, group=0, num_host=1, algo=ring
[12:01:04][7273eb5a9391][21:163][DBG][XCCL][kl3_all_reduce.cpp:46] func traced: [all_reduce] xlink_ring_all_reduce_single_node
[12:01:04][7273eb5a9391][21:163][DBG][XCCL][kl3_all_reduce.cpp:94] send buf addr 0x4004000000/0x402408e000 count 6
[12:01:04][7273eb5a9391][21:21][DBG][XCCL][helper.cpp:301] all_reduce: ctx=0x55f6e31f7fe0, seq_id=94, rank=0, nranks=2, dev=0, send=0x4004000000, recv=0x4004000000, cnt=67108864, root=-1, peer=-1, stream=0x55f6e2f0b3e0, data=float, op=sum, group=0, num_host=1, algo=ring
[12:01:04][7273eb5a9391][21:163][DBG][XCCL][kl3_all_reduce.cpp:46] func traced: [all_reduce] xlink_ring_all_reduce_single_node
[12:01:04][7273eb5a9391][21:163][DBG][XCCL][kl3_all_reduce.cpp:94] send buf addr 0x4004000000/0x402408e000 count 6
[12:01:04][7273eb5a9391][21:21][DBG][XCCL][helper.cpp:301] all_reduce: ctx=0x55f6e31f7fe0, seq_id=95, rank=0, nranks=2, dev=0, send=0x4004000000, recv=0x4004000000, cnt=67108864, root=-1, peer=-1, stream=0x55f6e2f0b3e0, data=float, op=sum, group=0, num_host=1, algo=ring
[12:01:04][7273eb5a9391][21:163][DBG][XCCL][kl3_all_reduce.cpp:46] func traced: [all_reduce] xlink_ring_all_reduce_single_node
[12:01:04][7273eb5a9391][21:163][DBG][XCCL][kl3_all_reduce.cpp:94] send buf addr 0x4004000000/0x402408e000 count 6
[12:01:04][7273eb5a9391][21:21][DBG][XCCL][helper.cpp:301] all_reduce: ctx=0x55f6e31f7fe0, seq_id=96, rank=0, nranks=2, dev=0, send=0x4004000000, recv=0x4004000000, cnt=67108864, root=-1, peer=-1, stream=0x55f6e2f0b3e0, data=float, op=sum, group=0, num_host=1, algo=ring
[12:01:04][7273eb5a9391][21:163][DBG][XCCL][kl3_all_reduce.cpp:46] func traced: [all_reduce] xlink_ring_all_reduce_single_node
[12:01:04][7273eb5a9391][21:163][DBG][XCCL][kl3_all_reduce.cpp:94] send buf addr 0x4004000000/0x402408e000 count 6
[12:01:04][7273eb5a9391][21:21][DBG][XCCL][helper.cpp:301] all_reduce: ctx=0x55f6e31f7fe0, seq_id=97, rank=0, nranks=2, dev=0, send=0x4004000000, recv=0x4004000000, cnt=67108864, root=-1, peer=-1, stream=0x55f6e2f0b3e0, data=float, op=sum, group=0, num_host=1, algo=ring
[12:01:04][7273eb5a9391][21:163][DBG][XCCL][kl3_all_reduce.cpp:46] func traced: [all_reduce] xlink_ring_all_reduce_single_node
[12:01:04][7273eb5a9391][21:163][DBG][XCCL][kl3_all_reduce.cpp:94] send buf addr 0x4004000000/0x402408e000 count 6
[12:01:04][7273eb5a9391][21:21][DBG][XCCL][helper.cpp:301] all_reduce: ctx=0x55f6e31f7fe0, seq_id=98, rank=0, nranks=2, dev=0, send=0x4004000000, recv=0x4004000000, cnt=67108864, root=-1, peer=-1, stream=0x55f6e2f0b3e0, data=float, op=sum, group=0, num_host=1, algo=ring
[12:01:04][7273eb5a9391][21:163][DBG][XCCL][kl3_all_reduce.cpp:46] func traced: [all_reduce] xlink_ring_all_reduce_single_node
[12:01:04][7273eb5a9391][21:163][DBG][XCCL][kl3_all_reduce.cpp:94] send buf addr 0x4004000000/0x402408e000 count 6
[12:01:04][7273eb5a9391][21:21][DBG][XCCL][helper.cpp:301] all_reduce: ctx=0x55f6e31f7fe0, seq_id=99, rank=0, nranks=2, dev=0, send=0x4004000000, recv=0x4004000000, cnt=67108864, root=-1, peer=-1, stream=0x55f6e2f0b3e0, data=float, op=sum, group=0, num_host=1, algo=ring
[12:01:04][7273eb5a9391][21:163][DBG][XCCL][kl3_all_reduce.cpp:46] func traced: [all_reduce] xlink_ring_all_reduce_single_node
[12:01:04][7273eb5a9391][21:163][DBG][XCCL][kl3_all_reduce.cpp:94] send buf addr 0x4004000000/0x402408e000 count 6
[12:01:04][7273eb5a9391][21:21][DBG][XCCL][helper.cpp:301] all_reduce: ctx=0x55f6e31f7fe0, seq_id=100, rank=0, nranks=2, dev=0, send=0x4004000000, recv=0x4004000000, cnt=67108864, root=-1, peer=-1, stream=0x55f6e2f0b3e0, data=float, op=sum, group=0, num_host=1, algo=ring
[12:01:04][7273eb5a9391][21:163][DBG][XCCL][kl3_all_reduce.cpp:46] func traced: [all_reduce] xlink_ring_all_reduce_single_node
[12:01:04][7273eb5a9391][21:163][DBG][XCCL][kl3_all_reduce.cpp:94] send buf addr 0x4004000000/0x402408e000 count 6
[12:01:04][7273eb5a9391][21:21][DBG][XCCL][helper.cpp:301] all_reduce: ctx=0x55f6e31f7fe0, seq_id=101, rank=0, nranks=2, dev=0, send=0x4004000000, recv=0x4004000000, cnt=67108864, root=-1, peer=-1, stream=0x55f6e2f0b3e0, data=float, op=sum, group=0, num_host=1, algo=ring
[12:01:04][7273eb5a9391][21:163][DBG][XCCL][kl3_all_reduce.cpp:46] func traced: [all_reduce] xlink_ring_all_reduce_single_node
[12:01:04][7273eb5a9391][21:163][DBG][XCCL][kl3_all_reduce.cpp:94] send buf addr 0x4004000000/0x402408e000 count 6
[12:01:04][7273eb5a9391][21:21][DBG][XCCL][helper.cpp:301] all_reduce: ctx=0x55f6e31f7fe0, seq_id=102, rank=0, nranks=2, dev=0, send=0x4004000000, recv=0x4004000000, cnt=67108864, root=-1, peer=-1, stream=0x55f6e2f0b3e0, data=float, op=sum, group=0, num_host=1, algo=ring
[12:01:04][7273eb5a9391][21:163][DBG][XCCL][kl3_all_reduce.cpp:46] func traced: [all_reduce] xlink_ring_all_reduce_single_node
[12:01:04][7273eb5a9391][21:163][DBG][XCCL][kl3_all_reduce.cpp:94] send buf addr 0x4004000000/0x402408e000 count 6
[12:01:04][7273eb5a9391][21:21][DBG][XCCL][helper.cpp:301] all_reduce: ctx=0x55f6e31f7fe0, seq_id=103, rank=0, nranks=2, dev=0, send=0x4004000000, recv=0x4004000000, cnt=67108864, root=-1, peer=-1, stream=0x55f6e2f0b3e0, data=float, op=sum, group=0, num_host=1, algo=ring
[12:01:04][7273eb5a9391][21:163][DBG][XCCL][kl3_all_reduce.cpp:46] func traced: [all_reduce] xlink_ring_all_reduce_single_node
[12:01:04][7273eb5a9391][21:163][DBG][XCCL][kl3_all_reduce.cpp:94] send buf addr 0x4004000000/0x402408e000 count 6
[12:01:04][7273eb5a9391][21:21][DBG][XCCL][helper.cpp:301] all_reduce: ctx=0x55f6e31f7fe0, seq_id=104, rank=0, nranks=2, dev=0, send=0x4004000000, recv=0x4004000000, cnt=67108864, root=-1, peer=-1, stream=0x55f6e2f0b3e0, data=float, op=sum, group=0, num_host=1, algo=ring
[12:01:04][7273eb5a9391][21:163][DBG][XCCL][kl3_all_reduce.cpp:46] func traced: [all_reduce] xlink_ring_all_reduce_single_node
[12:01:04][7273eb5a9391][21:163][DBG][XCCL][kl3_all_reduce.cpp:94] send buf addr 0x4004000000/0x402408e000 count 6
[12:01:04][7273eb5a9391][21:21][DBG][XCCL][helper.cpp:301] all_reduce: ctx=0x55f6e31f7fe0, seq_id=105, rank=0, nranks=2, dev=0, send=0x4004000000, recv=0x4004000000, cnt=67108864, root=-1, peer=-1, stream=0x55f6e2f0b3e0, data=float, op=sum, group=0, num_host=1, algo=ring
[12:01:04][7273eb5a9391][21:163][DBG][XCCL][kl3_all_reduce.cpp:46] func traced: [all_reduce] xlink_ring_all_reduce_single_node
[12:01:04][7273eb5a9391][21:163][DBG][XCCL][kl3_all_reduce.cpp:94] send buf addr 0x4004000000/0x402408e000 count 6
[12:01:04][7273eb5a9391][21:21][DBG][XCCL][helper.cpp:301] all_reduce: ctx=0x55f6e31f7fe0, seq_id=106, rank=0, nranks=2, dev=0, send=0x4004000000, recv=0x4004000000, cnt=67108864, root=-1, peer=-1, stream=0x55f6e2f0b3e0, data=float, op=sum, group=0, num_host=1, algo=ring
[12:01:04][7273eb5a9391][21:163][DBG][XCCL][kl3_all_reduce.cpp:46] func traced: [all_reduce] xlink_ring_all_reduce_single_node
[12:01:04][7273eb5a9391][21:163][DBG][XCCL][kl3_all_reduce.cpp:94] send buf addr 0x4004000000/0x402408e000 count 6
[12:01:04][7273eb5a9391][21:21][DBG][XCCL][helper.cpp:301] all_reduce: ctx=0x55f6e31f7fe0, seq_id=107, rank=0, nranks=2, dev=0, send=0x4004000000, recv=0x4004000000, cnt=67108864, root=-1, peer=-1, stream=0x55f6e2f0b3e0, data=float, op=sum, group=0, num_host=1, algo=ring
[12:01:04][7273eb5a9391][21:163][DBG][XCCL][kl3_all_reduce.cpp:46] func traced: [all_reduce] xlink_ring_all_reduce_single_node
[12:01:04][7273eb5a9391][21:163][DBG][XCCL][kl3_all_reduce.cpp:94] send buf addr 0x4004000000/0x402408e000 count 6
[12:01:04][7273eb5a9391][21:21][DBG][XCCL][helper.cpp:301] all_reduce: ctx=0x55f6e31f7fe0, seq_id=108, rank=0, nranks=2, dev=0, send=0x4004000000, recv=0x4004000000, cnt=67108864, root=-1, peer=-1, stream=0x55f6e2f0b3e0, data=float, op=sum, group=0, num_host=1, algo=ring
[12:01:04][7273eb5a9391][21:163][DBG][XCCL][kl3_all_reduce.cpp:46] func traced: [all_reduce] xlink_ring_all_reduce_single_node
[12:01:04][7273eb5a9391][21:163][DBG][XCCL][kl3_all_reduce.cpp:94] send buf addr 0x4004000000/0x402408e000 count 6
[12:01:04][7273eb5a9391][21:21][DBG][XCCL][helper.cpp:301] all_reduce: ctx=0x55f6e31f7fe0, seq_id=109, rank=0, nranks=2, dev=0, send=0x4004000000, recv=0x4004000000, cnt=67108864, root=-1, peer=-1, stream=0x55f6e2f0b3e0, data=float, op=sum, group=0, num_host=1, algo=ring
[12:01:04][7273eb5a9391][21:163][DBG][XCCL][kl3_all_reduce.cpp:46] func traced: [all_reduce] xlink_ring_all_reduce_single_node
[12:01:04][7273eb5a9391][21:163][DBG][XCCL][kl3_all_reduce.cpp:94] send buf addr 0x4004000000/0x402408e000 count 6
[12:01:04][7273eb5a9391][21:21][DBG][XCCL][helper.cpp:301] all_reduce: ctx=0x55f6e31f7fe0, seq_id=110, rank=0, nranks=2, dev=0, send=0x4004000000, recv=0x4004000000, cnt=67108864, root=-1, peer=-1, stream=0x55f6e2f0b3e0, data=float, op=sum, group=0, num_host=1, algo=ring
[12:01:04][7273eb5a9391][21:163][DBG][XCCL][kl3_all_reduce.cpp:46] func traced: [all_reduce] xlink_ring_all_reduce_single_node
[12:01:04][7273eb5a9391][21:163][DBG][XCCL][kl3_all_reduce.cpp:94] send buf addr 0x4004000000/0x402408e000 count 6
[12:01:04][7273eb5a9391][21:21][DBG][XCCL][helper.cpp:301] all_reduce: ctx=0x55f6e31f7fe0, seq_id=111, rank=0, nranks=2, dev=0, send=0x4004000000, recv=0x4004000000, cnt=67108864, root=-1, peer=-1, stream=0x55f6e2f0b3e0, data=float, op=sum, group=0, num_host=1, algo=ring
[12:01:04][7273eb5a9391][21:163][DBG][XCCL][kl3_all_reduce.cpp:46] func traced: [all_reduce] xlink_ring_all_reduce_single_node
[12:01:04][7273eb5a9391][21:163][DBG][XCCL][kl3_all_reduce.cpp:94] send buf addr 0x4004000000/0x402408e000 count 6
[12:01:04][7273eb5a9391][21:21][DBG][XCCL][helper.cpp:301] all_reduce: ctx=0x55f6e31f7fe0, seq_id=112, rank=0, nranks=2, dev=0, send=0x4004000000, recv=0x4004000000, cnt=67108864, root=-1, peer=-1, stream=0x55f6e2f0b3e0, data=float, op=sum, group=0, num_host=1, algo=ring
[12:01:04][7273eb5a9391][21:163][DBG][XCCL][kl3_all_reduce.cpp:46] func traced: [all_reduce] xlink_ring_all_reduce_single_node
[12:01:04][7273eb5a9391][21:163][DBG][XCCL][kl3_all_reduce.cpp:94] send buf addr 0x4004000000/0x402408e000 count 6
[12:01:04][7273eb5a9391][21:21][DBG][XCCL][helper.cpp:301] all_reduce: ctx=0x55f6e31f7fe0, seq_id=113, rank=0, nranks=2, dev=0, send=0x4004000000, recv=0x4004000000, cnt=67108864, root=-1, peer=-1, stream=0x55f6e2f0b3e0, data=float, op=sum, group=0, num_host=1, algo=ring
[12:01:04][7273eb5a9391][21:163][DBG][XCCL][kl3_all_reduce.cpp:46] func traced: [all_reduce] xlink_ring_all_reduce_single_node
[12:01:04][7273eb5a9391][21:163][DBG][XCCL][kl3_all_reduce.cpp:94] send buf addr 0x4004000000/0x402408e000 count 6
[12:01:04][7273eb5a9391][21:21][DBG][XCCL][helper.cpp:301] all_reduce: ctx=0x55f6e31f7fe0, seq_id=114, rank=0, nranks=2, dev=0, send=0x4004000000, recv=0x4004000000, cnt=67108864, root=-1, peer=-1, stream=0x55f6e2f0b3e0, data=float, op=sum, group=0, num_host=1, algo=ring
[12:01:04][7273eb5a9391][21:163][DBG][XCCL][kl3_all_reduce.cpp:46] func traced: [all_reduce] xlink_ring_all_reduce_single_node
[12:01:04][7273eb5a9391][21:163][DBG][XCCL][kl3_all_reduce.cpp:94] send buf addr 0x4004000000/0x402408e000 count 6
[12:01:04][7273eb5a9391][21:21][DBG][XCCL][helper.cpp:301] all_reduce: ctx=0x55f6e31f7fe0, seq_id=115, rank=0, nranks=2, dev=0, send=0x4004000000, recv=0x4004000000, cnt=67108864, root=-1, peer=-1, stream=0x55f6e2f0b3e0, data=float, op=sum, group=0, num_host=1, algo=ring
[12:01:04][7273eb5a9391][21:163][DBG][XCCL][kl3_all_reduce.cpp:46] func traced: [all_reduce] xlink_ring_all_reduce_single_node
[12:01:04][7273eb5a9391][21:163][DBG][XCCL][kl3_all_reduce.cpp:94] send buf addr 0x4004000000/0x402408e000 count 6
[12:01:04][7273eb5a9391][21:21][DBG][XCCL][helper.cpp:301] all_reduce: ctx=0x55f6e31f7fe0, seq_id=116, rank=0, nranks=2, dev=0, send=0x4004000000, recv=0x4004000000, cnt=67108864, root=-1, peer=-1, stream=0x55f6e2f0b3e0, data=float, op=sum, group=0, num_host=1, algo=ring
[12:01:04][7273eb5a9391][21:163][DBG][XCCL][kl3_all_reduce.cpp:46] func traced: [all_reduce] xlink_ring_all_reduce_single_node
[12:01:04][7273eb5a9391][21:163][DBG][XCCL][kl3_all_reduce.cpp:94] send buf addr 0x4004000000/0x402408e000 count 6
[12:01:04][7273eb5a9391][21:21][DBG][XCCL][helper.cpp:301] all_reduce: ctx=0x55f6e31f7fe0, seq_id=117, rank=0, nranks=2, dev=0, send=0x4004000000, recv=0x4004000000, cnt=67108864, root=-1, peer=-1, stream=0x55f6e2f0b3e0, data=float, op=sum, group=0, num_host=1, algo=ring
[12:01:04][7273eb5a9391][21:163][DBG][XCCL][kl3_all_reduce.cpp:46] func traced: [all_reduce] xlink_ring_all_reduce_single_node
[12:01:04][7273eb5a9391][21:163][DBG][XCCL][kl3_all_reduce.cpp:94] send buf addr 0x4004000000/0x402408e000 count 6
[12:01:04][7273eb5a9391][21:21][DBG][XCCL][helper.cpp:301] all_reduce: ctx=0x55f6e31f7fe0, seq_id=118, rank=0, nranks=2, dev=0, send=0x4004000000, recv=0x4004000000, cnt=67108864, root=-1, peer=-1, stream=0x55f6e2f0b3e0, data=float, op=sum, group=0, num_host=1, algo=ring
[12:01:04][7273eb5a9391][21:163][DBG][XCCL][kl3_all_reduce.cpp:46] func traced: [all_reduce] xlink_ring_all_reduce_single_node
[12:01:04][7273eb5a9391][21:163][DBG][XCCL][kl3_all_reduce.cpp:94] send buf addr 0x4004000000/0x402408e000 count 6
[12:01:04][7273eb5a9391][21:21][DBG][XCCL][helper.cpp:301] all_reduce: ctx=0x55f6e31f7fe0, seq_id=119, rank=0, nranks=2, dev=0, send=0x4004000000, recv=0x4004000000, cnt=67108864, root=-1, peer=-1, stream=0x55f6e2f0b3e0, data=float, op=sum, group=0, num_host=1, algo=ring
[12:01:04][7273eb5a9391][21:163][DBG][XCCL][kl3_all_reduce.cpp:46] func traced: [all_reduce] xlink_ring_all_reduce_single_node
[12:01:04][7273eb5a9391][21:163][DBG][XCCL][kl3_all_reduce.cpp:94] send buf addr 0x4004000000/0x402408e000 count 6
[12:01:04][7273eb5a9391][21:21][DBG][XCCL][helper.cpp:301] all_reduce: ctx=0x55f6e31f7fe0, seq_id=120, rank=0, nranks=2, dev=0, send=0x4004000000, recv=0x4004000000, cnt=67108864, root=-1, peer=-1, stream=0x55f6e2f0b3e0, data=float, op=sum, group=0, num_host=1, algo=ring
[12:01:04][7273eb5a9391][21:163][DBG][XCCL][kl3_all_reduce.cpp:46] func traced: [all_reduce] xlink_ring_all_reduce_single_node
[12:01:04][7273eb5a9391][21:163][DBG][XCCL][kl3_all_reduce.cpp:94] send buf addr 0x4004000000/0x402408e000 count 6
[12:01:04][7273eb5a9391][21:21][DBG][XCCL][helper.cpp:301] all_reduce: ctx=0x55f6e31f7fe0, seq_id=121, rank=0, nranks=2, dev=0, send=0x4004000000, recv=0x4004000000, cnt=67108864, root=-1, peer=-1, stream=0x55f6e2f0b3e0, data=float, op=sum, group=0, num_host=1, algo=ring
[12:01:04][7273eb5a9391][21:163][DBG][XCCL][kl3_all_reduce.cpp:46] func traced: [all_reduce] xlink_ring_all_reduce_single_node
[12:01:04][7273eb5a9391][21:163][DBG][XCCL][kl3_all_reduce.cpp:94] send buf addr 0x4004000000/0x402408e000 count 6
[12:01:04][7273eb5a9391][21:21][DBG][XCCL][helper.cpp:301] all_reduce: ctx=0x55f6e31f7fe0, seq_id=122, rank=0, nranks=2, dev=0, send=0x4004000000, recv=0x4004000000, cnt=67108864, root=-1, peer=-1, stream=0x55f6e2f0b3e0, data=float, op=sum, group=0, num_host=1, algo=ring
[12:01:04][7273eb5a9391][21:163][DBG][XCCL][kl3_all_reduce.cpp:46] func traced: [all_reduce] xlink_ring_all_reduce_single_node
[12:01:04][7273eb5a9391][21:163][DBG][XCCL][kl3_all_reduce.cpp:94] send buf addr 0x4004000000/0x402408e000 count 6
[12:01:04][7273eb5a9391][21:21][DBG][XCCL][helper.cpp:301] all_reduce: ctx=0x55f6e31f7fe0, seq_id=123, rank=0, nranks=2, dev=0, send=0x4004000000, recv=0x4004000000, cnt=67108864, root=-1, peer=-1, stream=0x55f6e2f0b3e0, data=float, op=sum, group=0, num_host=1, algo=ring
[12:01:04][7273eb5a9391][21:163][DBG][XCCL][kl3_all_reduce.cpp:46] func traced: [all_reduce] xlink_ring_all_reduce_single_node
[12:01:04][7273eb5a9391][21:163][DBG][XCCL][kl3_all_reduce.cpp:94] send buf addr 0x4004000000/0x402408e000 count 6
[12:01:04][7273eb5a9391][21:21][DBG][XCCL][helper.cpp:301] all_reduce: ctx=0x55f6e31f7fe0, seq_id=124, rank=0, nranks=2, dev=0, send=0x4004000000, recv=0x4004000000, cnt=67108864, root=-1, peer=-1, stream=0x55f6e2f0b3e0, data=float, op=sum, group=0, num_host=1, algo=ring
[12:01:04][7273eb5a9391][21:163][DBG][XCCL][kl3_all_reduce.cpp:46] func traced: [all_reduce] xlink_ring_all_reduce_single_node
[12:01:04][7273eb5a9391][21:163][DBG][XCCL][kl3_all_reduce.cpp:94] send buf addr 0x4004000000/0x402408e000 count 6
[12:01:04][7273eb5a9391][21:21][DBG][XCCL][helper.cpp:301] all_reduce: ctx=0x55f6e31f7fe0, seq_id=125, rank=0, nranks=2, dev=0, send=0x4004000000, recv=0x4004000000, cnt=67108864, root=-1, peer=-1, stream=0x55f6e2f0b3e0, data=float, op=sum, group=0, num_host=1, algo=ring
[12:01:04][7273eb5a9391][21:163][DBG][XCCL][kl3_all_reduce.cpp:46] func traced: [all_reduce] xlink_ring_all_reduce_single_node
[12:01:04][7273eb5a9391][21:163][DBG][XCCL][kl3_all_reduce.cpp:94] send buf addr 0x4004000000/0x402408e000 count 6
[12:01:04][7273eb5a9391][21:21][DBG][XCCL][helper.cpp:301] all_reduce: ctx=0x55f6e31f7fe0, seq_id=126, rank=0, nranks=2, dev=0, send=0x4004000000, recv=0x4004000000, cnt=67108864, root=-1, peer=-1, stream=0x55f6e2f0b3e0, data=float, op=sum, group=0, num_host=1, algo=ring
[12:01:04][7273eb5a9391][21:163][DBG][XCCL][kl3_all_reduce.cpp:46] func traced: [all_reduce] xlink_ring_all_reduce_single_node
[12:01:04][7273eb5a9391][21:163][DBG][XCCL][kl3_all_reduce.cpp:94] send buf addr 0x4004000000/0x402408e000 count 6
[12:01:04][7273eb5a9391][21:21][DBG][XCCL][helper.cpp:301] all_reduce: ctx=0x55f6e31f7fe0, seq_id=127, rank=0, nranks=2, dev=0, send=0x4004000000, recv=0x4004000000, cnt=67108864, root=-1, peer=-1, stream=0x55f6e2f0b3e0, data=float, op=sum, group=0, num_host=1, algo=ring
[12:01:04][7273eb5a9391][21:163][DBG][XCCL][kl3_all_reduce.cpp:46] func traced: [all_reduce] xlink_ring_all_reduce_single_node
[12:01:04][7273eb5a9391][21:163][DBG][XCCL][kl3_all_reduce.cpp:94] send buf addr 0x4004000000/0x402408e000 count 6
[12:01:04][7273eb5a9391][21:21][DBG][XCCL][helper.cpp:301] all_reduce: ctx=0x55f6e31f7fe0, seq_id=128, rank=0, nranks=2, dev=0, send=0x4004000000, recv=0x4004000000, cnt=67108864, root=-1, peer=-1, stream=0x55f6e2f0b3e0, data=float, op=sum, group=0, num_host=1, algo=ring
[12:01:04][7273eb5a9391][21:163][DBG][XCCL][kl3_all_reduce.cpp:46] func traced: [all_reduce] xlink_ring_all_reduce_single_node
[12:01:04][7273eb5a9391][21:163][DBG][XCCL][kl3_all_reduce.cpp:94] send buf addr 0x4004000000/0x402408e000 count 6
[12:01:04][7273eb5a9391][21:21][DBG][XCCL][helper.cpp:301] all_reduce: ctx=0x55f6e31f7fe0, seq_id=129, rank=0, nranks=2, dev=0, send=0x4004000000, recv=0x4004000000, cnt=67108864, root=-1, peer=-1, stream=0x55f6e2f0b3e0, data=float, op=sum, group=0, num_host=1, algo=ring
[12:01:04][7273eb5a9391][21:163][DBG][XCCL][kl3_all_reduce.cpp:46] func traced: [all_reduce] xlink_ring_all_reduce_single_node
[12:01:04][7273eb5a9391][21:163][DBG][XCCL][kl3_all_reduce.cpp:94] send buf addr 0x4004000000/0x402408e000 count 6
[12:01:04][7273eb5a9391][21:21][DBG][XCCL][helper.cpp:301] all_reduce: ctx=0x55f6e31f7fe0, seq_id=130, rank=0, nranks=2, dev=0, send=0x4004000000, recv=0x4004000000, cnt=67108864, root=-1, peer=-1, stream=0x55f6e2f0b3e0, data=float, op=sum, group=0, num_host=1, algo=ring
[12:01:04][7273eb5a9391][21:163][DBG][XCCL][kl3_all_reduce.cpp:46] func traced: [all_reduce] xlink_ring_all_reduce_single_node
[12:01:04][7273eb5a9391][21:163][DBG][XCCL][kl3_all_reduce.cpp:94] send buf addr 0x4004000000/0x402408e000 count 6
[12:01:04][7273eb5a9391][21:21][DBG][XCCL][helper.cpp:301] all_reduce: ctx=0x55f6e31f7fe0, seq_id=131, rank=0, nranks=2, dev=0, send=0x4004000000, recv=0x4004000000, cnt=67108864, root=-1, peer=-1, stream=0x55f6e2f0b3e0, data=float, op=sum, group=0, num_host=1, algo=ring
[12:01:04][7273eb5a9391][21:163][DBG][XCCL][kl3_all_reduce.cpp:46] func traced: [all_reduce] xlink_ring_all_reduce_single_node
[12:01:04][7273eb5a9391][21:163][DBG][XCCL][kl3_all_reduce.cpp:94] send buf addr 0x4004000000/0x402408e000 count 6
[12:01:04][7273eb5a9391][21:21][DBG][XCCL][helper.cpp:301] all_reduce: ctx=0x55f6e31f7fe0, seq_id=132, rank=0, nranks=2, dev=0, send=0x4004000000, recv=0x4004000000, cnt=67108864, root=-1, peer=-1, stream=0x55f6e2f0b3e0, data=float, op=sum, group=0, num_host=1, algo=ring
[12:01:04][7273eb5a9391][21:163][DBG][XCCL][kl3_all_reduce.cpp:46] func traced: [all_reduce] xlink_ring_all_reduce_single_node
[12:01:04][7273eb5a9391][21:163][DBG][XCCL][kl3_all_reduce.cpp:94] send buf addr 0x4004000000/0x402408e000 count 6
[12:01:04][7273eb5a9391][21:21][DBG][XCCL][helper.cpp:301] all_reduce: ctx=0x55f6e31f7fe0, seq_id=133, rank=0, nranks=2, dev=0, send=0x4004000000, recv=0x4004000000, cnt=67108864, root=-1, peer=-1, stream=0x55f6e2f0b3e0, data=float, op=sum, group=0, num_host=1, algo=ring
[12:01:04][7273eb5a9391][21:163][DBG][XCCL][kl3_all_reduce.cpp:46] func traced: [all_reduce] xlink_ring_all_reduce_single_node
[12:01:04][7273eb5a9391][21:163][DBG][XCCL][kl3_all_reduce.cpp:94] send buf addr 0x4004000000/0x402408e000 count 6
[12:01:04][7273eb5a9391][21:21][DBG][XCCL][helper.cpp:301] all_reduce: ctx=0x55f6e31f7fe0, seq_id=134, rank=0, nranks=2, dev=0, send=0x4004000000, recv=0x4004000000, cnt=67108864, root=-1, peer=-1, stream=0x55f6e2f0b3e0, data=float, op=sum, group=0, num_host=1, algo=ring
[12:01:04][7273eb5a9391][21:163][DBG][XCCL][kl3_all_reduce.cpp:46] func traced: [all_reduce] xlink_ring_all_reduce_single_node
[12:01:04][7273eb5a9391][21:163][DBG][XCCL][kl3_all_reduce.cpp:94] send buf addr 0x4004000000/0x402408e000 count 6
[12:01:04][7273eb5a9391][21:21][DBG][XCCL][helper.cpp:301] all_reduce: ctx=0x55f6e31f7fe0, seq_id=135, rank=0, nranks=2, dev=0, send=0x4004000000, recv=0x4004000000, cnt=67108864, root=-1, peer=-1, stream=0x55f6e2f0b3e0, data=float, op=sum, group=0, num_host=1, algo=ring
[12:01:04][7273eb5a9391][21:163][DBG][XCCL][kl3_all_reduce.cpp:46] func traced: [all_reduce] xlink_ring_all_reduce_single_node
[12:01:04][7273eb5a9391][21:163][DBG][XCCL][kl3_all_reduce.cpp:94] send buf addr 0x4004000000/0x402408e000 count 6
[12:01:04][7273eb5a9391][21:21][DBG][XCCL][helper.cpp:301] all_reduce: ctx=0x55f6e31f7fe0, seq_id=136, rank=0, nranks=2, dev=0, send=0x4004000000, recv=0x4004000000, cnt=67108864, root=-1, peer=-1, stream=0x55f6e2f0b3e0, data=float, op=sum, group=0, num_host=1, algo=ring
[12:01:04][7273eb5a9391][21:163][DBG][XCCL][kl3_all_reduce.cpp:46] func traced: [all_reduce] xlink_ring_all_reduce_single_node
[12:01:04][7273eb5a9391][21:163][DBG][XCCL][kl3_all_reduce.cpp:94] send buf addr 0x4004000000/0x402408e000 count 6
[12:01:04][7273eb5a9391][21:21][DBG][XCCL][helper.cpp:301] all_reduce: ctx=0x55f6e31f7fe0, seq_id=137, rank=0, nranks=2, dev=0, send=0x4004000000, recv=0x4004000000, cnt=67108864, root=-1, peer=-1, stream=0x55f6e2f0b3e0, data=float, op=sum, group=0, num_host=1, algo=ring
[12:01:04][7273eb5a9391][21:163][DBG][XCCL][kl3_all_reduce.cpp:46] func traced: [all_reduce] xlink_ring_all_reduce_single_node
[12:01:04][7273eb5a9391][21:163][DBG][XCCL][kl3_all_reduce.cpp:94] send buf addr 0x4004000000/0x402408e000 count 6
[12:01:04][7273eb5a9391][21:21][DBG][XCCL][helper.cpp:301] all_reduce: ctx=0x55f6e31f7fe0, seq_id=138, rank=0, nranks=2, dev=0, send=0x4004000000, recv=0x4004000000, cnt=67108864, root=-1, peer=-1, stream=0x55f6e2f0b3e0, data=float, op=sum, group=0, num_host=1, algo=ring
[12:01:04][7273eb5a9391][21:163][DBG][XCCL][kl3_all_reduce.cpp:46] func traced: [all_reduce] xlink_ring_all_reduce_single_node
[12:01:04][7273eb5a9391][21:163][DBG][XCCL][kl3_all_reduce.cpp:94] send buf addr 0x4004000000/0x402408e000 count 6
[12:01:04][7273eb5a9391][21:21][DBG][XCCL][helper.cpp:301] all_reduce: ctx=0x55f6e31f7fe0, seq_id=139, rank=0, nranks=2, dev=0, send=0x4004000000, recv=0x4004000000, cnt=67108864, root=-1, peer=-1, stream=0x55f6e2f0b3e0, data=float, op=sum, group=0, num_host=1, algo=ring
[12:01:04][7273eb5a9391][21:163][DBG][XCCL][kl3_all_reduce.cpp:46] func traced: [all_reduce] xlink_ring_all_reduce_single_node
[12:01:04][7273eb5a9391][21:163][DBG][XCCL][kl3_all_reduce.cpp:94] send buf addr 0x4004000000/0x402408e000 count 6
[12:01:04][7273eb5a9391][21:21][DBG][XCCL][helper.cpp:301] all_reduce: ctx=0x55f6e31f7fe0, seq_id=140, rank=0, nranks=2, dev=0, send=0x4004000000, recv=0x4004000000, cnt=67108864, root=-1, peer=-1, stream=0x55f6e2f0b3e0, data=float, op=sum, group=0, num_host=1, algo=ring
[12:01:04][7273eb5a9391][21:163][DBG][XCCL][kl3_all_reduce.cpp:46] func traced: [all_reduce] xlink_ring_all_reduce_single_node
[12:01:04][7273eb5a9391][21:163][DBG][XCCL][kl3_all_reduce.cpp:94] send buf addr 0x4004000000/0x402408e000 count 6
[12:01:04][7273eb5a9391][21:21][DBG][XCCL][helper.cpp:301] all_reduce: ctx=0x55f6e31f7fe0, seq_id=141, rank=0, nranks=2, dev=0, send=0x4004000000, recv=0x4004000000, cnt=67108864, root=-1, peer=-1, stream=0x55f6e2f0b3e0, data=float, op=sum, group=0, num_host=1, algo=ring
[12:01:04][7273eb5a9391][21:163][DBG][XCCL][kl3_all_reduce.cpp:46] func traced: [all_reduce] xlink_ring_all_reduce_single_node
[12:01:04][7273eb5a9391][21:163][DBG][XCCL][kl3_all_reduce.cpp:94] send buf addr 0x4004000000/0x402408e000 count 6
[12:01:04][7273eb5a9391][21:21][DBG][XCCL][helper.cpp:301] all_reduce: ctx=0x55f6e31f7fe0, seq_id=142, rank=0, nranks=2, dev=0, send=0x4004000000, recv=0x4004000000, cnt=67108864, root=-1, peer=-1, stream=0x55f6e2f0b3e0, data=float, op=sum, group=0, num_host=1, algo=ring
[12:01:04][7273eb5a9391][21:163][DBG][XCCL][kl3_all_reduce.cpp:46] func traced: [all_reduce] xlink_ring_all_reduce_single_node
[12:01:04][7273eb5a9391][21:163][DBG][XCCL][kl3_all_reduce.cpp:94] send buf addr 0x4004000000/0x402408e000 count 6
[12:01:04][7273eb5a9391][21:21][DBG][XCCL][helper.cpp:301] all_reduce: ctx=0x55f6e31f7fe0, seq_id=143, rank=0, nranks=2, dev=0, send=0x4004000000, recv=0x4004000000, cnt=67108864, root=-1, peer=-1, stream=0x55f6e2f0b3e0, data=float, op=sum, group=0, num_host=1, algo=ring
[12:01:04][7273eb5a9391][21:163][DBG][XCCL][kl3_all_reduce.cpp:46] func traced: [all_reduce] xlink_ring_all_reduce_single_node
[12:01:04][7273eb5a9391][21:163][DBG][XCCL][kl3_all_reduce.cpp:94] send buf addr 0x4004000000/0x402408e000 count 6
[12:01:04][7273eb5a9391][21:21][DBG][XCCL][helper.cpp:301] all_reduce: ctx=0x55f6e31f7fe0, seq_id=144, rank=0, nranks=2, dev=0, send=0x4004000000, recv=0x4004000000, cnt=67108864, root=-1, peer=-1, stream=0x55f6e2f0b3e0, data=float, op=sum, group=0, num_host=1, algo=ring
[12:01:04][7273eb5a9391][21:163][DBG][XCCL][kl3_all_reduce.cpp:46] func traced: [all_reduce] xlink_ring_all_reduce_single_node
[12:01:04][7273eb5a9391][21:163][DBG][XCCL][kl3_all_reduce.cpp:94] send buf addr 0x4004000000/0x402408e000 count 6
[12:01:04][7273eb5a9391][21:21][DBG][XCCL][helper.cpp:301] all_reduce: ctx=0x55f6e31f7fe0, seq_id=145, rank=0, nranks=2, dev=0, send=0x4004000000, recv=0x4004000000, cnt=67108864, root=-1, peer=-1, stream=0x55f6e2f0b3e0, data=float, op=sum, group=0, num_host=1, algo=ring
[12:01:04][7273eb5a9391][21:163][DBG][XCCL][kl3_all_reduce.cpp:46] func traced: [all_reduce] xlink_ring_all_reduce_single_node
[12:01:04][7273eb5a9391][21:163][DBG][XCCL][kl3_all_reduce.cpp:94] send buf addr 0x4004000000/0x402408e000 count 6
[12:01:04][7273eb5a9391][21:21][DBG][XCCL][helper.cpp:301] all_reduce: ctx=0x55f6e31f7fe0, seq_id=146, rank=0, nranks=2, dev=0, send=0x4004000000, recv=0x4004000000, cnt=67108864, root=-1, peer=-1, stream=0x55f6e2f0b3e0, data=float, op=sum, group=0, num_host=1, algo=ring
[12:01:04][7273eb5a9391][21:163][DBG][XCCL][kl3_all_reduce.cpp:46] func traced: [all_reduce] xlink_ring_all_reduce_single_node
[12:01:04][7273eb5a9391][21:163][DBG][XCCL][kl3_all_reduce.cpp:94] send buf addr 0x4004000000/0x402408e000 count 6
[12:01:04][7273eb5a9391][21:21][DBG][XCCL][helper.cpp:301] all_reduce: ctx=0x55f6e31f7fe0, seq_id=147, rank=0, nranks=2, dev=0, send=0x4004000000, recv=0x4004000000, cnt=67108864, root=-1, peer=-1, stream=0x55f6e2f0b3e0, data=float, op=sum, group=0, num_host=1, algo=ring
[12:01:04][7273eb5a9391][21:163][DBG][XCCL][kl3_all_reduce.cpp:46] func traced: [all_reduce] xlink_ring_all_reduce_single_node
[12:01:04][7273eb5a9391][21:163][DBG][XCCL][kl3_all_reduce.cpp:94] send buf addr 0x4004000000/0x402408e000 count 6
[12:01:04][7273eb5a9391][21:21][DBG][XCCL][helper.cpp:301] all_reduce: ctx=0x55f6e31f7fe0, seq_id=148, rank=0, nranks=2, dev=0, send=0x4004000000, recv=0x4004000000, cnt=67108864, root=-1, peer=-1, stream=0x55f6e2f0b3e0, data=float, op=sum, group=0, num_host=1, algo=ring
[12:01:04][7273eb5a9391][21:163][DBG][XCCL][kl3_all_reduce.cpp:46] func traced: [all_reduce] xlink_ring_all_reduce_single_node
[12:01:04][7273eb5a9391][21:163][DBG][XCCL][kl3_all_reduce.cpp:94] send buf addr 0x4004000000/0x402408e000 count 6
[12:01:04][7273eb5a9391][21:21][DBG][XCCL][helper.cpp:301] all_reduce: ctx=0x55f6e31f7fe0, seq_id=149, rank=0, nranks=2, dev=0, send=0x4004000000, recv=0x4004000000, cnt=67108864, root=-1, peer=-1, stream=0x55f6e2f0b3e0, data=float, op=sum, group=0, num_host=1, algo=ring
[12:01:04][7273eb5a9391][21:163][DBG][XCCL][kl3_all_reduce.cpp:46] func traced: [all_reduce] xlink_ring_all_reduce_single_node
[12:01:04][7273eb5a9391][21:163][DBG][XCCL][kl3_all_reduce.cpp:94] send buf addr 0x4004000000/0x402408e000 count 6
[12:01:04][7273eb5a9391][21:21][DBG][XCCL][helper.cpp:301] all_reduce: ctx=0x55f6e31f7fe0, seq_id=150, rank=0, nranks=2, dev=0, send=0x4004000000, recv=0x4004000000, cnt=67108864, root=-1, peer=-1, stream=0x55f6e2f0b3e0, data=float, op=sum, group=0, num_host=1, algo=ring
[12:01:04][7273eb5a9391][21:163][DBG][XCCL][kl3_all_reduce.cpp:46] func traced: [all_reduce] xlink_ring_all_reduce_single_node
[12:01:04][7273eb5a9391][21:163][DBG][XCCL][kl3_all_reduce.cpp:94] send buf addr 0x4004000000/0x402408e000 count 6
[12:01:04][7273eb5a9391][21:21][DBG][XCCL][helper.cpp:301] all_reduce: ctx=0x55f6e31f7fe0, seq_id=151, rank=0, nranks=2, dev=0, send=0x4004000000, recv=0x4004000000, cnt=67108864, root=-1, peer=-1, stream=0x55f6e2f0b3e0, data=float, op=sum, group=0, num_host=1, algo=ring
[12:01:04][7273eb5a9391][21:163][DBG][XCCL][kl3_all_reduce.cpp:46] func traced: [all_reduce] xlink_ring_all_reduce_single_node
[12:01:04][7273eb5a9391][21:163][DBG][XCCL][kl3_all_reduce.cpp:94] send buf addr 0x4004000000/0x402408e000 count 6
[12:01:04][7273eb5a9391][21:21][DBG][XCCL][helper.cpp:301] all_reduce: ctx=0x55f6e31f7fe0, seq_id=152, rank=0, nranks=2, dev=0, send=0x4004000000, recv=0x4004000000, cnt=67108864, root=-1, peer=-1, stream=0x55f6e2f0b3e0, data=float, op=sum, group=0, num_host=1, algo=ring
[12:01:04][7273eb5a9391][21:163][DBG][XCCL][kl3_all_reduce.cpp:46] func traced: [all_reduce] xlink_ring_all_reduce_single_node
[12:01:04][7273eb5a9391][21:163][DBG][XCCL][kl3_all_reduce.cpp:94] send buf addr 0x4004000000/0x402408e000 count 6
[12:01:04][7273eb5a9391][21:21][DBG][XCCL][helper.cpp:301] all_reduce: ctx=0x55f6e31f7fe0, seq_id=153, rank=0, nranks=2, dev=0, send=0x4004000000, recv=0x4004000000, cnt=67108864, root=-1, peer=-1, stream=0x55f6e2f0b3e0, data=float, op=sum, group=0, num_host=1, algo=ring
[12:01:04][7273eb5a9391][21:163][DBG][XCCL][kl3_all_reduce.cpp:46] func traced: [all_reduce] xlink_ring_all_reduce_single_node
[12:01:04][7273eb5a9391][21:163][DBG][XCCL][kl3_all_reduce.cpp:94] send buf addr 0x4004000000/0x402408e000 count 6
[12:01:04][7273eb5a9391][21:21][DBG][XCCL][helper.cpp:301] all_reduce: ctx=0x55f6e31f7fe0, seq_id=154, rank=0, nranks=2, dev=0, send=0x4004000000, recv=0x4004000000, cnt=67108864, root=-1, peer=-1, stream=0x55f6e2f0b3e0, data=float, op=sum, group=0, num_host=1, algo=ring
[12:01:04][7273eb5a9391][21:163][DBG][XCCL][kl3_all_reduce.cpp:46] func traced: [all_reduce] xlink_ring_all_reduce_single_node
[12:01:04][7273eb5a9391][21:163][DBG][XCCL][kl3_all_reduce.cpp:94] send buf addr 0x4004000000/0x402408e000 count 6
[12:01:04][7273eb5a9391][21:21][DBG][XCCL][helper.cpp:301] all_reduce: ctx=0x55f6e31f7fe0, seq_id=155, rank=0, nranks=2, dev=0, send=0x4004000000, recv=0x4004000000, cnt=67108864, root=-1, peer=-1, stream=0x55f6e2f0b3e0, data=float, op=sum, group=0, num_host=1, algo=ring
[12:01:04][7273eb5a9391][21:163][DBG][XCCL][kl3_all_reduce.cpp:46] func traced: [all_reduce] xlink_ring_all_reduce_single_node
[12:01:04][7273eb5a9391][21:163][DBG][XCCL][kl3_all_reduce.cpp:94] send buf addr 0x4004000000/0x402408e000 count 6
[12:01:04][7273eb5a9391][21:21][DBG][XCCL][helper.cpp:301] all_reduce: ctx=0x55f6e31f7fe0, seq_id=156, rank=0, nranks=2, dev=0, send=0x4004000000, recv=0x4004000000, cnt=67108864, root=-1, peer=-1, stream=0x55f6e2f0b3e0, data=float, op=sum, group=0, num_host=1, algo=ring
[12:01:04][7273eb5a9391][21:163][DBG][XCCL][kl3_all_reduce.cpp:46] func traced: [all_reduce] xlink_ring_all_reduce_single_node
[12:01:04][7273eb5a9391][21:163][DBG][XCCL][kl3_all_reduce.cpp:94] send buf addr 0x4004000000/0x402408e000 count 6
[12:01:04][7273eb5a9391][21:21][DBG][XCCL][helper.cpp:301] all_reduce: ctx=0x55f6e31f7fe0, seq_id=157, rank=0, nranks=2, dev=0, send=0x4004000000, recv=0x4004000000, cnt=67108864, root=-1, peer=-1, stream=0x55f6e2f0b3e0, data=float, op=sum, group=0, num_host=1, algo=ring
[12:01:04][7273eb5a9391][21:163][DBG][XCCL][kl3_all_reduce.cpp:46] func traced: [all_reduce] xlink_ring_all_reduce_single_node
[12:01:04][7273eb5a9391][21:163][DBG][XCCL][kl3_all_reduce.cpp:94] send buf addr 0x4004000000/0x402408e000 count 6
[12:01:04][7273eb5a9391][21:21][DBG][XCCL][helper.cpp:301] all_reduce: ctx=0x55f6e31f7fe0, seq_id=158, rank=0, nranks=2, dev=0, send=0x4004000000, recv=0x4004000000, cnt=67108864, root=-1, peer=-1, stream=0x55f6e2f0b3e0, data=float, op=sum, group=0, num_host=1, algo=ring
[12:01:04][7273eb5a9391][21:163][DBG][XCCL][kl3_all_reduce.cpp:46] func traced: [all_reduce] xlink_ring_all_reduce_single_node
[12:01:04][7273eb5a9391][21:163][DBG][XCCL][kl3_all_reduce.cpp:94] send buf addr 0x4004000000/0x402408e000 count 6
[12:01:04][7273eb5a9391][21:21][DBG][XCCL][helper.cpp:301] all_reduce: ctx=0x55f6e31f7fe0, seq_id=159, rank=0, nranks=2, dev=0, send=0x4004000000, recv=0x4004000000, cnt=67108864, root=-1, peer=-1, stream=0x55f6e2f0b3e0, data=float, op=sum, group=0, num_host=1, algo=ring
[12:01:04][7273eb5a9391][21:163][DBG][XCCL][kl3_all_reduce.cpp:46] func traced: [all_reduce] xlink_ring_all_reduce_single_node
[12:01:04][7273eb5a9391][21:163][DBG][XCCL][kl3_all_reduce.cpp:94] send buf addr 0x4004000000/0x402408e000 count 6
[12:01:04][7273eb5a9391][21:21][DBG][XCCL][helper.cpp:301] all_reduce: ctx=0x55f6e31f7fe0, seq_id=160, rank=0, nranks=2, dev=0, send=0x4004000000, recv=0x4004000000, cnt=67108864, root=-1, peer=-1, stream=0x55f6e2f0b3e0, data=float, op=sum, group=0, num_host=1, algo=ring
[12:01:04][7273eb5a9391][21:163][DBG][XCCL][kl3_all_reduce.cpp:46] func traced: [all_reduce] xlink_ring_all_reduce_single_node
[12:01:04][7273eb5a9391][21:163][DBG][XCCL][kl3_all_reduce.cpp:94] send buf addr 0x4004000000/0x402408e000 count 6
[12:01:04][7273eb5a9391][21:21][DBG][XCCL][helper.cpp:301] all_reduce: ctx=0x55f6e31f7fe0, seq_id=161, rank=0, nranks=2, dev=0, send=0x4004000000, recv=0x4004000000, cnt=67108864, root=-1, peer=-1, stream=0x55f6e2f0b3e0, data=float, op=sum, group=0, num_host=1, algo=ring
[12:01:04][7273eb5a9391][21:163][DBG][XCCL][kl3_all_reduce.cpp:46] func traced: [all_reduce] xlink_ring_all_reduce_single_node
[12:01:04][7273eb5a9391][21:163][DBG][XCCL][kl3_all_reduce.cpp:94] send buf addr 0x4004000000/0x402408e000 count 6
[12:01:04][7273eb5a9391][21:21][DBG][XCCL][helper.cpp:301] all_reduce: ctx=0x55f6e31f7fe0, seq_id=162, rank=0, nranks=2, dev=0, send=0x4004000000, recv=0x4004000000, cnt=67108864, root=-1, peer=-1, stream=0x55f6e2f0b3e0, data=float, op=sum, group=0, num_host=1, algo=ring
[12:01:04][7273eb5a9391][21:163][DBG][XCCL][kl3_all_reduce.cpp:46] func traced: [all_reduce] xlink_ring_all_reduce_single_node
[12:01:04][7273eb5a9391][21:163][DBG][XCCL][kl3_all_reduce.cpp:94] send buf addr 0x4004000000/0x402408e000 count 6
[12:01:04][7273eb5a9391][21:21][DBG][XCCL][helper.cpp:301] all_reduce: ctx=0x55f6e31f7fe0, seq_id=163, rank=0, nranks=2, dev=0, send=0x4004000000, recv=0x4004000000, cnt=67108864, root=-1, peer=-1, stream=0x55f6e2f0b3e0, data=float, op=sum, group=0, num_host=1, algo=ring
[12:01:04][7273eb5a9391][21:163][DBG][XCCL][kl3_all_reduce.cpp:46] func traced: [all_reduce] xlink_ring_all_reduce_single_node
[12:01:04][7273eb5a9391][21:163][DBG][XCCL][kl3_all_reduce.cpp:94] send buf addr 0x4004000000/0x402408e000 count 6
[12:01:04][7273eb5a9391][21:21][DBG][XCCL][helper.cpp:301] all_reduce: ctx=0x55f6e31f7fe0, seq_id=164, rank=0, nranks=2, dev=0, send=0x4004000000, recv=0x4004000000, cnt=67108864, root=-1, peer=-1, stream=0x55f6e2f0b3e0, data=float, op=sum, group=0, num_host=1, algo=ring
[12:01:04][7273eb5a9391][21:163][DBG][XCCL][kl3_all_reduce.cpp:46] func traced: [all_reduce] xlink_ring_all_reduce_single_node
[12:01:04][7273eb5a9391][21:163][DBG][XCCL][kl3_all_reduce.cpp:94] send buf addr 0x4004000000/0x402408e000 count 6
[12:01:04][7273eb5a9391][21:21][DBG][XCCL][helper.cpp:301] all_reduce: ctx=0x55f6e31f7fe0, seq_id=165, rank=0, nranks=2, dev=0, send=0x4004000000, recv=0x4004000000, cnt=67108864, root=-1, peer=-1, stream=0x55f6e2f0b3e0, data=float, op=sum, group=0, num_host=1, algo=ring
[12:01:04][7273eb5a9391][21:163][DBG][XCCL][kl3_all_reduce.cpp:46] func traced: [all_reduce] xlink_ring_all_reduce_single_node
[12:01:04][7273eb5a9391][21:163][DBG][XCCL][kl3_all_reduce.cpp:94] send buf addr 0x4004000000/0x402408e000 count 6
[12:01:04][7273eb5a9391][21:21][DBG][XCCL][helper.cpp:301] all_reduce: ctx=0x55f6e31f7fe0, seq_id=166, rank=0, nranks=2, dev=0, send=0x4004000000, recv=0x4004000000, cnt=67108864, root=-1, peer=-1, stream=0x55f6e2f0b3e0, data=float, op=sum, group=0, num_host=1, algo=ring
[12:01:04][7273eb5a9391][21:163][DBG][XCCL][kl3_all_reduce.cpp:46] func traced: [all_reduce] xlink_ring_all_reduce_single_node
[12:01:04][7273eb5a9391][21:163][DBG][XCCL][kl3_all_reduce.cpp:94] send buf addr 0x4004000000/0x402408e000 count 6
[12:01:04][7273eb5a9391][21:21][DBG][XCCL][helper.cpp:301] all_reduce: ctx=0x55f6e31f7fe0, seq_id=167, rank=0, nranks=2, dev=0, send=0x4004000000, recv=0x4004000000, cnt=67108864, root=-1, peer=-1, stream=0x55f6e2f0b3e0, data=float, op=sum, group=0, num_host=1, algo=ring
[12:01:04][7273eb5a9391][21:163][DBG][XCCL][kl3_all_reduce.cpp:46] func traced: [all_reduce] xlink_ring_all_reduce_single_node
[12:01:04][7273eb5a9391][21:163][DBG][XCCL][kl3_all_reduce.cpp:94] send buf addr 0x4004000000/0x402408e000 count 6
[12:01:04][7273eb5a9391][21:21][DBG][XCCL][helper.cpp:301] all_reduce: ctx=0x55f6e31f7fe0, seq_id=168, rank=0, nranks=2, dev=0, send=0x4004000000, recv=0x4004000000, cnt=67108864, root=-1, peer=-1, stream=0x55f6e2f0b3e0, data=float, op=sum, group=0, num_host=1, algo=ring
[12:01:04][7273eb5a9391][21:163][DBG][XCCL][kl3_all_reduce.cpp:46] func traced: [all_reduce] xlink_ring_all_reduce_single_node
[12:01:04][7273eb5a9391][21:163][DBG][XCCL][kl3_all_reduce.cpp:94] send buf addr 0x4004000000/0x402408e000 count 6
[12:01:04][7273eb5a9391][21:21][DBG][XCCL][helper.cpp:301] all_reduce: ctx=0x55f6e31f7fe0, seq_id=169, rank=0, nranks=2, dev=0, send=0x4004000000, recv=0x4004000000, cnt=67108864, root=-1, peer=-1, stream=0x55f6e2f0b3e0, data=float, op=sum, group=0, num_host=1, algo=ring
[12:01:04][7273eb5a9391][21:163][DBG][XCCL][kl3_all_reduce.cpp:46] func traced: [all_reduce] xlink_ring_all_reduce_single_node
[12:01:04][7273eb5a9391][21:163][DBG][XCCL][kl3_all_reduce.cpp:94] send buf addr 0x4004000000/0x402408e000 count 6
[12:01:04][7273eb5a9391][21:21][DBG][XCCL][helper.cpp:301] all_reduce: ctx=0x55f6e31f7fe0, seq_id=170, rank=0, nranks=2, dev=0, send=0x4004000000, recv=0x4004000000, cnt=67108864, root=-1, peer=-1, stream=0x55f6e2f0b3e0, data=float, op=sum, group=0, num_host=1, algo=ring
[12:01:04][7273eb5a9391][21:163][DBG][XCCL][kl3_all_reduce.cpp:46] func traced: [all_reduce] xlink_ring_all_reduce_single_node
[12:01:04][7273eb5a9391][21:163][DBG][XCCL][kl3_all_reduce.cpp:94] send buf addr 0x4004000000/0x402408e000 count 6
[12:01:04][7273eb5a9391][21:21][DBG][XCCL][helper.cpp:301] all_reduce: ctx=0x55f6e31f7fe0, seq_id=171, rank=0, nranks=2, dev=0, send=0x4004000000, recv=0x4004000000, cnt=67108864, root=-1, peer=-1, stream=0x55f6e2f0b3e0, data=float, op=sum, group=0, num_host=1, algo=ring
[12:01:04][7273eb5a9391][21:163][DBG][XCCL][kl3_all_reduce.cpp:46] func traced: [all_reduce] xlink_ring_all_reduce_single_node
[12:01:04][7273eb5a9391][21:163][DBG][XCCL][kl3_all_reduce.cpp:94] send buf addr 0x4004000000/0x402408e000 count 6
[12:01:04][7273eb5a9391][21:21][DBG][XCCL][helper.cpp:301] all_reduce: ctx=0x55f6e31f7fe0, seq_id=172, rank=0, nranks=2, dev=0, send=0x4004000000, recv=0x4004000000, cnt=67108864, root=-1, peer=-1, stream=0x55f6e2f0b3e0, data=float, op=sum, group=0, num_host=1, algo=ring
[12:01:04][7273eb5a9391][21:163][DBG][XCCL][kl3_all_reduce.cpp:46] func traced: [all_reduce] xlink_ring_all_reduce_single_node
[12:01:04][7273eb5a9391][21:163][DBG][XCCL][kl3_all_reduce.cpp:94] send buf addr 0x4004000000/0x402408e000 count 6
[12:01:04][7273eb5a9391][21:21][DBG][XCCL][helper.cpp:301] all_reduce: ctx=0x55f6e31f7fe0, seq_id=173, rank=0, nranks=2, dev=0, send=0x4004000000, recv=0x4004000000, cnt=67108864, root=-1, peer=-1, stream=0x55f6e2f0b3e0, data=float, op=sum, group=0, num_host=1, algo=ring
[12:01:04][7273eb5a9391][21:163][DBG][XCCL][kl3_all_reduce.cpp:46] func traced: [all_reduce] xlink_ring_all_reduce_single_node
[12:01:04][7273eb5a9391][21:163][DBG][XCCL][kl3_all_reduce.cpp:94] send buf addr 0x4004000000/0x402408e000 count 6
[12:01:04][7273eb5a9391][21:21][DBG][XCCL][helper.cpp:301] all_reduce: ctx=0x55f6e31f7fe0, seq_id=174, rank=0, nranks=2, dev=0, send=0x4004000000, recv=0x4004000000, cnt=67108864, root=-1, peer=-1, stream=0x55f6e2f0b3e0, data=float, op=sum, group=0, num_host=1, algo=ring
[12:01:04][7273eb5a9391][21:163][DBG][XCCL][kl3_all_reduce.cpp:46] func traced: [all_reduce] xlink_ring_all_reduce_single_node
[12:01:04][7273eb5a9391][21:163][DBG][XCCL][kl3_all_reduce.cpp:94] send buf addr 0x4004000000/0x402408e000 count 6
[12:01:04][7273eb5a9391][21:21][DBG][XCCL][helper.cpp:301] all_reduce: ctx=0x55f6e31f7fe0, seq_id=175, rank=0, nranks=2, dev=0, send=0x4004000000, recv=0x4004000000, cnt=67108864, root=-1, peer=-1, stream=0x55f6e2f0b3e0, data=float, op=sum, group=0, num_host=1, algo=ring
[12:01:04][7273eb5a9391][21:163][DBG][XCCL][kl3_all_reduce.cpp:46] func traced: [all_reduce] xlink_ring_all_reduce_single_node
[12:01:04][7273eb5a9391][21:163][DBG][XCCL][kl3_all_reduce.cpp:94] send buf addr 0x4004000000/0x402408e000 count 6
[12:01:04][7273eb5a9391][21:21][DBG][XCCL][helper.cpp:301] all_reduce: ctx=0x55f6e31f7fe0, seq_id=176, rank=0, nranks=2, dev=0, send=0x4004000000, recv=0x4004000000, cnt=67108864, root=-1, peer=-1, stream=0x55f6e2f0b3e0, data=float, op=sum, group=0, num_host=1, algo=ring
[12:01:04][7273eb5a9391][21:163][DBG][XCCL][kl3_all_reduce.cpp:46] func traced: [all_reduce] xlink_ring_all_reduce_single_node
[12:01:04][7273eb5a9391][21:163][DBG][XCCL][kl3_all_reduce.cpp:94] send buf addr 0x4004000000/0x402408e000 count 6
[12:01:04][7273eb5a9391][21:21][DBG][XCCL][helper.cpp:301] all_reduce: ctx=0x55f6e31f7fe0, seq_id=177, rank=0, nranks=2, dev=0, send=0x4004000000, recv=0x4004000000, cnt=67108864, root=-1, peer=-1, stream=0x55f6e2f0b3e0, data=float, op=sum, group=0, num_host=1, algo=ring
[12:01:04][7273eb5a9391][21:163][DBG][XCCL][kl3_all_reduce.cpp:46] func traced: [all_reduce] xlink_ring_all_reduce_single_node
[12:01:04][7273eb5a9391][21:163][DBG][XCCL][kl3_all_reduce.cpp:94] send buf addr 0x4004000000/0x402408e000 count 6
[12:01:04][7273eb5a9391][21:21][DBG][XCCL][helper.cpp:301] all_reduce: ctx=0x55f6e31f7fe0, seq_id=178, rank=0, nranks=2, dev=0, send=0x4004000000, recv=0x4004000000, cnt=67108864, root=-1, peer=-1, stream=0x55f6e2f0b3e0, data=float, op=sum, group=0, num_host=1, algo=ring
[12:01:04][7273eb5a9391][21:163][DBG][XCCL][kl3_all_reduce.cpp:46] func traced: [all_reduce] xlink_ring_all_reduce_single_node
[12:01:04][7273eb5a9391][21:163][DBG][XCCL][kl3_all_reduce.cpp:94] send buf addr 0x4004000000/0x402408e000 count 6
[12:01:04][7273eb5a9391][21:21][DBG][XCCL][helper.cpp:301] all_reduce: ctx=0x55f6e31f7fe0, seq_id=179, rank=0, nranks=2, dev=0, send=0x4004000000, recv=0x4004000000, cnt=67108864, root=-1, peer=-1, stream=0x55f6e2f0b3e0, data=float, op=sum, group=0, num_host=1, algo=ring
[12:01:04][7273eb5a9391][21:163][DBG][XCCL][kl3_all_reduce.cpp:46] func traced: [all_reduce] xlink_ring_all_reduce_single_node
[12:01:04][7273eb5a9391][21:163][DBG][XCCL][kl3_all_reduce.cpp:94] send buf addr 0x4004000000/0x402408e000 count 6
[12:01:04][7273eb5a9391][21:21][DBG][XCCL][helper.cpp:301] all_reduce: ctx=0x55f6e31f7fe0, seq_id=180, rank=0, nranks=2, dev=0, send=0x4004000000, recv=0x4004000000, cnt=67108864, root=-1, peer=-1, stream=0x55f6e2f0b3e0, data=float, op=sum, group=0, num_host=1, algo=ring
[12:01:04][7273eb5a9391][21:163][DBG][XCCL][kl3_all_reduce.cpp:46] func traced: [all_reduce] xlink_ring_all_reduce_single_node
[12:01:04][7273eb5a9391][21:163][DBG][XCCL][kl3_all_reduce.cpp:94] send buf addr 0x4004000000/0x402408e000 count 6
[12:01:04][7273eb5a9391][21:21][DBG][XCCL][helper.cpp:301] all_reduce: ctx=0x55f6e31f7fe0, seq_id=181, rank=0, nranks=2, dev=0, send=0x4004000000, recv=0x4004000000, cnt=67108864, root=-1, peer=-1, stream=0x55f6e2f0b3e0, data=float, op=sum, group=0, num_host=1, algo=ring
[12:01:04][7273eb5a9391][21:163][DBG][XCCL][kl3_all_reduce.cpp:46] func traced: [all_reduce] xlink_ring_all_reduce_single_node
[12:01:04][7273eb5a9391][21:163][DBG][XCCL][kl3_all_reduce.cpp:94] send buf addr 0x4004000000/0x402408e000 count 6
[12:01:04][7273eb5a9391][21:21][DBG][XCCL][helper.cpp:301] all_reduce: ctx=0x55f6e31f7fe0, seq_id=182, rank=0, nranks=2, dev=0, send=0x4004000000, recv=0x4004000000, cnt=67108864, root=-1, peer=-1, stream=0x55f6e2f0b3e0, data=float, op=sum, group=0, num_host=1, algo=ring
[12:01:04][7273eb5a9391][21:163][DBG][XCCL][kl3_all_reduce.cpp:46] func traced: [all_reduce] xlink_ring_all_reduce_single_node
[12:01:04][7273eb5a9391][21:163][DBG][XCCL][kl3_all_reduce.cpp:94] send buf addr 0x4004000000/0x402408e000 count 6
[12:01:04][7273eb5a9391][21:21][DBG][XCCL][helper.cpp:301] all_reduce: ctx=0x55f6e31f7fe0, seq_id=183, rank=0, nranks=2, dev=0, send=0x4004000000, recv=0x4004000000, cnt=67108864, root=-1, peer=-1, stream=0x55f6e2f0b3e0, data=float, op=sum, group=0, num_host=1, algo=ring
[12:01:04][7273eb5a9391][21:163][DBG][XCCL][kl3_all_reduce.cpp:46] func traced: [all_reduce] xlink_ring_all_reduce_single_node
[12:01:04][7273eb5a9391][21:163][DBG][XCCL][kl3_all_reduce.cpp:94] send buf addr 0x4004000000/0x402408e000 count 6
[12:01:04][7273eb5a9391][21:21][DBG][XCCL][helper.cpp:301] all_reduce: ctx=0x55f6e31f7fe0, seq_id=184, rank=0, nranks=2, dev=0, send=0x4004000000, recv=0x4004000000, cnt=67108864, root=-1, peer=-1, stream=0x55f6e2f0b3e0, data=float, op=sum, group=0, num_host=1, algo=ring
[12:01:04][7273eb5a9391][21:163][DBG][XCCL][kl3_all_reduce.cpp:46] func traced: [all_reduce] xlink_ring_all_reduce_single_node
[12:01:04][7273eb5a9391][21:163][DBG][XCCL][kl3_all_reduce.cpp:94] send buf addr 0x4004000000/0x402408e000 count 6
[12:01:04][7273eb5a9391][21:21][DBG][XCCL][helper.cpp:301] all_reduce: ctx=0x55f6e31f7fe0, seq_id=185, rank=0, nranks=2, dev=0, send=0x4004000000, recv=0x4004000000, cnt=67108864, root=-1, peer=-1, stream=0x55f6e2f0b3e0, data=float, op=sum, group=0, num_host=1, algo=ring
[12:01:04][7273eb5a9391][21:163][DBG][XCCL][kl3_all_reduce.cpp:46] func traced: [all_reduce] xlink_ring_all_reduce_single_node
[12:01:04][7273eb5a9391][21:163][DBG][XCCL][kl3_all_reduce.cpp:94] send buf addr 0x4004000000/0x402408e000 count 6
[12:01:04][7273eb5a9391][21:21][DBG][XCCL][helper.cpp:301] all_reduce: ctx=0x55f6e31f7fe0, seq_id=186, rank=0, nranks=2, dev=0, send=0x4004000000, recv=0x4004000000, cnt=67108864, root=-1, peer=-1, stream=0x55f6e2f0b3e0, data=float, op=sum, group=0, num_host=1, algo=ring
[12:01:04][7273eb5a9391][21:163][DBG][XCCL][kl3_all_reduce.cpp:46] func traced: [all_reduce] xlink_ring_all_reduce_single_node
[12:01:04][7273eb5a9391][21:163][DBG][XCCL][kl3_all_reduce.cpp:94] send buf addr 0x4004000000/0x402408e000 count 6
[12:01:04][7273eb5a9391][21:21][DBG][XCCL][helper.cpp:301] all_reduce: ctx=0x55f6e31f7fe0, seq_id=187, rank=0, nranks=2, dev=0, send=0x4004000000, recv=0x4004000000, cnt=67108864, root=-1, peer=-1, stream=0x55f6e2f0b3e0, data=float, op=sum, group=0, num_host=1, algo=ring
[12:01:04][7273eb5a9391][21:163][DBG][XCCL][kl3_all_reduce.cpp:46] func traced: [all_reduce] xlink_ring_all_reduce_single_node
[12:01:04][7273eb5a9391][21:163][DBG][XCCL][kl3_all_reduce.cpp:94] send buf addr 0x4004000000/0x402408e000 count 6
[12:01:04][7273eb5a9391][21:21][DBG][XCCL][helper.cpp:301] all_reduce: ctx=0x55f6e31f7fe0, seq_id=188, rank=0, nranks=2, dev=0, send=0x4004000000, recv=0x4004000000, cnt=67108864, root=-1, peer=-1, stream=0x55f6e2f0b3e0, data=float, op=sum, group=0, num_host=1, algo=ring
[12:01:04][7273eb5a9391][21:163][DBG][XCCL][kl3_all_reduce.cpp:46] func traced: [all_reduce] xlink_ring_all_reduce_single_node
[12:01:04][7273eb5a9391][21:163][DBG][XCCL][kl3_all_reduce.cpp:94] send buf addr 0x4004000000/0x402408e000 count 6
[12:01:04][7273eb5a9391][21:21][DBG][XCCL][helper.cpp:301] all_reduce: ctx=0x55f6e31f7fe0, seq_id=189, rank=0, nranks=2, dev=0, send=0x4004000000, recv=0x4004000000, cnt=67108864, root=-1, peer=-1, stream=0x55f6e2f0b3e0, data=float, op=sum, group=0, num_host=1, algo=ring
[12:01:04][7273eb5a9391][21:163][DBG][XCCL][kl3_all_reduce.cpp:46] func traced: [all_reduce] xlink_ring_all_reduce_single_node
[12:01:04][7273eb5a9391][21:163][DBG][XCCL][kl3_all_reduce.cpp:94] send buf addr 0x4004000000/0x402408e000 count 6
[12:01:04][7273eb5a9391][21:21][DBG][XCCL][helper.cpp:301] all_reduce: ctx=0x55f6e31f7fe0, seq_id=190, rank=0, nranks=2, dev=0, send=0x4004000000, recv=0x4004000000, cnt=67108864, root=-1, peer=-1, stream=0x55f6e2f0b3e0, data=float, op=sum, group=0, num_host=1, algo=ring
[12:01:04][7273eb5a9391][21:163][DBG][XCCL][kl3_all_reduce.cpp:46] func traced: [all_reduce] xlink_ring_all_reduce_single_node
[12:01:04][7273eb5a9391][21:163][DBG][XCCL][kl3_all_reduce.cpp:94] send buf addr 0x4004000000/0x402408e000 count 6
[12:01:04][7273eb5a9391][21:21][DBG][XCCL][helper.cpp:301] all_reduce: ctx=0x55f6e31f7fe0, seq_id=191, rank=0, nranks=2, dev=0, send=0x4004000000, recv=0x4004000000, cnt=67108864, root=-1, peer=-1, stream=0x55f6e2f0b3e0, data=float, op=sum, group=0, num_host=1, algo=ring
[12:01:04][7273eb5a9391][21:163][DBG][XCCL][kl3_all_reduce.cpp:46] func traced: [all_reduce] xlink_ring_all_reduce_single_node
[12:01:04][7273eb5a9391][21:163][DBG][XCCL][kl3_all_reduce.cpp:94] send buf addr 0x4004000000/0x402408e000 count 6
[12:01:04][7273eb5a9391][21:21][DBG][XCCL][helper.cpp:301] all_reduce: ctx=0x55f6e31f7fe0, seq_id=192, rank=0, nranks=2, dev=0, send=0x4004000000, recv=0x4004000000, cnt=67108864, root=-1, peer=-1, stream=0x55f6e2f0b3e0, data=float, op=sum, group=0, num_host=1, algo=ring
[12:01:04][7273eb5a9391][21:163][DBG][XCCL][kl3_all_reduce.cpp:46] func traced: [all_reduce] xlink_ring_all_reduce_single_node
[12:01:04][7273eb5a9391][21:163][DBG][XCCL][kl3_all_reduce.cpp:94] send buf addr 0x4004000000/0x402408e000 count 6
[12:01:04][7273eb5a9391][21:21][DBG][XCCL][helper.cpp:301] all_reduce: ctx=0x55f6e31f7fe0, seq_id=193, rank=0, nranks=2, dev=0, send=0x4004000000, recv=0x4004000000, cnt=67108864, root=-1, peer=-1, stream=0x55f6e2f0b3e0, data=float, op=sum, group=0, num_host=1, algo=ring
[12:01:04][7273eb5a9391][21:163][DBG][XCCL][kl3_all_reduce.cpp:46] func traced: [all_reduce] xlink_ring_all_reduce_single_node
[12:01:04][7273eb5a9391][21:163][DBG][XCCL][kl3_all_reduce.cpp:94] send buf addr 0x4004000000/0x402408e000 count 6
[12:01:04][7273eb5a9391][21:21][DBG][XCCL][helper.cpp:301] all_reduce: ctx=0x55f6e31f7fe0, seq_id=194, rank=0, nranks=2, dev=0, send=0x4004000000, recv=0x4004000000, cnt=67108864, root=-1, peer=-1, stream=0x55f6e2f0b3e0, data=float, op=sum, group=0, num_host=1, algo=ring
[12:01:04][7273eb5a9391][21:163][DBG][XCCL][kl3_all_reduce.cpp:46] func traced: [all_reduce] xlink_ring_all_reduce_single_node
[12:01:04][7273eb5a9391][21:163][DBG][XCCL][kl3_all_reduce.cpp:94] send buf addr 0x4004000000/0x402408e000 count 6
[12:01:05][7273eb5a9391][21:21][DBG][XCCL][helper.cpp:301] all_reduce: ctx=0x55f6e31f7fe0, seq_id=195, rank=0, nranks=2, dev=0, send=0x4004000000, recv=0x4004000000, cnt=67108864, root=-1, peer=-1, stream=0x55f6e2f0b3e0, data=float, op=sum, group=0, num_host=1, algo=ring
[12:01:05][7273eb5a9391][21:163][DBG][XCCL][kl3_all_reduce.cpp:46] func traced: [all_reduce] xlink_ring_all_reduce_single_node
[12:01:05][7273eb5a9391][21:163][DBG][XCCL][kl3_all_reduce.cpp:94] send buf addr 0x4004000000/0x402408e000 count 6
[12:01:05][7273eb5a9391][21:21][DBG][XCCL][helper.cpp:301] all_reduce: ctx=0x55f6e31f7fe0, seq_id=196, rank=0, nranks=2, dev=0, send=0x4004000000, recv=0x4004000000, cnt=67108864, root=-1, peer=-1, stream=0x55f6e2f0b3e0, data=float, op=sum, group=0, num_host=1, algo=ring
[12:01:05][7273eb5a9391][21:163][DBG][XCCL][kl3_all_reduce.cpp:46] func traced: [all_reduce] xlink_ring_all_reduce_single_node
[12:01:05][7273eb5a9391][21:163][DBG][XCCL][kl3_all_reduce.cpp:94] send buf addr 0x4004000000/0x402408e000 count 6
[12:01:05][7273eb5a9391][21:21][DBG][XCCL][helper.cpp:301] all_reduce: ctx=0x55f6e31f7fe0, seq_id=197, rank=0, nranks=2, dev=0, send=0x4004000000, recv=0x4004000000, cnt=67108864, root=-1, peer=-1, stream=0x55f6e2f0b3e0, data=float, op=sum, group=0, num_host=1, algo=ring
[12:01:05][7273eb5a9391][21:163][DBG][XCCL][kl3_all_reduce.cpp:46] func traced: [all_reduce] xlink_ring_all_reduce_single_node
[12:01:05][7273eb5a9391][21:163][DBG][XCCL][kl3_all_reduce.cpp:94] send buf addr 0x4004000000/0x402408e000 count 6
[12:01:05][7273eb5a9391][21:21][DBG][XCCL][helper.cpp:301] all_reduce: ctx=0x55f6e31f7fe0, seq_id=198, rank=0, nranks=2, dev=0, send=0x4004000000, recv=0x4004000000, cnt=67108864, root=-1, peer=-1, stream=0x55f6e2f0b3e0, data=float, op=sum, group=0, num_host=1, algo=ring
[12:01:05][7273eb5a9391][21:163][DBG][XCCL][kl3_all_reduce.cpp:46] func traced: [all_reduce] xlink_ring_all_reduce_single_node
[12:01:05][7273eb5a9391][21:163][DBG][XCCL][kl3_all_reduce.cpp:94] send buf addr 0x4004000000/0x402408e000 count 6
[12:01:05][7273eb5a9391][21:21][DBG][XCCL][helper.cpp:301] all_reduce: ctx=0x55f6e31f7fe0, seq_id=199, rank=0, nranks=2, dev=0, send=0x4004000000, recv=0x4004000000, cnt=67108864, root=-1, peer=-1, stream=0x55f6e2f0b3e0, data=float, op=sum, group=0, num_host=1, algo=ring
[12:01:05][7273eb5a9391][21:163][DBG][XCCL][kl3_all_reduce.cpp:46] func traced: [all_reduce] xlink_ring_all_reduce_single_node
[12:01:05][7273eb5a9391][21:163][DBG][XCCL][kl3_all_reduce.cpp:94] send buf addr 0x4004000000/0x402408e000 count 6
[12:01:05][7273eb5a9391][21:21][DBG][XCCL][helper.cpp:301] all_reduce: ctx=0x55f6e31f7fe0, seq_id=200, rank=0, nranks=2, dev=0, send=0x4004000000, recv=0x4004000000, cnt=67108864, root=-1, peer=-1, stream=0x55f6e2f0b3e0, data=float, op=sum, group=0, num_host=1, algo=ring
[12:01:05][7273eb5a9391][21:163][DBG][XCCL][kl3_all_reduce.cpp:46] func traced: [all_reduce] xlink_ring_all_reduce_single_node
[12:01:05][7273eb5a9391][21:163][DBG][XCCL][kl3_all_reduce.cpp:94] send buf addr 0x4004000000/0x402408e000 count 6
[12:01:05][7273eb5a9391][21:21][DBG][XCCL][helper.cpp:301] all_reduce: ctx=0x55f6e31f7fe0, seq_id=201, rank=0, nranks=2, dev=0, send=0x4004000000, recv=0x4004000000, cnt=67108864, root=-1, peer=-1, stream=0x55f6e2f0b3e0, data=float, op=sum, group=0, num_host=1, algo=ring
[12:01:05][7273eb5a9391][21:163][DBG][XCCL][kl3_all_reduce.cpp:46] func traced: [all_reduce] xlink_ring_all_reduce_single_node
[12:01:05][7273eb5a9391][21:163][DBG][XCCL][kl3_all_reduce.cpp:94] send buf addr 0x4004000000/0x402408e000 count 6
[12:01:05][7273eb5a9391][21:21][DBG][XCCL][helper.cpp:301] all_reduce: ctx=0x55f6e31f7fe0, seq_id=202, rank=0, nranks=2, dev=0, send=0x4004000000, recv=0x4004000000, cnt=67108864, root=-1, peer=-1, stream=0x55f6e2f0b3e0, data=float, op=sum, group=0, num_host=1, algo=ring
[12:01:05][7273eb5a9391][21:163][DBG][XCCL][kl3_all_reduce.cpp:46] func traced: [all_reduce] xlink_ring_all_reduce_single_node
[12:01:05][7273eb5a9391][21:163][DBG][XCCL][kl3_all_reduce.cpp:94] send buf addr 0x4004000000/0x402408e000 count 6
[12:01:05][7273eb5a9391][21:21][DBG][XCCL][helper.cpp:301] all_reduce: ctx=0x55f6e31f7fe0, seq_id=203, rank=0, nranks=2, dev=0, send=0x4004000000, recv=0x4004000000, cnt=67108864, root=-1, peer=-1, stream=0x55f6e2f0b3e0, data=float, op=sum, group=0, num_host=1, algo=ring
[12:01:05][7273eb5a9391][21:163][DBG][XCCL][kl3_all_reduce.cpp:46] func traced: [all_reduce] xlink_ring_all_reduce_single_node
[12:01:05][7273eb5a9391][21:163][DBG][XCCL][kl3_all_reduce.cpp:94] send buf addr 0x4004000000/0x402408e000 count 6
[12:01:05][7273eb5a9391][21:21][DBG][XCCL][helper.cpp:301] all_reduce: ctx=0x55f6e31f7fe0, seq_id=204, rank=0, nranks=2, dev=0, send=0x4004000000, recv=0x4004000000, cnt=67108864, root=-1, peer=-1, stream=0x55f6e2f0b3e0, data=float, op=sum, group=0, num_host=1, algo=ring
[12:01:05][7273eb5a9391][21:163][DBG][XCCL][kl3_all_reduce.cpp:46] func traced: [all_reduce] xlink_ring_all_reduce_single_node
[12:01:05][7273eb5a9391][21:163][DBG][XCCL][kl3_all_reduce.cpp:94] send buf addr 0x4004000000/0x402408e000 count 6
[12:01:05][7273eb5a9391][21:21][DBG][XCCL][helper.cpp:301] all_reduce: ctx=0x55f6e31f7fe0, seq_id=205, rank=0, nranks=2, dev=0, send=0x4004000000, recv=0x4004000000, cnt=67108864, root=-1, peer=-1, stream=0x55f6e2f0b3e0, data=float, op=sum, group=0, num_host=1, algo=ring
[12:01:05][7273eb5a9391][21:163][DBG][XCCL][kl3_all_reduce.cpp:46] func traced: [all_reduce] xlink_ring_all_reduce_single_node
[12:01:05][7273eb5a9391][21:163][DBG][XCCL][kl3_all_reduce.cpp:94] send buf addr 0x4004000000/0x402408e000 count 6
[12:01:05][7273eb5a9391][21:21][DBG][XCCL][helper.cpp:301] all_reduce: ctx=0x55f6e31f7fe0, seq_id=206, rank=0, nranks=2, dev=0, send=0x4004000000, recv=0x4004000000, cnt=67108864, root=-1, peer=-1, stream=0x55f6e2f0b3e0, data=float, op=sum, group=0, num_host=1, algo=ring
[12:01:05][7273eb5a9391][21:163][DBG][XCCL][kl3_all_reduce.cpp:46] func traced: [all_reduce] xlink_ring_all_reduce_single_node
[12:01:05][7273eb5a9391][21:163][DBG][XCCL][kl3_all_reduce.cpp:94] send buf addr 0x4004000000/0x402408e000 count 6
[12:01:05][7273eb5a9391][21:21][DBG][XCCL][helper.cpp:301] all_reduce: ctx=0x55f6e31f7fe0, seq_id=207, rank=0, nranks=2, dev=0, send=0x4004000000, recv=0x4004000000, cnt=67108864, root=-1, peer=-1, stream=0x55f6e2f0b3e0, data=float, op=sum, group=0, num_host=1, algo=ring
[12:01:05][7273eb5a9391][21:163][DBG][XCCL][kl3_all_reduce.cpp:46] func traced: [all_reduce] xlink_ring_all_reduce_single_node
[12:01:05][7273eb5a9391][21:163][DBG][XCCL][kl3_all_reduce.cpp:94] send buf addr 0x4004000000/0x402408e000 count 6
[12:01:05][7273eb5a9391][21:21][DBG][XCCL][helper.cpp:301] all_reduce: ctx=0x55f6e31f7fe0, seq_id=208, rank=0, nranks=2, dev=0, send=0x4004000000, recv=0x4004000000, cnt=67108864, root=-1, peer=-1, stream=0x55f6e2f0b3e0, data=float, op=sum, group=0, num_host=1, algo=ring
[12:01:05][7273eb5a9391][21:163][DBG][XCCL][kl3_all_reduce.cpp:46] func traced: [all_reduce] xlink_ring_all_reduce_single_node
[12:01:05][7273eb5a9391][21:163][DBG][XCCL][kl3_all_reduce.cpp:94] send buf addr 0x4004000000/0x402408e000 count 6
[12:01:05][7273eb5a9391][21:21][DBG][XCCL][helper.cpp:301] all_reduce: ctx=0x55f6e31f7fe0, seq_id=209, rank=0, nranks=2, dev=0, send=0x4004000000, recv=0x4004000000, cnt=67108864, root=-1, peer=-1, stream=0x55f6e2f0b3e0, data=float, op=sum, group=0, num_host=1, algo=ring
[12:01:05][7273eb5a9391][21:163][DBG][XCCL][kl3_all_reduce.cpp:46] func traced: [all_reduce] xlink_ring_all_reduce_single_node
[12:01:05][7273eb5a9391][21:163][DBG][XCCL][kl3_all_reduce.cpp:94] send buf addr 0x4004000000/0x402408e000 count 6
[12:01:05][7273eb5a9391][21:21][DBG][XCCL][helper.cpp:301] all_reduce: ctx=0x55f6e31f7fe0, seq_id=210, rank=0, nranks=2, dev=0, send=0x4004000000, recv=0x4004000000, cnt=67108864, root=-1, peer=-1, stream=0x55f6e2f0b3e0, data=float, op=sum, group=0, num_host=1, algo=ring
[12:01:05][7273eb5a9391][21:163][DBG][XCCL][kl3_all_reduce.cpp:46] func traced: [all_reduce] xlink_ring_all_reduce_single_node
[12:01:05][7273eb5a9391][21:163][DBG][XCCL][kl3_all_reduce.cpp:94] send buf addr 0x4004000000/0x402408e000 count 6
[12:01:05][7273eb5a9391][21:21][DBG][XCCL][helper.cpp:301] all_reduce: ctx=0x55f6e31f7fe0, seq_id=211, rank=0, nranks=2, dev=0, send=0x4004000000, recv=0x4004000000, cnt=67108864, root=-1, peer=-1, stream=0x55f6e2f0b3e0, data=float, op=sum, group=0, num_host=1, algo=ring
[12:01:05][7273eb5a9391][21:163][DBG][XCCL][kl3_all_reduce.cpp:46] func traced: [all_reduce] xlink_ring_all_reduce_single_node
[12:01:05][7273eb5a9391][21:163][DBG][XCCL][kl3_all_reduce.cpp:94] send buf addr 0x4004000000/0x402408e000 count 6
[12:01:05][7273eb5a9391][21:21][DBG][XCCL][helper.cpp:301] all_reduce: ctx=0x55f6e31f7fe0, seq_id=212, rank=0, nranks=2, dev=0, send=0x4004000000, recv=0x4004000000, cnt=67108864, root=-1, peer=-1, stream=0x55f6e2f0b3e0, data=float, op=sum, group=0, num_host=1, algo=ring
[12:01:05][7273eb5a9391][21:163][DBG][XCCL][kl3_all_reduce.cpp:46] func traced: [all_reduce] xlink_ring_all_reduce_single_node
[12:01:05][7273eb5a9391][21:163][DBG][XCCL][kl3_all_reduce.cpp:94] send buf addr 0x4004000000/0x402408e000 count 6
[12:01:05][7273eb5a9391][21:21][DBG][XCCL][helper.cpp:301] all_reduce: ctx=0x55f6e31f7fe0, seq_id=213, rank=0, nranks=2, dev=0, send=0x4004000000, recv=0x4004000000, cnt=67108864, root=-1, peer=-1, stream=0x55f6e2f0b3e0, data=float, op=sum, group=0, num_host=1, algo=ring
[12:01:05][7273eb5a9391][21:163][DBG][XCCL][kl3_all_reduce.cpp:46] func traced: [all_reduce] xlink_ring_all_reduce_single_node
[12:01:05][7273eb5a9391][21:163][DBG][XCCL][kl3_all_reduce.cpp:94] send buf addr 0x4004000000/0x402408e000 count 6
[12:01:05][7273eb5a9391][21:21][DBG][XCCL][helper.cpp:301] all_reduce: ctx=0x55f6e31f7fe0, seq_id=214, rank=0, nranks=2, dev=0, send=0x4004000000, recv=0x4004000000, cnt=67108864, root=-1, peer=-1, stream=0x55f6e2f0b3e0, data=float, op=sum, group=0, num_host=1, algo=ring
[12:01:05][7273eb5a9391][21:163][DBG][XCCL][kl3_all_reduce.cpp:46] func traced: [all_reduce] xlink_ring_all_reduce_single_node
[12:01:05][7273eb5a9391][21:163][DBG][XCCL][kl3_all_reduce.cpp:94] send buf addr 0x4004000000/0x402408e000 count 6
[12:01:05][7273eb5a9391][21:21][DBG][XCCL][helper.cpp:301] all_reduce: ctx=0x55f6e31f7fe0, seq_id=215, rank=0, nranks=2, dev=0, send=0x4004000000, recv=0x4004000000, cnt=67108864, root=-1, peer=-1, stream=0x55f6e2f0b3e0, data=float, op=sum, group=0, num_host=1, algo=ring
[12:01:05][7273eb5a9391][21:163][DBG][XCCL][kl3_all_reduce.cpp:46] func traced: [all_reduce] xlink_ring_all_reduce_single_node
[12:01:05][7273eb5a9391][21:163][DBG][XCCL][kl3_all_reduce.cpp:94] send buf addr 0x4004000000/0x402408e000 count 6
[12:01:05][7273eb5a9391][21:21][DBG][XCCL][helper.cpp:301] all_reduce: ctx=0x55f6e31f7fe0, seq_id=216, rank=0, nranks=2, dev=0, send=0x4004000000, recv=0x4004000000, cnt=67108864, root=-1, peer=-1, stream=0x55f6e2f0b3e0, data=float, op=sum, group=0, num_host=1, algo=ring
[12:01:05][7273eb5a9391][21:163][DBG][XCCL][kl3_all_reduce.cpp:46] func traced: [all_reduce] xlink_ring_all_reduce_single_node
[12:01:05][7273eb5a9391][21:163][DBG][XCCL][kl3_all_reduce.cpp:94] send buf addr 0x4004000000/0x402408e000 count 6
[12:01:05][7273eb5a9391][21:21][DBG][XCCL][helper.cpp:301] all_reduce: ctx=0x55f6e31f7fe0, seq_id=217, rank=0, nranks=2, dev=0, send=0x4004000000, recv=0x4004000000, cnt=67108864, root=-1, peer=-1, stream=0x55f6e2f0b3e0, data=float, op=sum, group=0, num_host=1, algo=ring
[12:01:05][7273eb5a9391][21:163][DBG][XCCL][kl3_all_reduce.cpp:46] func traced: [all_reduce] xlink_ring_all_reduce_single_node
[12:01:05][7273eb5a9391][21:163][DBG][XCCL][kl3_all_reduce.cpp:94] send buf addr 0x4004000000/0x402408e000 count 6
[12:01:05][7273eb5a9391][21:21][DBG][XCCL][helper.cpp:301] all_reduce: ctx=0x55f6e31f7fe0, seq_id=218, rank=0, nranks=2, dev=0, send=0x4004000000, recv=0x4004000000, cnt=67108864, root=-1, peer=-1, stream=0x55f6e2f0b3e0, data=float, op=sum, group=0, num_host=1, algo=ring
[12:01:05][7273eb5a9391][21:163][DBG][XCCL][kl3_all_reduce.cpp:46] func traced: [all_reduce] xlink_ring_all_reduce_single_node
[12:01:05][7273eb5a9391][21:163][DBG][XCCL][kl3_all_reduce.cpp:94] send buf addr 0x4004000000/0x402408e000 count 6
[12:01:05][7273eb5a9391][21:21][DBG][XCCL][helper.cpp:301] all_reduce: ctx=0x55f6e31f7fe0, seq_id=219, rank=0, nranks=2, dev=0, send=0x4004000000, recv=0x4004000000, cnt=67108864, root=-1, peer=-1, stream=0x55f6e2f0b3e0, data=float, op=sum, group=0, num_host=1, algo=ring
[12:01:05][7273eb5a9391][21:163][DBG][XCCL][kl3_all_reduce.cpp:46] func traced: [all_reduce] xlink_ring_all_reduce_single_node
[12:01:05][7273eb5a9391][21:163][DBG][XCCL][kl3_all_reduce.cpp:94] send buf addr 0x4004000000/0x402408e000 count 6
[12:01:05][7273eb5a9391][21:21][DBG][XCCL][helper.cpp:301] all_reduce: ctx=0x55f6e31f7fe0, seq_id=220, rank=0, nranks=2, dev=0, send=0x4004000000, recv=0x4004000000, cnt=67108864, root=-1, peer=-1, stream=0x55f6e2f0b3e0, data=float, op=sum, group=0, num_host=1, algo=ring
[12:01:05][7273eb5a9391][21:163][DBG][XCCL][kl3_all_reduce.cpp:46] func traced: [all_reduce] xlink_ring_all_reduce_single_node
[12:01:05][7273eb5a9391][21:163][DBG][XCCL][kl3_all_reduce.cpp:94] send buf addr 0x4004000000/0x402408e000 count 6
[12:01:05][7273eb5a9391][21:21][DBG][XCCL][helper.cpp:301] all_reduce: ctx=0x55f6e31f7fe0, seq_id=221, rank=0, nranks=2, dev=0, send=0x4004000000, recv=0x4004000000, cnt=67108864, root=-1, peer=-1, stream=0x55f6e2f0b3e0, data=float, op=sum, group=0, num_host=1, algo=ring
[12:01:05][7273eb5a9391][21:163][DBG][XCCL][kl3_all_reduce.cpp:46] func traced: [all_reduce] xlink_ring_all_reduce_single_node
[12:01:05][7273eb5a9391][21:163][DBG][XCCL][kl3_all_reduce.cpp:94] send buf addr 0x4004000000/0x402408e000 count 6
[12:01:05][7273eb5a9391][21:21][DBG][XCCL][helper.cpp:301] all_reduce: ctx=0x55f6e31f7fe0, seq_id=222, rank=0, nranks=2, dev=0, send=0x4004000000, recv=0x4004000000, cnt=67108864, root=-1, peer=-1, stream=0x55f6e2f0b3e0, data=float, op=sum, group=0, num_host=1, algo=ring
[12:01:05][7273eb5a9391][21:163][DBG][XCCL][kl3_all_reduce.cpp:46] func traced: [all_reduce] xlink_ring_all_reduce_single_node
[12:01:05][7273eb5a9391][21:163][DBG][XCCL][kl3_all_reduce.cpp:94] send buf addr 0x4004000000/0x402408e000 count 6
[12:01:05][7273eb5a9391][21:21][DBG][XCCL][helper.cpp:301] all_reduce: ctx=0x55f6e31f7fe0, seq_id=223, rank=0, nranks=2, dev=0, send=0x4004000000, recv=0x4004000000, cnt=67108864, root=-1, peer=-1, stream=0x55f6e2f0b3e0, data=float, op=sum, group=0, num_host=1, algo=ring
[12:01:05][7273eb5a9391][21:163][DBG][XCCL][kl3_all_reduce.cpp:46] func traced: [all_reduce] xlink_ring_all_reduce_single_node
[12:01:05][7273eb5a9391][21:163][DBG][XCCL][kl3_all_reduce.cpp:94] send buf addr 0x4004000000/0x402408e000 count 6
[12:01:05][7273eb5a9391][21:21][DBG][XCCL][helper.cpp:301] all_reduce: ctx=0x55f6e31f7fe0, seq_id=224, rank=0, nranks=2, dev=0, send=0x4004000000, recv=0x4004000000, cnt=67108864, root=-1, peer=-1, stream=0x55f6e2f0b3e0, data=float, op=sum, group=0, num_host=1, algo=ring
[12:01:05][7273eb5a9391][21:163][DBG][XCCL][kl3_all_reduce.cpp:46] func traced: [all_reduce] xlink_ring_all_reduce_single_node
[12:01:05][7273eb5a9391][21:163][DBG][XCCL][kl3_all_reduce.cpp:94] send buf addr 0x4004000000/0x402408e000 count 6
[12:01:05][7273eb5a9391][21:21][DBG][XCCL][helper.cpp:301] all_reduce: ctx=0x55f6e31f7fe0, seq_id=225, rank=0, nranks=2, dev=0, send=0x4004000000, recv=0x4004000000, cnt=67108864, root=-1, peer=-1, stream=0x55f6e2f0b3e0, data=float, op=sum, group=0, num_host=1, algo=ring
[12:01:05][7273eb5a9391][21:163][DBG][XCCL][kl3_all_reduce.cpp:46] func traced: [all_reduce] xlink_ring_all_reduce_single_node
[12:01:05][7273eb5a9391][21:163][DBG][XCCL][kl3_all_reduce.cpp:94] send buf addr 0x4004000000/0x402408e000 count 6
[12:01:05][7273eb5a9391][21:21][DBG][XCCL][helper.cpp:301] all_reduce: ctx=0x55f6e31f7fe0, seq_id=226, rank=0, nranks=2, dev=0, send=0x4004000000, recv=0x4004000000, cnt=67108864, root=-1, peer=-1, stream=0x55f6e2f0b3e0, data=float, op=sum, group=0, num_host=1, algo=ring
[12:01:05][7273eb5a9391][21:163][DBG][XCCL][kl3_all_reduce.cpp:46] func traced: [all_reduce] xlink_ring_all_reduce_single_node
[12:01:05][7273eb5a9391][21:163][DBG][XCCL][kl3_all_reduce.cpp:94] send buf addr 0x4004000000/0x402408e000 count 6
[12:01:05][7273eb5a9391][21:21][DBG][XCCL][helper.cpp:301] all_reduce: ctx=0x55f6e31f7fe0, seq_id=227, rank=0, nranks=2, dev=0, send=0x4004000000, recv=0x4004000000, cnt=67108864, root=-1, peer=-1, stream=0x55f6e2f0b3e0, data=float, op=sum, group=0, num_host=1, algo=ring
[12:01:05][7273eb5a9391][21:163][DBG][XCCL][kl3_all_reduce.cpp:46] func traced: [all_reduce] xlink_ring_all_reduce_single_node
[12:01:05][7273eb5a9391][21:163][DBG][XCCL][kl3_all_reduce.cpp:94] send buf addr 0x4004000000/0x402408e000 count 6
[12:01:05][7273eb5a9391][21:21][DBG][XCCL][helper.cpp:301] all_reduce: ctx=0x55f6e31f7fe0, seq_id=228, rank=0, nranks=2, dev=0, send=0x4004000000, recv=0x4004000000, cnt=67108864, root=-1, peer=-1, stream=0x55f6e2f0b3e0, data=float, op=sum, group=0, num_host=1, algo=ring
[12:01:05][7273eb5a9391][21:163][DBG][XCCL][kl3_all_reduce.cpp:46] func traced: [all_reduce] xlink_ring_all_reduce_single_node
[12:01:05][7273eb5a9391][21:163][DBG][XCCL][kl3_all_reduce.cpp:94] send buf addr 0x4004000000/0x402408e000 count 6
[12:01:05][7273eb5a9391][21:21][DBG][XCCL][helper.cpp:301] all_reduce: ctx=0x55f6e31f7fe0, seq_id=229, rank=0, nranks=2, dev=0, send=0x4004000000, recv=0x4004000000, cnt=67108864, root=-1, peer=-1, stream=0x55f6e2f0b3e0, data=float, op=sum, group=0, num_host=1, algo=ring
[12:01:05][7273eb5a9391][21:163][DBG][XCCL][kl3_all_reduce.cpp:46] func traced: [all_reduce] xlink_ring_all_reduce_single_node
[12:01:05][7273eb5a9391][21:163][DBG][XCCL][kl3_all_reduce.cpp:94] send buf addr 0x4004000000/0x402408e000 count 6
[12:01:05][7273eb5a9391][21:21][DBG][XCCL][helper.cpp:301] all_reduce: ctx=0x55f6e31f7fe0, seq_id=230, rank=0, nranks=2, dev=0, send=0x4004000000, recv=0x4004000000, cnt=67108864, root=-1, peer=-1, stream=0x55f6e2f0b3e0, data=float, op=sum, group=0, num_host=1, algo=ring
[12:01:05][7273eb5a9391][21:163][DBG][XCCL][kl3_all_reduce.cpp:46] func traced: [all_reduce] xlink_ring_all_reduce_single_node
[12:01:05][7273eb5a9391][21:163][DBG][XCCL][kl3_all_reduce.cpp:94] send buf addr 0x4004000000/0x402408e000 count 6
[12:01:05][7273eb5a9391][21:21][DBG][XCCL][helper.cpp:301] all_reduce: ctx=0x55f6e31f7fe0, seq_id=231, rank=0, nranks=2, dev=0, send=0x4004000000, recv=0x4004000000, cnt=67108864, root=-1, peer=-1, stream=0x55f6e2f0b3e0, data=float, op=sum, group=0, num_host=1, algo=ring
[12:01:05][7273eb5a9391][21:163][DBG][XCCL][kl3_all_reduce.cpp:46] func traced: [all_reduce] xlink_ring_all_reduce_single_node
[12:01:05][7273eb5a9391][21:163][DBG][XCCL][kl3_all_reduce.cpp:94] send buf addr 0x4004000000/0x402408e000 count 6
[12:01:05][7273eb5a9391][21:21][DBG][XCCL][helper.cpp:301] all_reduce: ctx=0x55f6e31f7fe0, seq_id=232, rank=0, nranks=2, dev=0, send=0x4004000000, recv=0x4004000000, cnt=67108864, root=-1, peer=-1, stream=0x55f6e2f0b3e0, data=float, op=sum, group=0, num_host=1, algo=ring
[12:01:05][7273eb5a9391][21:163][DBG][XCCL][kl3_all_reduce.cpp:46] func traced: [all_reduce] xlink_ring_all_reduce_single_node
[12:01:05][7273eb5a9391][21:163][DBG][XCCL][kl3_all_reduce.cpp:94] send buf addr 0x4004000000/0x402408e000 count 6
[12:01:05][7273eb5a9391][21:21][DBG][XCCL][helper.cpp:301] all_reduce: ctx=0x55f6e31f7fe0, seq_id=233, rank=0, nranks=2, dev=0, send=0x4004000000, recv=0x4004000000, cnt=67108864, root=-1, peer=-1, stream=0x55f6e2f0b3e0, data=float, op=sum, group=0, num_host=1, algo=ring
[12:01:05][7273eb5a9391][21:163][DBG][XCCL][kl3_all_reduce.cpp:46] func traced: [all_reduce] xlink_ring_all_reduce_single_node
[12:01:05][7273eb5a9391][21:163][DBG][XCCL][kl3_all_reduce.cpp:94] send buf addr 0x4004000000/0x402408e000 count 6
[12:01:05][7273eb5a9391][21:21][DBG][XCCL][helper.cpp:301] all_reduce: ctx=0x55f6e31f7fe0, seq_id=234, rank=0, nranks=2, dev=0, send=0x4004000000, recv=0x4004000000, cnt=67108864, root=-1, peer=-1, stream=0x55f6e2f0b3e0, data=float, op=sum, group=0, num_host=1, algo=ring
[12:01:05][7273eb5a9391][21:163][DBG][XCCL][kl3_all_reduce.cpp:46] func traced: [all_reduce] xlink_ring_all_reduce_single_node
[12:01:05][7273eb5a9391][21:163][DBG][XCCL][kl3_all_reduce.cpp:94] send buf addr 0x4004000000/0x402408e000 count 6
[12:01:05][7273eb5a9391][21:21][DBG][XCCL][helper.cpp:301] all_reduce: ctx=0x55f6e31f7fe0, seq_id=235, rank=0, nranks=2, dev=0, send=0x4004000000, recv=0x4004000000, cnt=67108864, root=-1, peer=-1, stream=0x55f6e2f0b3e0, data=float, op=sum, group=0, num_host=1, algo=ring
[12:01:05][7273eb5a9391][21:163][DBG][XCCL][kl3_all_reduce.cpp:46] func traced: [all_reduce] xlink_ring_all_reduce_single_node
[12:01:05][7273eb5a9391][21:163][DBG][XCCL][kl3_all_reduce.cpp:94] send buf addr 0x4004000000/0x402408e000 count 6
[12:01:05][7273eb5a9391][21:21][DBG][XCCL][helper.cpp:301] all_reduce: ctx=0x55f6e31f7fe0, seq_id=236, rank=0, nranks=2, dev=0, send=0x4004000000, recv=0x4004000000, cnt=67108864, root=-1, peer=-1, stream=0x55f6e2f0b3e0, data=float, op=sum, group=0, num_host=1, algo=ring
[12:01:05][7273eb5a9391][21:163][DBG][XCCL][kl3_all_reduce.cpp:46] func traced: [all_reduce] xlink_ring_all_reduce_single_node
[12:01:05][7273eb5a9391][21:163][DBG][XCCL][kl3_all_reduce.cpp:94] send buf addr 0x4004000000/0x402408e000 count 6
[12:01:05][7273eb5a9391][21:21][DBG][XCCL][helper.cpp:301] all_reduce: ctx=0x55f6e31f7fe0, seq_id=237, rank=0, nranks=2, dev=0, send=0x4004000000, recv=0x4004000000, cnt=67108864, root=-1, peer=-1, stream=0x55f6e2f0b3e0, data=float, op=sum, group=0, num_host=1, algo=ring
[12:01:05][7273eb5a9391][21:163][DBG][XCCL][kl3_all_reduce.cpp:46] func traced: [all_reduce] xlink_ring_all_reduce_single_node
[12:01:05][7273eb5a9391][21:163][DBG][XCCL][kl3_all_reduce.cpp:94] send buf addr 0x4004000000/0x402408e000 count 6
[12:01:05][7273eb5a9391][21:21][DBG][XCCL][helper.cpp:301] all_reduce: ctx=0x55f6e31f7fe0, seq_id=238, rank=0, nranks=2, dev=0, send=0x4004000000, recv=0x4004000000, cnt=67108864, root=-1, peer=-1, stream=0x55f6e2f0b3e0, data=float, op=sum, group=0, num_host=1, algo=ring
[12:01:05][7273eb5a9391][21:163][DBG][XCCL][kl3_all_reduce.cpp:46] func traced: [all_reduce] xlink_ring_all_reduce_single_node
[12:01:05][7273eb5a9391][21:163][DBG][XCCL][kl3_all_reduce.cpp:94] send buf addr 0x4004000000/0x402408e000 count 6
[12:01:05][7273eb5a9391][21:21][DBG][XCCL][helper.cpp:301] all_reduce: ctx=0x55f6e31f7fe0, seq_id=239, rank=0, nranks=2, dev=0, send=0x4004000000, recv=0x4004000000, cnt=67108864, root=-1, peer=-1, stream=0x55f6e2f0b3e0, data=float, op=sum, group=0, num_host=1, algo=ring
[12:01:05][7273eb5a9391][21:163][DBG][XCCL][kl3_all_reduce.cpp:46] func traced: [all_reduce] xlink_ring_all_reduce_single_node
[12:01:05][7273eb5a9391][21:163][DBG][XCCL][kl3_all_reduce.cpp:94] send buf addr 0x4004000000/0x402408e000 count 6
[12:01:05][7273eb5a9391][21:21][DBG][XCCL][helper.cpp:301] all_reduce: ctx=0x55f6e31f7fe0, seq_id=240, rank=0, nranks=2, dev=0, send=0x4004000000, recv=0x4004000000, cnt=67108864, root=-1, peer=-1, stream=0x55f6e2f0b3e0, data=float, op=sum, group=0, num_host=1, algo=ring
[12:01:05][7273eb5a9391][21:163][DBG][XCCL][kl3_all_reduce.cpp:46] func traced: [all_reduce] xlink_ring_all_reduce_single_node
[12:01:05][7273eb5a9391][21:163][DBG][XCCL][kl3_all_reduce.cpp:94] send buf addr 0x4004000000/0x402408e000 count 6
[12:01:05][7273eb5a9391][21:21][DBG][XCCL][helper.cpp:301] all_reduce: ctx=0x55f6e31f7fe0, seq_id=241, rank=0, nranks=2, dev=0, send=0x4004000000, recv=0x4004000000, cnt=67108864, root=-1, peer=-1, stream=0x55f6e2f0b3e0, data=float, op=sum, group=0, num_host=1, algo=ring
[12:01:05][7273eb5a9391][21:163][DBG][XCCL][kl3_all_reduce.cpp:46] func traced: [all_reduce] xlink_ring_all_reduce_single_node
[12:01:05][7273eb5a9391][21:163][DBG][XCCL][kl3_all_reduce.cpp:94] send buf addr 0x4004000000/0x402408e000 count 6
[12:01:05][7273eb5a9391][21:21][DBG][XCCL][helper.cpp:301] all_reduce: ctx=0x55f6e31f7fe0, seq_id=242, rank=0, nranks=2, dev=0, send=0x4004000000, recv=0x4004000000, cnt=67108864, root=-1, peer=-1, stream=0x55f6e2f0b3e0, data=float, op=sum, group=0, num_host=1, algo=ring
[12:01:05][7273eb5a9391][21:163][DBG][XCCL][kl3_all_reduce.cpp:46] func traced: [all_reduce] xlink_ring_all_reduce_single_node
[12:01:05][7273eb5a9391][21:163][DBG][XCCL][kl3_all_reduce.cpp:94] send buf addr 0x4004000000/0x402408e000 count 6
[12:01:05][7273eb5a9391][21:21][DBG][XCCL][helper.cpp:301] all_reduce: ctx=0x55f6e31f7fe0, seq_id=243, rank=0, nranks=2, dev=0, send=0x4004000000, recv=0x4004000000, cnt=67108864, root=-1, peer=-1, stream=0x55f6e2f0b3e0, data=float, op=sum, group=0, num_host=1, algo=ring
[12:01:05][7273eb5a9391][21:163][DBG][XCCL][kl3_all_reduce.cpp:46] func traced: [all_reduce] xlink_ring_all_reduce_single_node
[12:01:05][7273eb5a9391][21:163][DBG][XCCL][kl3_all_reduce.cpp:94] send buf addr 0x4004000000/0x402408e000 count 6
[12:01:05][7273eb5a9391][21:21][DBG][XCCL][helper.cpp:301] all_reduce: ctx=0x55f6e31f7fe0, seq_id=244, rank=0, nranks=2, dev=0, send=0x4004000000, recv=0x4004000000, cnt=67108864, root=-1, peer=-1, stream=0x55f6e2f0b3e0, data=float, op=sum, group=0, num_host=1, algo=ring
[12:01:05][7273eb5a9391][21:163][DBG][XCCL][kl3_all_reduce.cpp:46] func traced: [all_reduce] xlink_ring_all_reduce_single_node
[12:01:05][7273eb5a9391][21:163][DBG][XCCL][kl3_all_reduce.cpp:94] send buf addr 0x4004000000/0x402408e000 count 6
[12:01:05][7273eb5a9391][21:21][DBG][XCCL][helper.cpp:301] all_reduce: ctx=0x55f6e31f7fe0, seq_id=245, rank=0, nranks=2, dev=0, send=0x4004000000, recv=0x4004000000, cnt=67108864, root=-1, peer=-1, stream=0x55f6e2f0b3e0, data=float, op=sum, group=0, num_host=1, algo=ring
[12:01:05][7273eb5a9391][21:163][DBG][XCCL][kl3_all_reduce.cpp:46] func traced: [all_reduce] xlink_ring_all_reduce_single_node
[12:01:05][7273eb5a9391][21:163][DBG][XCCL][kl3_all_reduce.cpp:94] send buf addr 0x4004000000/0x402408e000 count 6
[12:01:05][7273eb5a9391][21:21][DBG][XCCL][helper.cpp:301] all_reduce: ctx=0x55f6e31f7fe0, seq_id=246, rank=0, nranks=2, dev=0, send=0x4004000000, recv=0x4004000000, cnt=67108864, root=-1, peer=-1, stream=0x55f6e2f0b3e0, data=float, op=sum, group=0, num_host=1, algo=ring
[12:01:05][7273eb5a9391][21:163][DBG][XCCL][kl3_all_reduce.cpp:46] func traced: [all_reduce] xlink_ring_all_reduce_single_node
[12:01:05][7273eb5a9391][21:163][DBG][XCCL][kl3_all_reduce.cpp:94] send buf addr 0x4004000000/0x402408e000 count 6
[12:01:05][7273eb5a9391][21:21][DBG][XCCL][helper.cpp:301] all_reduce: ctx=0x55f6e31f7fe0, seq_id=247, rank=0, nranks=2, dev=0, send=0x4004000000, recv=0x4004000000, cnt=67108864, root=-1, peer=-1, stream=0x55f6e2f0b3e0, data=float, op=sum, group=0, num_host=1, algo=ring
[12:01:05][7273eb5a9391][21:163][DBG][XCCL][kl3_all_reduce.cpp:46] func traced: [all_reduce] xlink_ring_all_reduce_single_node
[12:01:05][7273eb5a9391][21:163][DBG][XCCL][kl3_all_reduce.cpp:94] send buf addr 0x4004000000/0x402408e000 count 6
[12:01:05][7273eb5a9391][21:21][DBG][XCCL][helper.cpp:301] all_reduce: ctx=0x55f6e31f7fe0, seq_id=248, rank=0, nranks=2, dev=0, send=0x4004000000, recv=0x4004000000, cnt=67108864, root=-1, peer=-1, stream=0x55f6e2f0b3e0, data=float, op=sum, group=0, num_host=1, algo=ring
[12:01:05][7273eb5a9391][21:163][DBG][XCCL][kl3_all_reduce.cpp:46] func traced: [all_reduce] xlink_ring_all_reduce_single_node
[12:01:05][7273eb5a9391][21:163][DBG][XCCL][kl3_all_reduce.cpp:94] send buf addr 0x4004000000/0x402408e000 count 6
[12:01:05][7273eb5a9391][21:21][DBG][XCCL][helper.cpp:301] all_reduce: ctx=0x55f6e31f7fe0, seq_id=249, rank=0, nranks=2, dev=0, send=0x4004000000, recv=0x4004000000, cnt=67108864, root=-1, peer=-1, stream=0x55f6e2f0b3e0, data=float, op=sum, group=0, num_host=1, algo=ring
[12:01:05][7273eb5a9391][21:163][DBG][XCCL][kl3_all_reduce.cpp:46] func traced: [all_reduce] xlink_ring_all_reduce_single_node
[12:01:05][7273eb5a9391][21:163][DBG][XCCL][kl3_all_reduce.cpp:94] send buf addr 0x4004000000/0x402408e000 count 6
[12:01:05][7273eb5a9391][21:21][DBG][XCCL][helper.cpp:301] all_reduce: ctx=0x55f6e31f7fe0, seq_id=250, rank=0, nranks=2, dev=0, send=0x4004000000, recv=0x4004000000, cnt=67108864, root=-1, peer=-1, stream=0x55f6e2f0b3e0, data=float, op=sum, group=0, num_host=1, algo=ring
[12:01:05][7273eb5a9391][21:163][DBG][XCCL][kl3_all_reduce.cpp:46] func traced: [all_reduce] xlink_ring_all_reduce_single_node
[12:01:05][7273eb5a9391][21:163][DBG][XCCL][kl3_all_reduce.cpp:94] send buf addr 0x4004000000/0x402408e000 count 6
[12:01:05][7273eb5a9391][21:21][DBG][XCCL][helper.cpp:301] all_reduce: ctx=0x55f6e31f7fe0, seq_id=251, rank=0, nranks=2, dev=0, send=0x4004000000, recv=0x4004000000, cnt=67108864, root=-1, peer=-1, stream=0x55f6e2f0b3e0, data=float, op=sum, group=0, num_host=1, algo=ring
[12:01:05][7273eb5a9391][21:163][DBG][XCCL][kl3_all_reduce.cpp:46] func traced: [all_reduce] xlink_ring_all_reduce_single_node
[12:01:05][7273eb5a9391][21:163][DBG][XCCL][kl3_all_reduce.cpp:94] send buf addr 0x4004000000/0x402408e000 count 6
[12:01:05][7273eb5a9391][21:21][DBG][XCCL][helper.cpp:301] all_reduce: ctx=0x55f6e31f7fe0, seq_id=252, rank=0, nranks=2, dev=0, send=0x4004000000, recv=0x4004000000, cnt=67108864, root=-1, peer=-1, stream=0x55f6e2f0b3e0, data=float, op=sum, group=0, num_host=1, algo=ring
[12:01:05][7273eb5a9391][21:163][DBG][XCCL][kl3_all_reduce.cpp:46] func traced: [all_reduce] xlink_ring_all_reduce_single_node
[12:01:05][7273eb5a9391][21:163][DBG][XCCL][kl3_all_reduce.cpp:94] send buf addr 0x4004000000/0x402408e000 count 6
[12:01:05][7273eb5a9391][21:21][DBG][XCCL][helper.cpp:301] all_reduce: ctx=0x55f6e31f7fe0, seq_id=253, rank=0, nranks=2, dev=0, send=0x4004000000, recv=0x4004000000, cnt=67108864, root=-1, peer=-1, stream=0x55f6e2f0b3e0, data=float, op=sum, group=0, num_host=1, algo=ring
[12:01:05][7273eb5a9391][21:163][DBG][XCCL][kl3_all_reduce.cpp:46] func traced: [all_reduce] xlink_ring_all_reduce_single_node
[12:01:05][7273eb5a9391][21:163][DBG][XCCL][kl3_all_reduce.cpp:94] send buf addr 0x4004000000/0x402408e000 count 6
[12:01:05][7273eb5a9391][21:21][DBG][XCCL][helper.cpp:301] all_reduce: ctx=0x55f6e31f7fe0, seq_id=254, rank=0, nranks=2, dev=0, send=0x4004000000, recv=0x4004000000, cnt=67108864, root=-1, peer=-1, stream=0x55f6e2f0b3e0, data=float, op=sum, group=0, num_host=1, algo=ring
[12:01:05][7273eb5a9391][21:163][DBG][XCCL][kl3_all_reduce.cpp:46] func traced: [all_reduce] xlink_ring_all_reduce_single_node
[12:01:05][7273eb5a9391][21:163][DBG][XCCL][kl3_all_reduce.cpp:94] send buf addr 0x4004000000/0x402408e000 count 6
[12:01:05][7273eb5a9391][21:21][DBG][XCCL][helper.cpp:301] all_reduce: ctx=0x55f6e31f7fe0, seq_id=255, rank=0, nranks=2, dev=0, send=0x4004000000, recv=0x4004000000, cnt=67108864, root=-1, peer=-1, stream=0x55f6e2f0b3e0, data=float, op=sum, group=0, num_host=1, algo=ring
[12:01:05][7273eb5a9391][21:163][DBG][XCCL][kl3_all_reduce.cpp:46] func traced: [all_reduce] xlink_ring_all_reduce_single_node
[12:01:05][7273eb5a9391][21:163][DBG][XCCL][kl3_all_reduce.cpp:94] send buf addr 0x4004000000/0x402408e000 count 6
[12:01:05][7273eb5a9391][21:21][DBG][XCCL][helper.cpp:301] all_reduce: ctx=0x55f6e31f7fe0, seq_id=256, rank=0, nranks=2, dev=0, send=0x4004000000, recv=0x4004000000, cnt=67108864, root=-1, peer=-1, stream=0x55f6e2f0b3e0, data=float, op=sum, group=0, num_host=1, algo=ring
[12:01:05][7273eb5a9391][21:163][DBG][XCCL][kl3_all_reduce.cpp:46] func traced: [all_reduce] xlink_ring_all_reduce_single_node
[12:01:05][7273eb5a9391][21:163][DBG][XCCL][kl3_all_reduce.cpp:94] send buf addr 0x4004000000/0x402408e000 count 6
[12:01:05][7273eb5a9391][21:21][DBG][XCCL][helper.cpp:301] all_reduce: ctx=0x55f6e31f7fe0, seq_id=257, rank=0, nranks=2, dev=0, send=0x4004000000, recv=0x4004000000, cnt=67108864, root=-1, peer=-1, stream=0x55f6e2f0b3e0, data=float, op=sum, group=0, num_host=1, algo=ring
[12:01:05][7273eb5a9391][21:163][DBG][XCCL][kl3_all_reduce.cpp:46] func traced: [all_reduce] xlink_ring_all_reduce_single_node
[12:01:05][7273eb5a9391][21:163][DBG][XCCL][kl3_all_reduce.cpp:94] send buf addr 0x4004000000/0x402408e000 count 6
[12:01:05][7273eb5a9391][21:21][DBG][XCCL][helper.cpp:301] all_reduce: ctx=0x55f6e31f7fe0, seq_id=258, rank=0, nranks=2, dev=0, send=0x4004000000, recv=0x4004000000, cnt=67108864, root=-1, peer=-1, stream=0x55f6e2f0b3e0, data=float, op=sum, group=0, num_host=1, algo=ring
[12:01:05][7273eb5a9391][21:163][DBG][XCCL][kl3_all_reduce.cpp:46] func traced: [all_reduce] xlink_ring_all_reduce_single_node
[12:01:05][7273eb5a9391][21:163][DBG][XCCL][kl3_all_reduce.cpp:94] send buf addr 0x4004000000/0x402408e000 count 6
[12:01:05][7273eb5a9391][21:21][DBG][XCCL][helper.cpp:301] all_reduce: ctx=0x55f6e31f7fe0, seq_id=259, rank=0, nranks=2, dev=0, send=0x4004000000, recv=0x4004000000, cnt=67108864, root=-1, peer=-1, stream=0x55f6e2f0b3e0, data=float, op=sum, group=0, num_host=1, algo=ring
[12:01:05][7273eb5a9391][21:163][DBG][XCCL][kl3_all_reduce.cpp:46] func traced: [all_reduce] xlink_ring_all_reduce_single_node
[12:01:05][7273eb5a9391][21:163][DBG][XCCL][kl3_all_reduce.cpp:94] send buf addr 0x4004000000/0x402408e000 count 6
[12:01:05][7273eb5a9391][21:21][DBG][XCCL][helper.cpp:301] all_reduce: ctx=0x55f6e31f7fe0, seq_id=260, rank=0, nranks=2, dev=0, send=0x4004000000, recv=0x4004000000, cnt=67108864, root=-1, peer=-1, stream=0x55f6e2f0b3e0, data=float, op=sum, group=0, num_host=1, algo=ring
[12:01:05][7273eb5a9391][21:163][DBG][XCCL][kl3_all_reduce.cpp:46] func traced: [all_reduce] xlink_ring_all_reduce_single_node
[12:01:05][7273eb5a9391][21:163][DBG][XCCL][kl3_all_reduce.cpp:94] send buf addr 0x4004000000/0x402408e000 count 6
[12:01:05][7273eb5a9391][21:21][DBG][XCCL][helper.cpp:301] all_reduce: ctx=0x55f6e31f7fe0, seq_id=261, rank=0, nranks=2, dev=0, send=0x4004000000, recv=0x4004000000, cnt=67108864, root=-1, peer=-1, stream=0x55f6e2f0b3e0, data=float, op=sum, group=0, num_host=1, algo=ring
[12:01:05][7273eb5a9391][21:163][DBG][XCCL][kl3_all_reduce.cpp:46] func traced: [all_reduce] xlink_ring_all_reduce_single_node
[12:01:05][7273eb5a9391][21:163][DBG][XCCL][kl3_all_reduce.cpp:94] send buf addr 0x4004000000/0x402408e000 count 6
[12:01:05][7273eb5a9391][21:21][DBG][XCCL][helper.cpp:301] all_reduce: ctx=0x55f6e31f7fe0, seq_id=262, rank=0, nranks=2, dev=0, send=0x4004000000, recv=0x4004000000, cnt=67108864, root=-1, peer=-1, stream=0x55f6e2f0b3e0, data=float, op=sum, group=0, num_host=1, algo=ring
[12:01:05][7273eb5a9391][21:163][DBG][XCCL][kl3_all_reduce.cpp:46] func traced: [all_reduce] xlink_ring_all_reduce_single_node
[12:01:05][7273eb5a9391][21:163][DBG][XCCL][kl3_all_reduce.cpp:94] send buf addr 0x4004000000/0x402408e000 count 6
[12:01:05][7273eb5a9391][21:21][DBG][XCCL][helper.cpp:301] all_reduce: ctx=0x55f6e31f7fe0, seq_id=263, rank=0, nranks=2, dev=0, send=0x4004000000, recv=0x4004000000, cnt=67108864, root=-1, peer=-1, stream=0x55f6e2f0b3e0, data=float, op=sum, group=0, num_host=1, algo=ring
[12:01:05][7273eb5a9391][21:163][DBG][XCCL][kl3_all_reduce.cpp:46] func traced: [all_reduce] xlink_ring_all_reduce_single_node
[12:01:05][7273eb5a9391][21:163][DBG][XCCL][kl3_all_reduce.cpp:94] send buf addr 0x4004000000/0x402408e000 count 6
[12:01:05][7273eb5a9391][21:21][DBG][XCCL][helper.cpp:301] all_reduce: ctx=0x55f6e31f7fe0, seq_id=264, rank=0, nranks=2, dev=0, send=0x4004000000, recv=0x4004000000, cnt=67108864, root=-1, peer=-1, stream=0x55f6e2f0b3e0, data=float, op=sum, group=0, num_host=1, algo=ring
[12:01:05][7273eb5a9391][21:163][DBG][XCCL][kl3_all_reduce.cpp:46] func traced: [all_reduce] xlink_ring_all_reduce_single_node
[12:01:05][7273eb5a9391][21:163][DBG][XCCL][kl3_all_reduce.cpp:94] send buf addr 0x4004000000/0x402408e000 count 6
[12:01:05][7273eb5a9391][21:21][DBG][XCCL][helper.cpp:301] all_reduce: ctx=0x55f6e31f7fe0, seq_id=265, rank=0, nranks=2, dev=0, send=0x4004000000, recv=0x4004000000, cnt=67108864, root=-1, peer=-1, stream=0x55f6e2f0b3e0, data=float, op=sum, group=0, num_host=1, algo=ring
[12:01:05][7273eb5a9391][21:163][DBG][XCCL][kl3_all_reduce.cpp:46] func traced: [all_reduce] xlink_ring_all_reduce_single_node
[12:01:05][7273eb5a9391][21:163][DBG][XCCL][kl3_all_reduce.cpp:94] send buf addr 0x4004000000/0x402408e000 count 6
[12:01:05][7273eb5a9391][21:21][DBG][XCCL][helper.cpp:301] all_reduce: ctx=0x55f6e31f7fe0, seq_id=266, rank=0, nranks=2, dev=0, send=0x4004000000, recv=0x4004000000, cnt=67108864, root=-1, peer=-1, stream=0x55f6e2f0b3e0, data=float, op=sum, group=0, num_host=1, algo=ring
[12:01:05][7273eb5a9391][21:163][DBG][XCCL][kl3_all_reduce.cpp:46] func traced: [all_reduce] xlink_ring_all_reduce_single_node
[12:01:05][7273eb5a9391][21:163][DBG][XCCL][kl3_all_reduce.cpp:94] send buf addr 0x4004000000/0x402408e000 count 6
[12:01:05][7273eb5a9391][21:21][DBG][XCCL][helper.cpp:301] all_reduce: ctx=0x55f6e31f7fe0, seq_id=267, rank=0, nranks=2, dev=0, send=0x4004000000, recv=0x4004000000, cnt=67108864, root=-1, peer=-1, stream=0x55f6e2f0b3e0, data=float, op=sum, group=0, num_host=1, algo=ring
[12:01:05][7273eb5a9391][21:163][DBG][XCCL][kl3_all_reduce.cpp:46] func traced: [all_reduce] xlink_ring_all_reduce_single_node
[12:01:05][7273eb5a9391][21:163][DBG][XCCL][kl3_all_reduce.cpp:94] send buf addr 0x4004000000/0x402408e000 count 6
[12:01:05][7273eb5a9391][21:21][DBG][XCCL][helper.cpp:301] all_reduce: ctx=0x55f6e31f7fe0, seq_id=268, rank=0, nranks=2, dev=0, send=0x4004000000, recv=0x4004000000, cnt=67108864, root=-1, peer=-1, stream=0x55f6e2f0b3e0, data=float, op=sum, group=0, num_host=1, algo=ring
[12:01:05][7273eb5a9391][21:163][DBG][XCCL][kl3_all_reduce.cpp:46] func traced: [all_reduce] xlink_ring_all_reduce_single_node
[12:01:05][7273eb5a9391][21:163][DBG][XCCL][kl3_all_reduce.cpp:94] send buf addr 0x4004000000/0x402408e000 count 6
[12:01:05][7273eb5a9391][21:21][DBG][XCCL][helper.cpp:301] all_reduce: ctx=0x55f6e31f7fe0, seq_id=269, rank=0, nranks=2, dev=0, send=0x4004000000, recv=0x4004000000, cnt=67108864, root=-1, peer=-1, stream=0x55f6e2f0b3e0, data=float, op=sum, group=0, num_host=1, algo=ring
[12:01:05][7273eb5a9391][21:163][DBG][XCCL][kl3_all_reduce.cpp:46] func traced: [all_reduce] xlink_ring_all_reduce_single_node
[12:01:05][7273eb5a9391][21:163][DBG][XCCL][kl3_all_reduce.cpp:94] send buf addr 0x4004000000/0x402408e000 count 6
[12:01:05][7273eb5a9391][21:21][DBG][XCCL][helper.cpp:301] all_reduce: ctx=0x55f6e31f7fe0, seq_id=270, rank=0, nranks=2, dev=0, send=0x4004000000, recv=0x4004000000, cnt=67108864, root=-1, peer=-1, stream=0x55f6e2f0b3e0, data=float, op=sum, group=0, num_host=1, algo=ring
[12:01:05][7273eb5a9391][21:163][DBG][XCCL][kl3_all_reduce.cpp:46] func traced: [all_reduce] xlink_ring_all_reduce_single_node
[12:01:05][7273eb5a9391][21:163][DBG][XCCL][kl3_all_reduce.cpp:94] send buf addr 0x4004000000/0x402408e000 count 6
[12:01:05][7273eb5a9391][21:21][DBG][XCCL][helper.cpp:301] all_reduce: ctx=0x55f6e31f7fe0, seq_id=271, rank=0, nranks=2, dev=0, send=0x4004000000, recv=0x4004000000, cnt=67108864, root=-1, peer=-1, stream=0x55f6e2f0b3e0, data=float, op=sum, group=0, num_host=1, algo=ring
[12:01:05][7273eb5a9391][21:163][DBG][XCCL][kl3_all_reduce.cpp:46] func traced: [all_reduce] xlink_ring_all_reduce_single_node
[12:01:05][7273eb5a9391][21:163][DBG][XCCL][kl3_all_reduce.cpp:94] send buf addr 0x4004000000/0x402408e000 count 6
[12:01:05][7273eb5a9391][21:21][DBG][XCCL][helper.cpp:301] all_reduce: ctx=0x55f6e31f7fe0, seq_id=272, rank=0, nranks=2, dev=0, send=0x4004000000, recv=0x4004000000, cnt=67108864, root=-1, peer=-1, stream=0x55f6e2f0b3e0, data=float, op=sum, group=0, num_host=1, algo=ring
[12:01:05][7273eb5a9391][21:163][DBG][XCCL][kl3_all_reduce.cpp:46] func traced: [all_reduce] xlink_ring_all_reduce_single_node
[12:01:05][7273eb5a9391][21:163][DBG][XCCL][kl3_all_reduce.cpp:94] send buf addr 0x4004000000/0x402408e000 count 6
[12:01:05][7273eb5a9391][21:21][DBG][XCCL][helper.cpp:301] all_reduce: ctx=0x55f6e31f7fe0, seq_id=273, rank=0, nranks=2, dev=0, send=0x4004000000, recv=0x4004000000, cnt=67108864, root=-1, peer=-1, stream=0x55f6e2f0b3e0, data=float, op=sum, group=0, num_host=1, algo=ring
[12:01:05][7273eb5a9391][21:163][DBG][XCCL][kl3_all_reduce.cpp:46] func traced: [all_reduce] xlink_ring_all_reduce_single_node
[12:01:05][7273eb5a9391][21:163][DBG][XCCL][kl3_all_reduce.cpp:94] send buf addr 0x4004000000/0x402408e000 count 6
[12:01:05][7273eb5a9391][21:21][DBG][XCCL][helper.cpp:301] all_reduce: ctx=0x55f6e31f7fe0, seq_id=274, rank=0, nranks=2, dev=0, send=0x4004000000, recv=0x4004000000, cnt=67108864, root=-1, peer=-1, stream=0x55f6e2f0b3e0, data=float, op=sum, group=0, num_host=1, algo=ring
[12:01:05][7273eb5a9391][21:163][DBG][XCCL][kl3_all_reduce.cpp:46] func traced: [all_reduce] xlink_ring_all_reduce_single_node
[12:01:05][7273eb5a9391][21:163][DBG][XCCL][kl3_all_reduce.cpp:94] send buf addr 0x4004000000/0x402408e000 count 6
[12:01:05][7273eb5a9391][21:21][DBG][XCCL][helper.cpp:301] all_reduce: ctx=0x55f6e31f7fe0, seq_id=275, rank=0, nranks=2, dev=0, send=0x4004000000, recv=0x4004000000, cnt=67108864, root=-1, peer=-1, stream=0x55f6e2f0b3e0, data=float, op=sum, group=0, num_host=1, algo=ring
[12:01:05][7273eb5a9391][21:163][DBG][XCCL][kl3_all_reduce.cpp:46] func traced: [all_reduce] xlink_ring_all_reduce_single_node
[12:01:05][7273eb5a9391][21:163][DBG][XCCL][kl3_all_reduce.cpp:94] send buf addr 0x4004000000/0x402408e000 count 6
[12:01:05][7273eb5a9391][21:21][DBG][XCCL][helper.cpp:301] all_reduce: ctx=0x55f6e31f7fe0, seq_id=276, rank=0, nranks=2, dev=0, send=0x4004000000, recv=0x4004000000, cnt=67108864, root=-1, peer=-1, stream=0x55f6e2f0b3e0, data=float, op=sum, group=0, num_host=1, algo=ring
[12:01:05][7273eb5a9391][21:163][DBG][XCCL][kl3_all_reduce.cpp:46] func traced: [all_reduce] xlink_ring_all_reduce_single_node
[12:01:05][7273eb5a9391][21:163][DBG][XCCL][kl3_all_reduce.cpp:94] send buf addr 0x4004000000/0x402408e000 count 6
[12:01:05][7273eb5a9391][21:21][DBG][XCCL][helper.cpp:301] all_reduce: ctx=0x55f6e31f7fe0, seq_id=277, rank=0, nranks=2, dev=0, send=0x4004000000, recv=0x4004000000, cnt=67108864, root=-1, peer=-1, stream=0x55f6e2f0b3e0, data=float, op=sum, group=0, num_host=1, algo=ring
[12:01:05][7273eb5a9391][21:163][DBG][XCCL][kl3_all_reduce.cpp:46] func traced: [all_reduce] xlink_ring_all_reduce_single_node
[12:01:05][7273eb5a9391][21:163][DBG][XCCL][kl3_all_reduce.cpp:94] send buf addr 0x4004000000/0x402408e000 count 6
[12:01:05][7273eb5a9391][21:21][DBG][XCCL][helper.cpp:301] all_reduce: ctx=0x55f6e31f7fe0, seq_id=278, rank=0, nranks=2, dev=0, send=0x4004000000, recv=0x4004000000, cnt=67108864, root=-1, peer=-1, stream=0x55f6e2f0b3e0, data=float, op=sum, group=0, num_host=1, algo=ring
[12:01:05][7273eb5a9391][21:163][DBG][XCCL][kl3_all_reduce.cpp:46] func traced: [all_reduce] xlink_ring_all_reduce_single_node
[12:01:05][7273eb5a9391][21:163][DBG][XCCL][kl3_all_reduce.cpp:94] send buf addr 0x4004000000/0x402408e000 count 6
[12:01:05][7273eb5a9391][21:21][DBG][XCCL][helper.cpp:301] all_reduce: ctx=0x55f6e31f7fe0, seq_id=279, rank=0, nranks=2, dev=0, send=0x4004000000, recv=0x4004000000, cnt=67108864, root=-1, peer=-1, stream=0x55f6e2f0b3e0, data=float, op=sum, group=0, num_host=1, algo=ring
[12:01:05][7273eb5a9391][21:163][DBG][XCCL][kl3_all_reduce.cpp:46] func traced: [all_reduce] xlink_ring_all_reduce_single_node
[12:01:05][7273eb5a9391][21:163][DBG][XCCL][kl3_all_reduce.cpp:94] send buf addr 0x4004000000/0x402408e000 count 6
[12:01:05][7273eb5a9391][21:21][DBG][XCCL][helper.cpp:301] all_reduce: ctx=0x55f6e31f7fe0, seq_id=280, rank=0, nranks=2, dev=0, send=0x4004000000, recv=0x4004000000, cnt=67108864, root=-1, peer=-1, stream=0x55f6e2f0b3e0, data=float, op=sum, group=0, num_host=1, algo=ring
[12:01:05][7273eb5a9391][21:163][DBG][XCCL][kl3_all_reduce.cpp:46] func traced: [all_reduce] xlink_ring_all_reduce_single_node
[12:01:05][7273eb5a9391][21:163][DBG][XCCL][kl3_all_reduce.cpp:94] send buf addr 0x4004000000/0x402408e000 count 6
[12:01:05][7273eb5a9391][21:21][DBG][XCCL][helper.cpp:301] all_reduce: ctx=0x55f6e31f7fe0, seq_id=281, rank=0, nranks=2, dev=0, send=0x4004000000, recv=0x4004000000, cnt=67108864, root=-1, peer=-1, stream=0x55f6e2f0b3e0, data=float, op=sum, group=0, num_host=1, algo=ring
[12:01:05][7273eb5a9391][21:163][DBG][XCCL][kl3_all_reduce.cpp:46] func traced: [all_reduce] xlink_ring_all_reduce_single_node
[12:01:05][7273eb5a9391][21:163][DBG][XCCL][kl3_all_reduce.cpp:94] send buf addr 0x4004000000/0x402408e000 count 6
[12:01:05][7273eb5a9391][21:21][DBG][XCCL][helper.cpp:301] all_reduce: ctx=0x55f6e31f7fe0, seq_id=282, rank=0, nranks=2, dev=0, send=0x4004000000, recv=0x4004000000, cnt=67108864, root=-1, peer=-1, stream=0x55f6e2f0b3e0, data=float, op=sum, group=0, num_host=1, algo=ring
[12:01:05][7273eb5a9391][21:163][DBG][XCCL][kl3_all_reduce.cpp:46] func traced: [all_reduce] xlink_ring_all_reduce_single_node
[12:01:05][7273eb5a9391][21:163][DBG][XCCL][kl3_all_reduce.cpp:94] send buf addr 0x4004000000/0x402408e000 count 6
[12:01:05][7273eb5a9391][21:21][DBG][XCCL][helper.cpp:301] all_reduce: ctx=0x55f6e31f7fe0, seq_id=283, rank=0, nranks=2, dev=0, send=0x4004000000, recv=0x4004000000, cnt=67108864, root=-1, peer=-1, stream=0x55f6e2f0b3e0, data=float, op=sum, group=0, num_host=1, algo=ring
[12:01:05][7273eb5a9391][21:163][DBG][XCCL][kl3_all_reduce.cpp:46] func traced: [all_reduce] xlink_ring_all_reduce_single_node
[12:01:05][7273eb5a9391][21:163][DBG][XCCL][kl3_all_reduce.cpp:94] send buf addr 0x4004000000/0x402408e000 count 6
[12:01:05][7273eb5a9391][21:21][DBG][XCCL][helper.cpp:301] all_reduce: ctx=0x55f6e31f7fe0, seq_id=284, rank=0, nranks=2, dev=0, send=0x4004000000, recv=0x4004000000, cnt=67108864, root=-1, peer=-1, stream=0x55f6e2f0b3e0, data=float, op=sum, group=0, num_host=1, algo=ring
[12:01:05][7273eb5a9391][21:163][DBG][XCCL][kl3_all_reduce.cpp:46] func traced: [all_reduce] xlink_ring_all_reduce_single_node
[12:01:05][7273eb5a9391][21:163][DBG][XCCL][kl3_all_reduce.cpp:94] send buf addr 0x4004000000/0x402408e000 count 6
[12:01:05][7273eb5a9391][21:21][DBG][XCCL][helper.cpp:301] all_reduce: ctx=0x55f6e31f7fe0, seq_id=285, rank=0, nranks=2, dev=0, send=0x4004000000, recv=0x4004000000, cnt=67108864, root=-1, peer=-1, stream=0x55f6e2f0b3e0, data=float, op=sum, group=0, num_host=1, algo=ring
[12:01:05][7273eb5a9391][21:163][DBG][XCCL][kl3_all_reduce.cpp:46] func traced: [all_reduce] xlink_ring_all_reduce_single_node
[12:01:05][7273eb5a9391][21:163][DBG][XCCL][kl3_all_reduce.cpp:94] send buf addr 0x4004000000/0x402408e000 count 6
[12:01:05][7273eb5a9391][21:21][DBG][XCCL][helper.cpp:301] all_reduce: ctx=0x55f6e31f7fe0, seq_id=286, rank=0, nranks=2, dev=0, send=0x4004000000, recv=0x4004000000, cnt=67108864, root=-1, peer=-1, stream=0x55f6e2f0b3e0, data=float, op=sum, group=0, num_host=1, algo=ring
[12:01:05][7273eb5a9391][21:163][DBG][XCCL][kl3_all_reduce.cpp:46] func traced: [all_reduce] xlink_ring_all_reduce_single_node
[12:01:05][7273eb5a9391][21:163][DBG][XCCL][kl3_all_reduce.cpp:94] send buf addr 0x4004000000/0x402408e000 count 6
[12:01:05][7273eb5a9391][21:21][DBG][XCCL][helper.cpp:301] all_reduce: ctx=0x55f6e31f7fe0, seq_id=287, rank=0, nranks=2, dev=0, send=0x4004000000, recv=0x4004000000, cnt=67108864, root=-1, peer=-1, stream=0x55f6e2f0b3e0, data=float, op=sum, group=0, num_host=1, algo=ring
[12:01:05][7273eb5a9391][21:163][DBG][XCCL][kl3_all_reduce.cpp:46] func traced: [all_reduce] xlink_ring_all_reduce_single_node
[12:01:05][7273eb5a9391][21:163][DBG][XCCL][kl3_all_reduce.cpp:94] send buf addr 0x4004000000/0x402408e000 count 6
[12:01:05][7273eb5a9391][21:21][DBG][XCCL][helper.cpp:301] all_reduce: ctx=0x55f6e31f7fe0, seq_id=288, rank=0, nranks=2, dev=0, send=0x4004000000, recv=0x4004000000, cnt=67108864, root=-1, peer=-1, stream=0x55f6e2f0b3e0, data=float, op=sum, group=0, num_host=1, algo=ring
[12:01:05][7273eb5a9391][21:163][DBG][XCCL][kl3_all_reduce.cpp:46] func traced: [all_reduce] xlink_ring_all_reduce_single_node
[12:01:05][7273eb5a9391][21:163][DBG][XCCL][kl3_all_reduce.cpp:94] send buf addr 0x4004000000/0x402408e000 count 6
[12:01:05][7273eb5a9391][21:21][DBG][XCCL][helper.cpp:301] all_reduce: ctx=0x55f6e31f7fe0, seq_id=289, rank=0, nranks=2, dev=0, send=0x4004000000, recv=0x4004000000, cnt=67108864, root=-1, peer=-1, stream=0x55f6e2f0b3e0, data=float, op=sum, group=0, num_host=1, algo=ring
[12:01:05][7273eb5a9391][21:163][DBG][XCCL][kl3_all_reduce.cpp:46] func traced: [all_reduce] xlink_ring_all_reduce_single_node
[12:01:05][7273eb5a9391][21:163][DBG][XCCL][kl3_all_reduce.cpp:94] send buf addr 0x4004000000/0x402408e000 count 6
[12:01:05][7273eb5a9391][21:21][DBG][XCCL][helper.cpp:301] all_reduce: ctx=0x55f6e31f7fe0, seq_id=290, rank=0, nranks=2, dev=0, send=0x4004000000, recv=0x4004000000, cnt=67108864, root=-1, peer=-1, stream=0x55f6e2f0b3e0, data=float, op=sum, group=0, num_host=1, algo=ring
[12:01:05][7273eb5a9391][21:163][DBG][XCCL][kl3_all_reduce.cpp:46] func traced: [all_reduce] xlink_ring_all_reduce_single_node
[12:01:05][7273eb5a9391][21:163][DBG][XCCL][kl3_all_reduce.cpp:94] send buf addr 0x4004000000/0x402408e000 count 6
[12:01:05][7273eb5a9391][21:21][DBG][XCCL][helper.cpp:301] all_reduce: ctx=0x55f6e31f7fe0, seq_id=291, rank=0, nranks=2, dev=0, send=0x4004000000, recv=0x4004000000, cnt=67108864, root=-1, peer=-1, stream=0x55f6e2f0b3e0, data=float, op=sum, group=0, num_host=1, algo=ring
[12:01:05][7273eb5a9391][21:163][DBG][XCCL][kl3_all_reduce.cpp:46] func traced: [all_reduce] xlink_ring_all_reduce_single_node
[12:01:05][7273eb5a9391][21:163][DBG][XCCL][kl3_all_reduce.cpp:94] send buf addr 0x4004000000/0x402408e000 count 6
[12:01:05][7273eb5a9391][21:21][DBG][XCCL][helper.cpp:301] all_reduce: ctx=0x55f6e31f7fe0, seq_id=292, rank=0, nranks=2, dev=0, send=0x4004000000, recv=0x4004000000, cnt=67108864, root=-1, peer=-1, stream=0x55f6e2f0b3e0, data=float, op=sum, group=0, num_host=1, algo=ring
[12:01:05][7273eb5a9391][21:163][DBG][XCCL][kl3_all_reduce.cpp:46] func traced: [all_reduce] xlink_ring_all_reduce_single_node
[12:01:05][7273eb5a9391][21:163][DBG][XCCL][kl3_all_reduce.cpp:94] send buf addr 0x4004000000/0x402408e000 count 6
[12:01:05][7273eb5a9391][21:21][DBG][XCCL][helper.cpp:301] all_reduce: ctx=0x55f6e31f7fe0, seq_id=293, rank=0, nranks=2, dev=0, send=0x4004000000, recv=0x4004000000, cnt=67108864, root=-1, peer=-1, stream=0x55f6e2f0b3e0, data=float, op=sum, group=0, num_host=1, algo=ring
[12:01:05][7273eb5a9391][21:163][DBG][XCCL][kl3_all_reduce.cpp:46] func traced: [all_reduce] xlink_ring_all_reduce_single_node
[12:01:05][7273eb5a9391][21:163][DBG][XCCL][kl3_all_reduce.cpp:94] send buf addr 0x4004000000/0x402408e000 count 6
[12:01:05][7273eb5a9391][21:21][DBG][XCCL][helper.cpp:301] all_reduce: ctx=0x55f6e31f7fe0, seq_id=294, rank=0, nranks=2, dev=0, send=0x4004000000, recv=0x4004000000, cnt=67108864, root=-1, peer=-1, stream=0x55f6e2f0b3e0, data=float, op=sum, group=0, num_host=1, algo=ring
[12:01:05][7273eb5a9391][21:163][DBG][XCCL][kl3_all_reduce.cpp:46] func traced: [all_reduce] xlink_ring_all_reduce_single_node
[12:01:05][7273eb5a9391][21:163][DBG][XCCL][kl3_all_reduce.cpp:94] send buf addr 0x4004000000/0x402408e000 count 6
[12:01:05][7273eb5a9391][21:21][DBG][XCCL][helper.cpp:301] all_reduce: ctx=0x55f6e31f7fe0, seq_id=295, rank=0, nranks=2, dev=0, send=0x4004000000, recv=0x4004000000, cnt=67108864, root=-1, peer=-1, stream=0x55f6e2f0b3e0, data=float, op=sum, group=0, num_host=1, algo=ring
[12:01:05][7273eb5a9391][21:163][DBG][XCCL][kl3_all_reduce.cpp:46] func traced: [all_reduce] xlink_ring_all_reduce_single_node
[12:01:05][7273eb5a9391][21:163][DBG][XCCL][kl3_all_reduce.cpp:94] send buf addr 0x4004000000/0x402408e000 count 6
[12:01:05][7273eb5a9391][21:21][DBG][XCCL][helper.cpp:301] all_reduce: ctx=0x55f6e31f7fe0, seq_id=296, rank=0, nranks=2, dev=0, send=0x4004000000, recv=0x4004000000, cnt=67108864, root=-1, peer=-1, stream=0x55f6e2f0b3e0, data=float, op=sum, group=0, num_host=1, algo=ring
[12:01:05][7273eb5a9391][21:163][DBG][XCCL][kl3_all_reduce.cpp:46] func traced: [all_reduce] xlink_ring_all_reduce_single_node
[12:01:05][7273eb5a9391][21:163][DBG][XCCL][kl3_all_reduce.cpp:94] send buf addr 0x4004000000/0x402408e000 count 6
[12:01:05][7273eb5a9391][21:21][DBG][XCCL][helper.cpp:301] all_reduce: ctx=0x55f6e31f7fe0, seq_id=297, rank=0, nranks=2, dev=0, send=0x4004000000, recv=0x4004000000, cnt=67108864, root=-1, peer=-1, stream=0x55f6e2f0b3e0, data=float, op=sum, group=0, num_host=1, algo=ring
[12:01:05][7273eb5a9391][21:163][DBG][XCCL][kl3_all_reduce.cpp:46] func traced: [all_reduce] xlink_ring_all_reduce_single_node
[12:01:05][7273eb5a9391][21:163][DBG][XCCL][kl3_all_reduce.cpp:94] send buf addr 0x4004000000/0x402408e000 count 6
[12:01:05][7273eb5a9391][21:21][DBG][XCCL][helper.cpp:301] all_reduce: ctx=0x55f6e31f7fe0, seq_id=298, rank=0, nranks=2, dev=0, send=0x4004000000, recv=0x4004000000, cnt=67108864, root=-1, peer=-1, stream=0x55f6e2f0b3e0, data=float, op=sum, group=0, num_host=1, algo=ring
[12:01:05][7273eb5a9391][21:163][DBG][XCCL][kl3_all_reduce.cpp:46] func traced: [all_reduce] xlink_ring_all_reduce_single_node
[12:01:05][7273eb5a9391][21:163][DBG][XCCL][kl3_all_reduce.cpp:94] send buf addr 0x4004000000/0x402408e000 count 6
[12:01:05][7273eb5a9391][21:21][DBG][XCCL][helper.cpp:301] all_reduce: ctx=0x55f6e31f7fe0, seq_id=299, rank=0, nranks=2, dev=0, send=0x4004000000, recv=0x4004000000, cnt=67108864, root=-1, peer=-1, stream=0x55f6e2f0b3e0, data=float, op=sum, group=0, num_host=1, algo=ring
[12:01:05][7273eb5a9391][21:163][DBG][XCCL][kl3_all_reduce.cpp:46] func traced: [all_reduce] xlink_ring_all_reduce_single_node
[12:01:05][7273eb5a9391][21:163][DBG][XCCL][kl3_all_reduce.cpp:94] send buf addr 0x4004000000/0x402408e000 count 6
[12:01:06][7273eb5a9391][21:21][DBG][XCCL][helper.cpp:301] all_reduce: ctx=0x55f6e31f7fe0, seq_id=300, rank=0, nranks=2, dev=0, send=0x4004000000, recv=0x4004000000, cnt=67108864, root=-1, peer=-1, stream=0x55f6e2f0b3e0, data=float, op=sum, group=0, num_host=1, algo=ring
[12:01:06][7273eb5a9391][21:163][DBG][XCCL][kl3_all_reduce.cpp:46] func traced: [all_reduce] xlink_ring_all_reduce_single_node
[12:01:06][7273eb5a9391][21:163][DBG][XCCL][kl3_all_reduce.cpp:94] send buf addr 0x4004000000/0x402408e000 count 6
[12:01:06][7273eb5a9391][21:21][DBG][XCCL][helper.cpp:301] all_reduce: ctx=0x55f6e31f7fe0, seq_id=301, rank=0, nranks=2, dev=0, send=0x4004000000, recv=0x4004000000, cnt=67108864, root=-1, peer=-1, stream=0x55f6e2f0b3e0, data=float, op=sum, group=0, num_host=1, algo=ring
[12:01:06][7273eb5a9391][21:163][DBG][XCCL][kl3_all_reduce.cpp:46] func traced: [all_reduce] xlink_ring_all_reduce_single_node
[12:01:06][7273eb5a9391][21:163][DBG][XCCL][kl3_all_reduce.cpp:94] send buf addr 0x4004000000/0x402408e000 count 6
[12:01:06][7273eb5a9391][21:21][DBG][XCCL][helper.cpp:301] all_reduce: ctx=0x55f6e31f7fe0, seq_id=302, rank=0, nranks=2, dev=0, send=0x4004000000, recv=0x4004000000, cnt=67108864, root=-1, peer=-1, stream=0x55f6e2f0b3e0, data=float, op=sum, group=0, num_host=1, algo=ring
[12:01:06][7273eb5a9391][21:163][DBG][XCCL][kl3_all_reduce.cpp:46] func traced: [all_reduce] xlink_ring_all_reduce_single_node
[12:01:06][7273eb5a9391][21:163][DBG][XCCL][kl3_all_reduce.cpp:94] send buf addr 0x4004000000/0x402408e000 count 6
[12:01:06][7273eb5a9391][21:21][DBG][XCCL][helper.cpp:301] all_reduce: ctx=0x55f6e31f7fe0, seq_id=303, rank=0, nranks=2, dev=0, send=0x4004000000, recv=0x4004000000, cnt=67108864, root=-1, peer=-1, stream=0x55f6e2f0b3e0, data=float, op=sum, group=0, num_host=1, algo=ring
[12:01:06][7273eb5a9391][21:163][DBG][XCCL][kl3_all_reduce.cpp:46] func traced: [all_reduce] xlink_ring_all_reduce_single_node
[12:01:06][7273eb5a9391][21:163][DBG][XCCL][kl3_all_reduce.cpp:94] send buf addr 0x4004000000/0x402408e000 count 6
[12:01:06][7273eb5a9391][21:21][DBG][XCCL][helper.cpp:301] all_reduce: ctx=0x55f6e31f7fe0, seq_id=304, rank=0, nranks=2, dev=0, send=0x4004000000, recv=0x4004000000, cnt=67108864, root=-1, peer=-1, stream=0x55f6e2f0b3e0, data=float, op=sum, group=0, num_host=1, algo=ring
[12:01:06][7273eb5a9391][21:163][DBG][XCCL][kl3_all_reduce.cpp:46] func traced: [all_reduce] xlink_ring_all_reduce_single_node
[12:01:06][7273eb5a9391][21:163][DBG][XCCL][kl3_all_reduce.cpp:94] send buf addr 0x4004000000/0x402408e000 count 6
[12:01:06][7273eb5a9391][21:21][DBG][XCCL][helper.cpp:301] all_reduce: ctx=0x55f6e31f7fe0, seq_id=305, rank=0, nranks=2, dev=0, send=0x4004000000, recv=0x4004000000, cnt=67108864, root=-1, peer=-1, stream=0x55f6e2f0b3e0, data=float, op=sum, group=0, num_host=1, algo=ring
[12:01:06][7273eb5a9391][21:163][DBG][XCCL][kl3_all_reduce.cpp:46] func traced: [all_reduce] xlink_ring_all_reduce_single_node
[12:01:06][7273eb5a9391][21:163][DBG][XCCL][kl3_all_reduce.cpp:94] send buf addr 0x4004000000/0x402408e000 count 6
[12:01:06][7273eb5a9391][21:21][DBG][XCCL][helper.cpp:301] all_reduce: ctx=0x55f6e31f7fe0, seq_id=306, rank=0, nranks=2, dev=0, send=0x4004000000, recv=0x4004000000, cnt=67108864, root=-1, peer=-1, stream=0x55f6e2f0b3e0, data=float, op=sum, group=0, num_host=1, algo=ring
[12:01:06][7273eb5a9391][21:163][DBG][XCCL][kl3_all_reduce.cpp:46] func traced: [all_reduce] xlink_ring_all_reduce_single_node
[12:01:06][7273eb5a9391][21:163][DBG][XCCL][kl3_all_reduce.cpp:94] send buf addr 0x4004000000/0x402408e000 count 6
[12:01:06][7273eb5a9391][21:21][DBG][XCCL][helper.cpp:301] all_reduce: ctx=0x55f6e31f7fe0, seq_id=307, rank=0, nranks=2, dev=0, send=0x4004000000, recv=0x4004000000, cnt=67108864, root=-1, peer=-1, stream=0x55f6e2f0b3e0, data=float, op=sum, group=0, num_host=1, algo=ring
[12:01:06][7273eb5a9391][21:163][DBG][XCCL][kl3_all_reduce.cpp:46] func traced: [all_reduce] xlink_ring_all_reduce_single_node
[12:01:06][7273eb5a9391][21:163][DBG][XCCL][kl3_all_reduce.cpp:94] send buf addr 0x4004000000/0x402408e000 count 6
[12:01:06][7273eb5a9391][21:21][DBG][XCCL][helper.cpp:301] all_reduce: ctx=0x55f6e31f7fe0, seq_id=308, rank=0, nranks=2, dev=0, send=0x4004000000, recv=0x4004000000, cnt=67108864, root=-1, peer=-1, stream=0x55f6e2f0b3e0, data=float, op=sum, group=0, num_host=1, algo=ring
[12:01:06][7273eb5a9391][21:163][DBG][XCCL][kl3_all_reduce.cpp:46] func traced: [all_reduce] xlink_ring_all_reduce_single_node
[12:01:06][7273eb5a9391][21:163][DBG][XCCL][kl3_all_reduce.cpp:94] send buf addr 0x4004000000/0x402408e000 count 6
[12:01:06][7273eb5a9391][21:21][DBG][XCCL][helper.cpp:301] all_reduce: ctx=0x55f6e31f7fe0, seq_id=309, rank=0, nranks=2, dev=0, send=0x4004000000, recv=0x4004000000, cnt=67108864, root=-1, peer=-1, stream=0x55f6e2f0b3e0, data=float, op=sum, group=0, num_host=1, algo=ring
[12:01:06][7273eb5a9391][21:163][DBG][XCCL][kl3_all_reduce.cpp:46] func traced: [all_reduce] xlink_ring_all_reduce_single_node
[12:01:06][7273eb5a9391][21:163][DBG][XCCL][kl3_all_reduce.cpp:94] send buf addr 0x4004000000/0x402408e000 count 6
[12:01:06][7273eb5a9391][21:21][DBG][XCCL][helper.cpp:301] all_reduce: ctx=0x55f6e31f7fe0, seq_id=310, rank=0, nranks=2, dev=0, send=0x4004000000, recv=0x4004000000, cnt=67108864, root=-1, peer=-1, stream=0x55f6e2f0b3e0, data=float, op=sum, group=0, num_host=1, algo=ring
[12:01:06][7273eb5a9391][21:163][DBG][XCCL][kl3_all_reduce.cpp:46] func traced: [all_reduce] xlink_ring_all_reduce_single_node
[12:01:06][7273eb5a9391][21:163][DBG][XCCL][kl3_all_reduce.cpp:94] send buf addr 0x4004000000/0x402408e000 count 6
[12:01:06][7273eb5a9391][21:21][DBG][XCCL][helper.cpp:301] all_reduce: ctx=0x55f6e31f7fe0, seq_id=311, rank=0, nranks=2, dev=0, send=0x4004000000, recv=0x4004000000, cnt=67108864, root=-1, peer=-1, stream=0x55f6e2f0b3e0, data=float, op=sum, group=0, num_host=1, algo=ring
[12:01:06][7273eb5a9391][21:163][DBG][XCCL][kl3_all_reduce.cpp:46] func traced: [all_reduce] xlink_ring_all_reduce_single_node
[12:01:06][7273eb5a9391][21:163][DBG][XCCL][kl3_all_reduce.cpp:94] send buf addr 0x4004000000/0x402408e000 count 6
[12:01:06][7273eb5a9391][21:21][DBG][XCCL][helper.cpp:301] all_reduce: ctx=0x55f6e31f7fe0, seq_id=312, rank=0, nranks=2, dev=0, send=0x4004000000, recv=0x4004000000, cnt=67108864, root=-1, peer=-1, stream=0x55f6e2f0b3e0, data=float, op=sum, group=0, num_host=1, algo=ring
[12:01:06][7273eb5a9391][21:163][DBG][XCCL][kl3_all_reduce.cpp:46] func traced: [all_reduce] xlink_ring_all_reduce_single_node
[12:01:06][7273eb5a9391][21:163][DBG][XCCL][kl3_all_reduce.cpp:94] send buf addr 0x4004000000/0x402408e000 count 6
[12:01:06][7273eb5a9391][21:21][DBG][XCCL][helper.cpp:301] all_reduce: ctx=0x55f6e31f7fe0, seq_id=313, rank=0, nranks=2, dev=0, send=0x4004000000, recv=0x4004000000, cnt=67108864, root=-1, peer=-1, stream=0x55f6e2f0b3e0, data=float, op=sum, group=0, num_host=1, algo=ring
[12:01:06][7273eb5a9391][21:163][DBG][XCCL][kl3_all_reduce.cpp:46] func traced: [all_reduce] xlink_ring_all_reduce_single_node
[12:01:06][7273eb5a9391][21:163][DBG][XCCL][kl3_all_reduce.cpp:94] send buf addr 0x4004000000/0x402408e000 count 6
[12:01:06][7273eb5a9391][21:21][DBG][XCCL][helper.cpp:301] all_reduce: ctx=0x55f6e31f7fe0, seq_id=314, rank=0, nranks=2, dev=0, send=0x4004000000, recv=0x4004000000, cnt=67108864, root=-1, peer=-1, stream=0x55f6e2f0b3e0, data=float, op=sum, group=0, num_host=1, algo=ring
[12:01:06][7273eb5a9391][21:163][DBG][XCCL][kl3_all_reduce.cpp:46] func traced: [all_reduce] xlink_ring_all_reduce_single_node
[12:01:06][7273eb5a9391][21:163][DBG][XCCL][kl3_all_reduce.cpp:94] send buf addr 0x4004000000/0x402408e000 count 6
[12:01:06][7273eb5a9391][21:21][DBG][XCCL][helper.cpp:301] all_reduce: ctx=0x55f6e31f7fe0, seq_id=315, rank=0, nranks=2, dev=0, send=0x4004000000, recv=0x4004000000, cnt=67108864, root=-1, peer=-1, stream=0x55f6e2f0b3e0, data=float, op=sum, group=0, num_host=1, algo=ring
[12:01:06][7273eb5a9391][21:163][DBG][XCCL][kl3_all_reduce.cpp:46] func traced: [all_reduce] xlink_ring_all_reduce_single_node
[12:01:06][7273eb5a9391][21:163][DBG][XCCL][kl3_all_reduce.cpp:94] send buf addr 0x4004000000/0x402408e000 count 6
[12:01:06][7273eb5a9391][21:21][DBG][XCCL][helper.cpp:301] all_reduce: ctx=0x55f6e31f7fe0, seq_id=316, rank=0, nranks=2, dev=0, send=0x4004000000, recv=0x4004000000, cnt=67108864, root=-1, peer=-1, stream=0x55f6e2f0b3e0, data=float, op=sum, group=0, num_host=1, algo=ring
[12:01:06][7273eb5a9391][21:163][DBG][XCCL][kl3_all_reduce.cpp:46] func traced: [all_reduce] xlink_ring_all_reduce_single_node
[12:01:06][7273eb5a9391][21:163][DBG][XCCL][kl3_all_reduce.cpp:94] send buf addr 0x4004000000/0x402408e000 count 6
[12:01:06][7273eb5a9391][21:21][DBG][XCCL][helper.cpp:301] all_reduce: ctx=0x55f6e31f7fe0, seq_id=317, rank=0, nranks=2, dev=0, send=0x4004000000, recv=0x4004000000, cnt=67108864, root=-1, peer=-1, stream=0x55f6e2f0b3e0, data=float, op=sum, group=0, num_host=1, algo=ring
[12:01:06][7273eb5a9391][21:163][DBG][XCCL][kl3_all_reduce.cpp:46] func traced: [all_reduce] xlink_ring_all_reduce_single_node
[12:01:06][7273eb5a9391][21:163][DBG][XCCL][kl3_all_reduce.cpp:94] send buf addr 0x4004000000/0x402408e000 count 6
[12:01:06][7273eb5a9391][21:21][DBG][XCCL][helper.cpp:301] all_reduce: ctx=0x55f6e31f7fe0, seq_id=318, rank=0, nranks=2, dev=0, send=0x4004000000, recv=0x4004000000, cnt=67108864, root=-1, peer=-1, stream=0x55f6e2f0b3e0, data=float, op=sum, group=0, num_host=1, algo=ring
[12:01:06][7273eb5a9391][21:163][DBG][XCCL][kl3_all_reduce.cpp:46] func traced: [all_reduce] xlink_ring_all_reduce_single_node
[12:01:06][7273eb5a9391][21:163][DBG][XCCL][kl3_all_reduce.cpp:94] send buf addr 0x4004000000/0x402408e000 count 6
[12:01:06][7273eb5a9391][21:21][DBG][XCCL][helper.cpp:301] all_reduce: ctx=0x55f6e31f7fe0, seq_id=319, rank=0, nranks=2, dev=0, send=0x4004000000, recv=0x4004000000, cnt=67108864, root=-1, peer=-1, stream=0x55f6e2f0b3e0, data=float, op=sum, group=0, num_host=1, algo=ring
[12:01:06][7273eb5a9391][21:163][DBG][XCCL][kl3_all_reduce.cpp:46] func traced: [all_reduce] xlink_ring_all_reduce_single_node
[12:01:06][7273eb5a9391][21:163][DBG][XCCL][kl3_all_reduce.cpp:94] send buf addr 0x4004000000/0x402408e000 count 6
[12:01:06][7273eb5a9391][21:21][DBG][XCCL][helper.cpp:301] all_reduce: ctx=0x55f6e31f7fe0, seq_id=320, rank=0, nranks=2, dev=0, send=0x4004000000, recv=0x4004000000, cnt=67108864, root=-1, peer=-1, stream=0x55f6e2f0b3e0, data=float, op=sum, group=0, num_host=1, algo=ring
[12:01:06][7273eb5a9391][21:163][DBG][XCCL][kl3_all_reduce.cpp:46] func traced: [all_reduce] xlink_ring_all_reduce_single_node
[12:01:06][7273eb5a9391][21:163][DBG][XCCL][kl3_all_reduce.cpp:94] send buf addr 0x4004000000/0x402408e000 count 6
[12:01:06][7273eb5a9391][21:21][DBG][XCCL][helper.cpp:301] all_reduce: ctx=0x55f6e31f7fe0, seq_id=321, rank=0, nranks=2, dev=0, send=0x4004000000, recv=0x4004000000, cnt=67108864, root=-1, peer=-1, stream=0x55f6e2f0b3e0, data=float, op=sum, group=0, num_host=1, algo=ring
[12:01:06][7273eb5a9391][21:163][DBG][XCCL][kl3_all_reduce.cpp:46] func traced: [all_reduce] xlink_ring_all_reduce_single_node
[12:01:06][7273eb5a9391][21:163][DBG][XCCL][kl3_all_reduce.cpp:94] send buf addr 0x4004000000/0x402408e000 count 6
[12:01:06][7273eb5a9391][21:21][DBG][XCCL][helper.cpp:301] all_reduce: ctx=0x55f6e31f7fe0, seq_id=322, rank=0, nranks=2, dev=0, send=0x4004000000, recv=0x4004000000, cnt=67108864, root=-1, peer=-1, stream=0x55f6e2f0b3e0, data=float, op=sum, group=0, num_host=1, algo=ring
[12:01:06][7273eb5a9391][21:163][DBG][XCCL][kl3_all_reduce.cpp:46] func traced: [all_reduce] xlink_ring_all_reduce_single_node
[12:01:06][7273eb5a9391][21:163][DBG][XCCL][kl3_all_reduce.cpp:94] send buf addr 0x4004000000/0x402408e000 count 6
[12:01:06][7273eb5a9391][21:21][DBG][XCCL][helper.cpp:301] all_reduce: ctx=0x55f6e31f7fe0, seq_id=323, rank=0, nranks=2, dev=0, send=0x4004000000, recv=0x4004000000, cnt=67108864, root=-1, peer=-1, stream=0x55f6e2f0b3e0, data=float, op=sum, group=0, num_host=1, algo=ring
[12:01:06][7273eb5a9391][21:163][DBG][XCCL][kl3_all_reduce.cpp:46] func traced: [all_reduce] xlink_ring_all_reduce_single_node
[12:01:06][7273eb5a9391][21:163][DBG][XCCL][kl3_all_reduce.cpp:94] send buf addr 0x4004000000/0x402408e000 count 6
[12:01:06][7273eb5a9391][21:21][DBG][XCCL][helper.cpp:301] all_reduce: ctx=0x55f6e31f7fe0, seq_id=324, rank=0, nranks=2, dev=0, send=0x4004000000, recv=0x4004000000, cnt=67108864, root=-1, peer=-1, stream=0x55f6e2f0b3e0, data=float, op=sum, group=0, num_host=1, algo=ring
[12:01:06][7273eb5a9391][21:163][DBG][XCCL][kl3_all_reduce.cpp:46] func traced: [all_reduce] xlink_ring_all_reduce_single_node
[12:01:06][7273eb5a9391][21:163][DBG][XCCL][kl3_all_reduce.cpp:94] send buf addr 0x4004000000/0x402408e000 count 6
[12:01:06][7273eb5a9391][21:21][DBG][XCCL][helper.cpp:301] all_reduce: ctx=0x55f6e31f7fe0, seq_id=325, rank=0, nranks=2, dev=0, send=0x4004000000, recv=0x4004000000, cnt=67108864, root=-1, peer=-1, stream=0x55f6e2f0b3e0, data=float, op=sum, group=0, num_host=1, algo=ring
[12:01:06][7273eb5a9391][21:163][DBG][XCCL][kl3_all_reduce.cpp:46] func traced: [all_reduce] xlink_ring_all_reduce_single_node
[12:01:06][7273eb5a9391][21:163][DBG][XCCL][kl3_all_reduce.cpp:94] send buf addr 0x4004000000/0x402408e000 count 6
[12:01:06][7273eb5a9391][21:21][DBG][XCCL][helper.cpp:301] all_reduce: ctx=0x55f6e31f7fe0, seq_id=326, rank=0, nranks=2, dev=0, send=0x4004000000, recv=0x4004000000, cnt=67108864, root=-1, peer=-1, stream=0x55f6e2f0b3e0, data=float, op=sum, group=0, num_host=1, algo=ring
[12:01:06][7273eb5a9391][21:163][DBG][XCCL][kl3_all_reduce.cpp:46] func traced: [all_reduce] xlink_ring_all_reduce_single_node
[12:01:06][7273eb5a9391][21:163][DBG][XCCL][kl3_all_reduce.cpp:94] send buf addr 0x4004000000/0x402408e000 count 6
[12:01:06][7273eb5a9391][21:21][DBG][XCCL][helper.cpp:301] all_reduce: ctx=0x55f6e31f7fe0, seq_id=327, rank=0, nranks=2, dev=0, send=0x4004000000, recv=0x4004000000, cnt=67108864, root=-1, peer=-1, stream=0x55f6e2f0b3e0, data=float, op=sum, group=0, num_host=1, algo=ring
[12:01:06][7273eb5a9391][21:163][DBG][XCCL][kl3_all_reduce.cpp:46] func traced: [all_reduce] xlink_ring_all_reduce_single_node
[12:01:06][7273eb5a9391][21:163][DBG][XCCL][kl3_all_reduce.cpp:94] send buf addr 0x4004000000/0x402408e000 count 6
[12:01:06][7273eb5a9391][21:21][DBG][XCCL][helper.cpp:301] all_reduce: ctx=0x55f6e31f7fe0, seq_id=328, rank=0, nranks=2, dev=0, send=0x4004000000, recv=0x4004000000, cnt=67108864, root=-1, peer=-1, stream=0x55f6e2f0b3e0, data=float, op=sum, group=0, num_host=1, algo=ring
[12:01:06][7273eb5a9391][21:163][DBG][XCCL][kl3_all_reduce.cpp:46] func traced: [all_reduce] xlink_ring_all_reduce_single_node
[12:01:06][7273eb5a9391][21:163][DBG][XCCL][kl3_all_reduce.cpp:94] send buf addr 0x4004000000/0x402408e000 count 6
[12:01:06][7273eb5a9391][21:21][DBG][XCCL][helper.cpp:301] all_reduce: ctx=0x55f6e31f7fe0, seq_id=329, rank=0, nranks=2, dev=0, send=0x4004000000, recv=0x4004000000, cnt=67108864, root=-1, peer=-1, stream=0x55f6e2f0b3e0, data=float, op=sum, group=0, num_host=1, algo=ring
[12:01:06][7273eb5a9391][21:163][DBG][XCCL][kl3_all_reduce.cpp:46] func traced: [all_reduce] xlink_ring_all_reduce_single_node
[12:01:06][7273eb5a9391][21:163][DBG][XCCL][kl3_all_reduce.cpp:94] send buf addr 0x4004000000/0x402408e000 count 6
[12:01:06][7273eb5a9391][21:21][DBG][XCCL][helper.cpp:301] all_reduce: ctx=0x55f6e31f7fe0, seq_id=330, rank=0, nranks=2, dev=0, send=0x4004000000, recv=0x4004000000, cnt=67108864, root=-1, peer=-1, stream=0x55f6e2f0b3e0, data=float, op=sum, group=0, num_host=1, algo=ring
[12:01:06][7273eb5a9391][21:163][DBG][XCCL][kl3_all_reduce.cpp:46] func traced: [all_reduce] xlink_ring_all_reduce_single_node
[12:01:06][7273eb5a9391][21:163][DBG][XCCL][kl3_all_reduce.cpp:94] send buf addr 0x4004000000/0x402408e000 count 6
[12:01:06][7273eb5a9391][21:21][DBG][XCCL][helper.cpp:301] all_reduce: ctx=0x55f6e31f7fe0, seq_id=331, rank=0, nranks=2, dev=0, send=0x4004000000, recv=0x4004000000, cnt=67108864, root=-1, peer=-1, stream=0x55f6e2f0b3e0, data=float, op=sum, group=0, num_host=1, algo=ring
[12:01:06][7273eb5a9391][21:163][DBG][XCCL][kl3_all_reduce.cpp:46] func traced: [all_reduce] xlink_ring_all_reduce_single_node
[12:01:06][7273eb5a9391][21:163][DBG][XCCL][kl3_all_reduce.cpp:94] send buf addr 0x4004000000/0x402408e000 count 6
[12:01:06][7273eb5a9391][21:21][DBG][XCCL][helper.cpp:301] all_reduce: ctx=0x55f6e31f7fe0, seq_id=332, rank=0, nranks=2, dev=0, send=0x4004000000, recv=0x4004000000, cnt=67108864, root=-1, peer=-1, stream=0x55f6e2f0b3e0, data=float, op=sum, group=0, num_host=1, algo=ring
[12:01:06][7273eb5a9391][21:163][DBG][XCCL][kl3_all_reduce.cpp:46] func traced: [all_reduce] xlink_ring_all_reduce_single_node
[12:01:06][7273eb5a9391][21:163][DBG][XCCL][kl3_all_reduce.cpp:94] send buf addr 0x4004000000/0x402408e000 count 6
[12:01:06][7273eb5a9391][21:21][DBG][XCCL][helper.cpp:301] all_reduce: ctx=0x55f6e31f7fe0, seq_id=333, rank=0, nranks=2, dev=0, send=0x4004000000, recv=0x4004000000, cnt=67108864, root=-1, peer=-1, stream=0x55f6e2f0b3e0, data=float, op=sum, group=0, num_host=1, algo=ring
[12:01:06][7273eb5a9391][21:163][DBG][XCCL][kl3_all_reduce.cpp:46] func traced: [all_reduce] xlink_ring_all_reduce_single_node
[12:01:06][7273eb5a9391][21:163][DBG][XCCL][kl3_all_reduce.cpp:94] send buf addr 0x4004000000/0x402408e000 count 6
[12:01:06][7273eb5a9391][21:21][DBG][XCCL][helper.cpp:301] all_reduce: ctx=0x55f6e31f7fe0, seq_id=334, rank=0, nranks=2, dev=0, send=0x4004000000, recv=0x4004000000, cnt=67108864, root=-1, peer=-1, stream=0x55f6e2f0b3e0, data=float, op=sum, group=0, num_host=1, algo=ring
[12:01:06][7273eb5a9391][21:163][DBG][XCCL][kl3_all_reduce.cpp:46] func traced: [all_reduce] xlink_ring_all_reduce_single_node
[12:01:06][7273eb5a9391][21:163][DBG][XCCL][kl3_all_reduce.cpp:94] send buf addr 0x4004000000/0x402408e000 count 6
[12:01:06][7273eb5a9391][21:21][DBG][XCCL][helper.cpp:301] all_reduce: ctx=0x55f6e31f7fe0, seq_id=335, rank=0, nranks=2, dev=0, send=0x4004000000, recv=0x4004000000, cnt=67108864, root=-1, peer=-1, stream=0x55f6e2f0b3e0, data=float, op=sum, group=0, num_host=1, algo=ring
[12:01:06][7273eb5a9391][21:163][DBG][XCCL][kl3_all_reduce.cpp:46] func traced: [all_reduce] xlink_ring_all_reduce_single_node
[12:01:06][7273eb5a9391][21:163][DBG][XCCL][kl3_all_reduce.cpp:94] send buf addr 0x4004000000/0x402408e000 count 6
[12:01:06][7273eb5a9391][21:21][DBG][XCCL][helper.cpp:301] all_reduce: ctx=0x55f6e31f7fe0, seq_id=336, rank=0, nranks=2, dev=0, send=0x4004000000, recv=0x4004000000, cnt=67108864, root=-1, peer=-1, stream=0x55f6e2f0b3e0, data=float, op=sum, group=0, num_host=1, algo=ring
[12:01:06][7273eb5a9391][21:163][DBG][XCCL][kl3_all_reduce.cpp:46] func traced: [all_reduce] xlink_ring_all_reduce_single_node
[12:01:06][7273eb5a9391][21:163][DBG][XCCL][kl3_all_reduce.cpp:94] send buf addr 0x4004000000/0x402408e000 count 6
[12:01:06][7273eb5a9391][21:21][DBG][XCCL][helper.cpp:301] all_reduce: ctx=0x55f6e31f7fe0, seq_id=337, rank=0, nranks=2, dev=0, send=0x4004000000, recv=0x4004000000, cnt=67108864, root=-1, peer=-1, stream=0x55f6e2f0b3e0, data=float, op=sum, group=0, num_host=1, algo=ring
[12:01:06][7273eb5a9391][21:163][DBG][XCCL][kl3_all_reduce.cpp:46] func traced: [all_reduce] xlink_ring_all_reduce_single_node
[12:01:06][7273eb5a9391][21:163][DBG][XCCL][kl3_all_reduce.cpp:94] send buf addr 0x4004000000/0x402408e000 count 6
[12:01:06][7273eb5a9391][21:21][DBG][XCCL][helper.cpp:301] all_reduce: ctx=0x55f6e31f7fe0, seq_id=338, rank=0, nranks=2, dev=0, send=0x4004000000, recv=0x4004000000, cnt=67108864, root=-1, peer=-1, stream=0x55f6e2f0b3e0, data=float, op=sum, group=0, num_host=1, algo=ring
[12:01:06][7273eb5a9391][21:163][DBG][XCCL][kl3_all_reduce.cpp:46] func traced: [all_reduce] xlink_ring_all_reduce_single_node
[12:01:06][7273eb5a9391][21:163][DBG][XCCL][kl3_all_reduce.cpp:94] send buf addr 0x4004000000/0x402408e000 count 6
[12:01:06][7273eb5a9391][21:21][DBG][XCCL][helper.cpp:301] all_reduce: ctx=0x55f6e31f7fe0, seq_id=339, rank=0, nranks=2, dev=0, send=0x4004000000, recv=0x4004000000, cnt=67108864, root=-1, peer=-1, stream=0x55f6e2f0b3e0, data=float, op=sum, group=0, num_host=1, algo=ring
[12:01:06][7273eb5a9391][21:163][DBG][XCCL][kl3_all_reduce.cpp:46] func traced: [all_reduce] xlink_ring_all_reduce_single_node
[12:01:06][7273eb5a9391][21:163][DBG][XCCL][kl3_all_reduce.cpp:94] send buf addr 0x4004000000/0x402408e000 count 6
[12:01:06][7273eb5a9391][21:21][DBG][XCCL][helper.cpp:301] all_reduce: ctx=0x55f6e31f7fe0, seq_id=340, rank=0, nranks=2, dev=0, send=0x4004000000, recv=0x4004000000, cnt=67108864, root=-1, peer=-1, stream=0x55f6e2f0b3e0, data=float, op=sum, group=0, num_host=1, algo=ring
[12:01:06][7273eb5a9391][21:163][DBG][XCCL][kl3_all_reduce.cpp:46] func traced: [all_reduce] xlink_ring_all_reduce_single_node
[12:01:06][7273eb5a9391][21:163][DBG][XCCL][kl3_all_reduce.cpp:94] send buf addr 0x4004000000/0x402408e000 count 6
[12:01:06][7273eb5a9391][21:21][DBG][XCCL][helper.cpp:301] all_reduce: ctx=0x55f6e31f7fe0, seq_id=341, rank=0, nranks=2, dev=0, send=0x4004000000, recv=0x4004000000, cnt=67108864, root=-1, peer=-1, stream=0x55f6e2f0b3e0, data=float, op=sum, group=0, num_host=1, algo=ring
[12:01:06][7273eb5a9391][21:163][DBG][XCCL][kl3_all_reduce.cpp:46] func traced: [all_reduce] xlink_ring_all_reduce_single_node
[12:01:06][7273eb5a9391][21:163][DBG][XCCL][kl3_all_reduce.cpp:94] send buf addr 0x4004000000/0x402408e000 count 6
[12:01:06][7273eb5a9391][21:21][DBG][XCCL][helper.cpp:301] all_reduce: ctx=0x55f6e31f7fe0, seq_id=342, rank=0, nranks=2, dev=0, send=0x4004000000, recv=0x4004000000, cnt=67108864, root=-1, peer=-1, stream=0x55f6e2f0b3e0, data=float, op=sum, group=0, num_host=1, algo=ring
[12:01:06][7273eb5a9391][21:163][DBG][XCCL][kl3_all_reduce.cpp:46] func traced: [all_reduce] xlink_ring_all_reduce_single_node
[12:01:06][7273eb5a9391][21:163][DBG][XCCL][kl3_all_reduce.cpp:94] send buf addr 0x4004000000/0x402408e000 count 6
[12:01:06][7273eb5a9391][21:21][DBG][XCCL][helper.cpp:301] all_reduce: ctx=0x55f6e31f7fe0, seq_id=343, rank=0, nranks=2, dev=0, send=0x4004000000, recv=0x4004000000, cnt=67108864, root=-1, peer=-1, stream=0x55f6e2f0b3e0, data=float, op=sum, group=0, num_host=1, algo=ring
[12:01:06][7273eb5a9391][21:163][DBG][XCCL][kl3_all_reduce.cpp:46] func traced: [all_reduce] xlink_ring_all_reduce_single_node
[12:01:06][7273eb5a9391][21:163][DBG][XCCL][kl3_all_reduce.cpp:94] send buf addr 0x4004000000/0x402408e000 count 6
[12:01:06][7273eb5a9391][21:21][DBG][XCCL][helper.cpp:301] all_reduce: ctx=0x55f6e31f7fe0, seq_id=344, rank=0, nranks=2, dev=0, send=0x4004000000, recv=0x4004000000, cnt=67108864, root=-1, peer=-1, stream=0x55f6e2f0b3e0, data=float, op=sum, group=0, num_host=1, algo=ring
[12:01:06][7273eb5a9391][21:163][DBG][XCCL][kl3_all_reduce.cpp:46] func traced: [all_reduce] xlink_ring_all_reduce_single_node
[12:01:06][7273eb5a9391][21:163][DBG][XCCL][kl3_all_reduce.cpp:94] send buf addr 0x4004000000/0x402408e000 count 6
[12:01:06][7273eb5a9391][21:21][DBG][XCCL][helper.cpp:301] all_reduce: ctx=0x55f6e31f7fe0, seq_id=345, rank=0, nranks=2, dev=0, send=0x4004000000, recv=0x4004000000, cnt=67108864, root=-1, peer=-1, stream=0x55f6e2f0b3e0, data=float, op=sum, group=0, num_host=1, algo=ring
[12:01:06][7273eb5a9391][21:163][DBG][XCCL][kl3_all_reduce.cpp:46] func traced: [all_reduce] xlink_ring_all_reduce_single_node
[12:01:06][7273eb5a9391][21:163][DBG][XCCL][kl3_all_reduce.cpp:94] send buf addr 0x4004000000/0x402408e000 count 6
[12:01:06][7273eb5a9391][21:21][DBG][XCCL][helper.cpp:301] all_reduce: ctx=0x55f6e31f7fe0, seq_id=346, rank=0, nranks=2, dev=0, send=0x4004000000, recv=0x4004000000, cnt=67108864, root=-1, peer=-1, stream=0x55f6e2f0b3e0, data=float, op=sum, group=0, num_host=1, algo=ring
[12:01:06][7273eb5a9391][21:163][DBG][XCCL][kl3_all_reduce.cpp:46] func traced: [all_reduce] xlink_ring_all_reduce_single_node
[12:01:06][7273eb5a9391][21:163][DBG][XCCL][kl3_all_reduce.cpp:94] send buf addr 0x4004000000/0x402408e000 count 6
[12:01:06][7273eb5a9391][21:21][DBG][XCCL][helper.cpp:301] all_reduce: ctx=0x55f6e31f7fe0, seq_id=347, rank=0, nranks=2, dev=0, send=0x4004000000, recv=0x4004000000, cnt=67108864, root=-1, peer=-1, stream=0x55f6e2f0b3e0, data=float, op=sum, group=0, num_host=1, algo=ring
[12:01:06][7273eb5a9391][21:163][DBG][XCCL][kl3_all_reduce.cpp:46] func traced: [all_reduce] xlink_ring_all_reduce_single_node
[12:01:06][7273eb5a9391][21:163][DBG][XCCL][kl3_all_reduce.cpp:94] send buf addr 0x4004000000/0x402408e000 count 6
[12:01:06][7273eb5a9391][21:21][DBG][XCCL][helper.cpp:301] all_reduce: ctx=0x55f6e31f7fe0, seq_id=348, rank=0, nranks=2, dev=0, send=0x4004000000, recv=0x4004000000, cnt=67108864, root=-1, peer=-1, stream=0x55f6e2f0b3e0, data=float, op=sum, group=0, num_host=1, algo=ring
[12:01:06][7273eb5a9391][21:163][DBG][XCCL][kl3_all_reduce.cpp:46] func traced: [all_reduce] xlink_ring_all_reduce_single_node
[12:01:06][7273eb5a9391][21:163][DBG][XCCL][kl3_all_reduce.cpp:94] send buf addr 0x4004000000/0x402408e000 count 6
[12:01:06][7273eb5a9391][21:21][DBG][XCCL][helper.cpp:301] all_reduce: ctx=0x55f6e31f7fe0, seq_id=349, rank=0, nranks=2, dev=0, send=0x4004000000, recv=0x4004000000, cnt=67108864, root=-1, peer=-1, stream=0x55f6e2f0b3e0, data=float, op=sum, group=0, num_host=1, algo=ring
[12:01:06][7273eb5a9391][21:163][DBG][XCCL][kl3_all_reduce.cpp:46] func traced: [all_reduce] xlink_ring_all_reduce_single_node
[12:01:06][7273eb5a9391][21:163][DBG][XCCL][kl3_all_reduce.cpp:94] send buf addr 0x4004000000/0x402408e000 count 6
[12:01:06][7273eb5a9391][21:21][DBG][XCCL][helper.cpp:301] all_reduce: ctx=0x55f6e31f7fe0, seq_id=350, rank=0, nranks=2, dev=0, send=0x4004000000, recv=0x4004000000, cnt=67108864, root=-1, peer=-1, stream=0x55f6e2f0b3e0, data=float, op=sum, group=0, num_host=1, algo=ring
[12:01:06][7273eb5a9391][21:163][DBG][XCCL][kl3_all_reduce.cpp:46] func traced: [all_reduce] xlink_ring_all_reduce_single_node
[12:01:06][7273eb5a9391][21:163][DBG][XCCL][kl3_all_reduce.cpp:94] send buf addr 0x4004000000/0x402408e000 count 6
[12:01:06][7273eb5a9391][21:21][DBG][XCCL][helper.cpp:301] all_reduce: ctx=0x55f6e31f7fe0, seq_id=351, rank=0, nranks=2, dev=0, send=0x4004000000, recv=0x4004000000, cnt=67108864, root=-1, peer=-1, stream=0x55f6e2f0b3e0, data=float, op=sum, group=0, num_host=1, algo=ring
[12:01:06][7273eb5a9391][21:163][DBG][XCCL][kl3_all_reduce.cpp:46] func traced: [all_reduce] xlink_ring_all_reduce_single_node
[12:01:06][7273eb5a9391][21:163][DBG][XCCL][kl3_all_reduce.cpp:94] send buf addr 0x4004000000/0x402408e000 count 6
[12:01:06][7273eb5a9391][21:21][DBG][XCCL][helper.cpp:301] all_reduce: ctx=0x55f6e31f7fe0, seq_id=352, rank=0, nranks=2, dev=0, send=0x4004000000, recv=0x4004000000, cnt=67108864, root=-1, peer=-1, stream=0x55f6e2f0b3e0, data=float, op=sum, group=0, num_host=1, algo=ring
[12:01:06][7273eb5a9391][21:163][DBG][XCCL][kl3_all_reduce.cpp:46] func traced: [all_reduce] xlink_ring_all_reduce_single_node
[12:01:06][7273eb5a9391][21:163][DBG][XCCL][kl3_all_reduce.cpp:94] send buf addr 0x4004000000/0x402408e000 count 6
[12:01:06][7273eb5a9391][21:21][DBG][XCCL][helper.cpp:301] all_reduce: ctx=0x55f6e31f7fe0, seq_id=353, rank=0, nranks=2, dev=0, send=0x4004000000, recv=0x4004000000, cnt=67108864, root=-1, peer=-1, stream=0x55f6e2f0b3e0, data=float, op=sum, group=0, num_host=1, algo=ring
[12:01:06][7273eb5a9391][21:163][DBG][XCCL][kl3_all_reduce.cpp:46] func traced: [all_reduce] xlink_ring_all_reduce_single_node
[12:01:06][7273eb5a9391][21:163][DBG][XCCL][kl3_all_reduce.cpp:94] send buf addr 0x4004000000/0x402408e000 count 6
[12:01:06][7273eb5a9391][21:21][DBG][XCCL][helper.cpp:301] all_reduce: ctx=0x55f6e31f7fe0, seq_id=354, rank=0, nranks=2, dev=0, send=0x4004000000, recv=0x4004000000, cnt=67108864, root=-1, peer=-1, stream=0x55f6e2f0b3e0, data=float, op=sum, group=0, num_host=1, algo=ring
[12:01:06][7273eb5a9391][21:163][DBG][XCCL][kl3_all_reduce.cpp:46] func traced: [all_reduce] xlink_ring_all_reduce_single_node
[12:01:06][7273eb5a9391][21:163][DBG][XCCL][kl3_all_reduce.cpp:94] send buf addr 0x4004000000/0x402408e000 count 6
[12:01:06][7273eb5a9391][21:21][DBG][XCCL][helper.cpp:301] all_reduce: ctx=0x55f6e31f7fe0, seq_id=355, rank=0, nranks=2, dev=0, send=0x4004000000, recv=0x4004000000, cnt=67108864, root=-1, peer=-1, stream=0x55f6e2f0b3e0, data=float, op=sum, group=0, num_host=1, algo=ring
[12:01:06][7273eb5a9391][21:163][DBG][XCCL][kl3_all_reduce.cpp:46] func traced: [all_reduce] xlink_ring_all_reduce_single_node
[12:01:06][7273eb5a9391][21:163][DBG][XCCL][kl3_all_reduce.cpp:94] send buf addr 0x4004000000/0x402408e000 count 6
[12:01:06][7273eb5a9391][21:21][DBG][XCCL][helper.cpp:301] all_reduce: ctx=0x55f6e31f7fe0, seq_id=356, rank=0, nranks=2, dev=0, send=0x4004000000, recv=0x4004000000, cnt=67108864, root=-1, peer=-1, stream=0x55f6e2f0b3e0, data=float, op=sum, group=0, num_host=1, algo=ring
[12:01:06][7273eb5a9391][21:163][DBG][XCCL][kl3_all_reduce.cpp:46] func traced: [all_reduce] xlink_ring_all_reduce_single_node
[12:01:06][7273eb5a9391][21:163][DBG][XCCL][kl3_all_reduce.cpp:94] send buf addr 0x4004000000/0x402408e000 count 6
[12:01:06][7273eb5a9391][21:21][DBG][XCCL][helper.cpp:301] all_reduce: ctx=0x55f6e31f7fe0, seq_id=357, rank=0, nranks=2, dev=0, send=0x4004000000, recv=0x4004000000, cnt=67108864, root=-1, peer=-1, stream=0x55f6e2f0b3e0, data=float, op=sum, group=0, num_host=1, algo=ring
[12:01:06][7273eb5a9391][21:163][DBG][XCCL][kl3_all_reduce.cpp:46] func traced: [all_reduce] xlink_ring_all_reduce_single_node
[12:01:06][7273eb5a9391][21:163][DBG][XCCL][kl3_all_reduce.cpp:94] send buf addr 0x4004000000/0x402408e000 count 6
[12:01:06][7273eb5a9391][21:21][DBG][XCCL][helper.cpp:301] all_reduce: ctx=0x55f6e31f7fe0, seq_id=358, rank=0, nranks=2, dev=0, send=0x4004000000, recv=0x4004000000, cnt=67108864, root=-1, peer=-1, stream=0x55f6e2f0b3e0, data=float, op=sum, group=0, num_host=1, algo=ring
[12:01:06][7273eb5a9391][21:163][DBG][XCCL][kl3_all_reduce.cpp:46] func traced: [all_reduce] xlink_ring_all_reduce_single_node
[12:01:06][7273eb5a9391][21:163][DBG][XCCL][kl3_all_reduce.cpp:94] send buf addr 0x4004000000/0x402408e000 count 6
[12:01:06][7273eb5a9391][21:21][DBG][XCCL][helper.cpp:301] all_reduce: ctx=0x55f6e31f7fe0, seq_id=359, rank=0, nranks=2, dev=0, send=0x4004000000, recv=0x4004000000, cnt=67108864, root=-1, peer=-1, stream=0x55f6e2f0b3e0, data=float, op=sum, group=0, num_host=1, algo=ring
[12:01:06][7273eb5a9391][21:163][DBG][XCCL][kl3_all_reduce.cpp:46] func traced: [all_reduce] xlink_ring_all_reduce_single_node
[12:01:06][7273eb5a9391][21:163][DBG][XCCL][kl3_all_reduce.cpp:94] send buf addr 0x4004000000/0x402408e000 count 6
[12:01:06][7273eb5a9391][21:21][DBG][XCCL][helper.cpp:301] all_reduce: ctx=0x55f6e31f7fe0, seq_id=360, rank=0, nranks=2, dev=0, send=0x4004000000, recv=0x4004000000, cnt=67108864, root=-1, peer=-1, stream=0x55f6e2f0b3e0, data=float, op=sum, group=0, num_host=1, algo=ring
[12:01:06][7273eb5a9391][21:163][DBG][XCCL][kl3_all_reduce.cpp:46] func traced: [all_reduce] xlink_ring_all_reduce_single_node
[12:01:06][7273eb5a9391][21:163][DBG][XCCL][kl3_all_reduce.cpp:94] send buf addr 0x4004000000/0x402408e000 count 6
[12:01:06][7273eb5a9391][21:21][DBG][XCCL][helper.cpp:301] all_reduce: ctx=0x55f6e31f7fe0, seq_id=361, rank=0, nranks=2, dev=0, send=0x4004000000, recv=0x4004000000, cnt=67108864, root=-1, peer=-1, stream=0x55f6e2f0b3e0, data=float, op=sum, group=0, num_host=1, algo=ring
[12:01:06][7273eb5a9391][21:163][DBG][XCCL][kl3_all_reduce.cpp:46] func traced: [all_reduce] xlink_ring_all_reduce_single_node
[12:01:06][7273eb5a9391][21:163][DBG][XCCL][kl3_all_reduce.cpp:94] send buf addr 0x4004000000/0x402408e000 count 6
[12:01:06][7273eb5a9391][21:21][DBG][XCCL][helper.cpp:301] all_reduce: ctx=0x55f6e31f7fe0, seq_id=362, rank=0, nranks=2, dev=0, send=0x4004000000, recv=0x4004000000, cnt=67108864, root=-1, peer=-1, stream=0x55f6e2f0b3e0, data=float, op=sum, group=0, num_host=1, algo=ring
[12:01:06][7273eb5a9391][21:163][DBG][XCCL][kl3_all_reduce.cpp:46] func traced: [all_reduce] xlink_ring_all_reduce_single_node
[12:01:06][7273eb5a9391][21:163][DBG][XCCL][kl3_all_reduce.cpp:94] send buf addr 0x4004000000/0x402408e000 count 6
[12:01:06][7273eb5a9391][21:21][DBG][XCCL][helper.cpp:301] all_reduce: ctx=0x55f6e31f7fe0, seq_id=363, rank=0, nranks=2, dev=0, send=0x4004000000, recv=0x4004000000, cnt=67108864, root=-1, peer=-1, stream=0x55f6e2f0b3e0, data=float, op=sum, group=0, num_host=1, algo=ring
[12:01:06][7273eb5a9391][21:163][DBG][XCCL][kl3_all_reduce.cpp:46] func traced: [all_reduce] xlink_ring_all_reduce_single_node
[12:01:06][7273eb5a9391][21:163][DBG][XCCL][kl3_all_reduce.cpp:94] send buf addr 0x4004000000/0x402408e000 count 6
[12:01:06][7273eb5a9391][21:21][DBG][XCCL][helper.cpp:301] all_reduce: ctx=0x55f6e31f7fe0, seq_id=364, rank=0, nranks=2, dev=0, send=0x4004000000, recv=0x4004000000, cnt=67108864, root=-1, peer=-1, stream=0x55f6e2f0b3e0, data=float, op=sum, group=0, num_host=1, algo=ring
[12:01:06][7273eb5a9391][21:163][DBG][XCCL][kl3_all_reduce.cpp:46] func traced: [all_reduce] xlink_ring_all_reduce_single_node
[12:01:06][7273eb5a9391][21:163][DBG][XCCL][kl3_all_reduce.cpp:94] send buf addr 0x4004000000/0x402408e000 count 6
[12:01:06][7273eb5a9391][21:21][DBG][XCCL][helper.cpp:301] all_reduce: ctx=0x55f6e31f7fe0, seq_id=365, rank=0, nranks=2, dev=0, send=0x4004000000, recv=0x4004000000, cnt=67108864, root=-1, peer=-1, stream=0x55f6e2f0b3e0, data=float, op=sum, group=0, num_host=1, algo=ring
[12:01:06][7273eb5a9391][21:163][DBG][XCCL][kl3_all_reduce.cpp:46] func traced: [all_reduce] xlink_ring_all_reduce_single_node
[12:01:06][7273eb5a9391][21:163][DBG][XCCL][kl3_all_reduce.cpp:94] send buf addr 0x4004000000/0x402408e000 count 6
[12:01:06][7273eb5a9391][21:21][DBG][XCCL][helper.cpp:301] all_reduce: ctx=0x55f6e31f7fe0, seq_id=366, rank=0, nranks=2, dev=0, send=0x4004000000, recv=0x4004000000, cnt=67108864, root=-1, peer=-1, stream=0x55f6e2f0b3e0, data=float, op=sum, group=0, num_host=1, algo=ring
[12:01:06][7273eb5a9391][21:163][DBG][XCCL][kl3_all_reduce.cpp:46] func traced: [all_reduce] xlink_ring_all_reduce_single_node
[12:01:06][7273eb5a9391][21:163][DBG][XCCL][kl3_all_reduce.cpp:94] send buf addr 0x4004000000/0x402408e000 count 6
[12:01:06][7273eb5a9391][21:21][DBG][XCCL][helper.cpp:301] all_reduce: ctx=0x55f6e31f7fe0, seq_id=367, rank=0, nranks=2, dev=0, send=0x4004000000, recv=0x4004000000, cnt=67108864, root=-1, peer=-1, stream=0x55f6e2f0b3e0, data=float, op=sum, group=0, num_host=1, algo=ring
[12:01:06][7273eb5a9391][21:163][DBG][XCCL][kl3_all_reduce.cpp:46] func traced: [all_reduce] xlink_ring_all_reduce_single_node
[12:01:06][7273eb5a9391][21:163][DBG][XCCL][kl3_all_reduce.cpp:94] send buf addr 0x4004000000/0x402408e000 count 6
[12:01:06][7273eb5a9391][21:21][DBG][XCCL][helper.cpp:301] all_reduce: ctx=0x55f6e31f7fe0, seq_id=368, rank=0, nranks=2, dev=0, send=0x4004000000, recv=0x4004000000, cnt=67108864, root=-1, peer=-1, stream=0x55f6e2f0b3e0, data=float, op=sum, group=0, num_host=1, algo=ring
[12:01:06][7273eb5a9391][21:163][DBG][XCCL][kl3_all_reduce.cpp:46] func traced: [all_reduce] xlink_ring_all_reduce_single_node
[12:01:06][7273eb5a9391][21:163][DBG][XCCL][kl3_all_reduce.cpp:94] send buf addr 0x4004000000/0x402408e000 count 6
[12:01:06][7273eb5a9391][21:21][DBG][XCCL][helper.cpp:301] all_reduce: ctx=0x55f6e31f7fe0, seq_id=369, rank=0, nranks=2, dev=0, send=0x4004000000, recv=0x4004000000, cnt=67108864, root=-1, peer=-1, stream=0x55f6e2f0b3e0, data=float, op=sum, group=0, num_host=1, algo=ring
[12:01:06][7273eb5a9391][21:163][DBG][XCCL][kl3_all_reduce.cpp:46] func traced: [all_reduce] xlink_ring_all_reduce_single_node
[12:01:06][7273eb5a9391][21:163][DBG][XCCL][kl3_all_reduce.cpp:94] send buf addr 0x4004000000/0x402408e000 count 6
[12:01:06][7273eb5a9391][21:21][DBG][XCCL][helper.cpp:301] all_reduce: ctx=0x55f6e31f7fe0, seq_id=370, rank=0, nranks=2, dev=0, send=0x4004000000, recv=0x4004000000, cnt=67108864, root=-1, peer=-1, stream=0x55f6e2f0b3e0, data=float, op=sum, group=0, num_host=1, algo=ring
[12:01:06][7273eb5a9391][21:163][DBG][XCCL][kl3_all_reduce.cpp:46] func traced: [all_reduce] xlink_ring_all_reduce_single_node
[12:01:06][7273eb5a9391][21:163][DBG][XCCL][kl3_all_reduce.cpp:94] send buf addr 0x4004000000/0x402408e000 count 6
[12:01:06][7273eb5a9391][21:21][DBG][XCCL][helper.cpp:301] all_reduce: ctx=0x55f6e31f7fe0, seq_id=371, rank=0, nranks=2, dev=0, send=0x4004000000, recv=0x4004000000, cnt=67108864, root=-1, peer=-1, stream=0x55f6e2f0b3e0, data=float, op=sum, group=0, num_host=1, algo=ring
[12:01:06][7273eb5a9391][21:163][DBG][XCCL][kl3_all_reduce.cpp:46] func traced: [all_reduce] xlink_ring_all_reduce_single_node
[12:01:06][7273eb5a9391][21:163][DBG][XCCL][kl3_all_reduce.cpp:94] send buf addr 0x4004000000/0x402408e000 count 6
[12:01:06][7273eb5a9391][21:21][DBG][XCCL][helper.cpp:301] all_reduce: ctx=0x55f6e31f7fe0, seq_id=372, rank=0, nranks=2, dev=0, send=0x4004000000, recv=0x4004000000, cnt=67108864, root=-1, peer=-1, stream=0x55f6e2f0b3e0, data=float, op=sum, group=0, num_host=1, algo=ring
[12:01:06][7273eb5a9391][21:163][DBG][XCCL][kl3_all_reduce.cpp:46] func traced: [all_reduce] xlink_ring_all_reduce_single_node
[12:01:06][7273eb5a9391][21:163][DBG][XCCL][kl3_all_reduce.cpp:94] send buf addr 0x4004000000/0x402408e000 count 6
[12:01:06][7273eb5a9391][21:21][DBG][XCCL][helper.cpp:301] all_reduce: ctx=0x55f6e31f7fe0, seq_id=373, rank=0, nranks=2, dev=0, send=0x4004000000, recv=0x4004000000, cnt=67108864, root=-1, peer=-1, stream=0x55f6e2f0b3e0, data=float, op=sum, group=0, num_host=1, algo=ring
[12:01:06][7273eb5a9391][21:163][DBG][XCCL][kl3_all_reduce.cpp:46] func traced: [all_reduce] xlink_ring_all_reduce_single_node
[12:01:06][7273eb5a9391][21:163][DBG][XCCL][kl3_all_reduce.cpp:94] send buf addr 0x4004000000/0x402408e000 count 6
[12:01:06][7273eb5a9391][21:21][DBG][XCCL][helper.cpp:301] all_reduce: ctx=0x55f6e31f7fe0, seq_id=374, rank=0, nranks=2, dev=0, send=0x4004000000, recv=0x4004000000, cnt=67108864, root=-1, peer=-1, stream=0x55f6e2f0b3e0, data=float, op=sum, group=0, num_host=1, algo=ring
[12:01:06][7273eb5a9391][21:163][DBG][XCCL][kl3_all_reduce.cpp:46] func traced: [all_reduce] xlink_ring_all_reduce_single_node
[12:01:06][7273eb5a9391][21:163][DBG][XCCL][kl3_all_reduce.cpp:94] send buf addr 0x4004000000/0x402408e000 count 6
[12:01:06][7273eb5a9391][21:21][DBG][XCCL][helper.cpp:301] all_reduce: ctx=0x55f6e31f7fe0, seq_id=375, rank=0, nranks=2, dev=0, send=0x4004000000, recv=0x4004000000, cnt=67108864, root=-1, peer=-1, stream=0x55f6e2f0b3e0, data=float, op=sum, group=0, num_host=1, algo=ring
[12:01:06][7273eb5a9391][21:163][DBG][XCCL][kl3_all_reduce.cpp:46] func traced: [all_reduce] xlink_ring_all_reduce_single_node
[12:01:06][7273eb5a9391][21:163][DBG][XCCL][kl3_all_reduce.cpp:94] send buf addr 0x4004000000/0x402408e000 count 6
[12:01:06][7273eb5a9391][21:21][DBG][XCCL][helper.cpp:301] all_reduce: ctx=0x55f6e31f7fe0, seq_id=376, rank=0, nranks=2, dev=0, send=0x4004000000, recv=0x4004000000, cnt=67108864, root=-1, peer=-1, stream=0x55f6e2f0b3e0, data=float, op=sum, group=0, num_host=1, algo=ring
[12:01:06][7273eb5a9391][21:163][DBG][XCCL][kl3_all_reduce.cpp:46] func traced: [all_reduce] xlink_ring_all_reduce_single_node
[12:01:06][7273eb5a9391][21:163][DBG][XCCL][kl3_all_reduce.cpp:94] send buf addr 0x4004000000/0x402408e000 count 6
[12:01:06][7273eb5a9391][21:21][DBG][XCCL][helper.cpp:301] all_reduce: ctx=0x55f6e31f7fe0, seq_id=377, rank=0, nranks=2, dev=0, send=0x4004000000, recv=0x4004000000, cnt=67108864, root=-1, peer=-1, stream=0x55f6e2f0b3e0, data=float, op=sum, group=0, num_host=1, algo=ring
[12:01:06][7273eb5a9391][21:163][DBG][XCCL][kl3_all_reduce.cpp:46] func traced: [all_reduce] xlink_ring_all_reduce_single_node
[12:01:06][7273eb5a9391][21:163][DBG][XCCL][kl3_all_reduce.cpp:94] send buf addr 0x4004000000/0x402408e000 count 6
[12:01:06][7273eb5a9391][21:21][DBG][XCCL][helper.cpp:301] all_reduce: ctx=0x55f6e31f7fe0, seq_id=378, rank=0, nranks=2, dev=0, send=0x4004000000, recv=0x4004000000, cnt=67108864, root=-1, peer=-1, stream=0x55f6e2f0b3e0, data=float, op=sum, group=0, num_host=1, algo=ring
[12:01:06][7273eb5a9391][21:163][DBG][XCCL][kl3_all_reduce.cpp:46] func traced: [all_reduce] xlink_ring_all_reduce_single_node
[12:01:06][7273eb5a9391][21:163][DBG][XCCL][kl3_all_reduce.cpp:94] send buf addr 0x4004000000/0x402408e000 count 6
[12:01:06][7273eb5a9391][21:21][DBG][XCCL][helper.cpp:301] all_reduce: ctx=0x55f6e31f7fe0, seq_id=379, rank=0, nranks=2, dev=0, send=0x4004000000, recv=0x4004000000, cnt=67108864, root=-1, peer=-1, stream=0x55f6e2f0b3e0, data=float, op=sum, group=0, num_host=1, algo=ring
[12:01:06][7273eb5a9391][21:163][DBG][XCCL][kl3_all_reduce.cpp:46] func traced: [all_reduce] xlink_ring_all_reduce_single_node
[12:01:06][7273eb5a9391][21:163][DBG][XCCL][kl3_all_reduce.cpp:94] send buf addr 0x4004000000/0x402408e000 count 6
[12:01:06][7273eb5a9391][21:21][DBG][XCCL][helper.cpp:301] all_reduce: ctx=0x55f6e31f7fe0, seq_id=380, rank=0, nranks=2, dev=0, send=0x4004000000, recv=0x4004000000, cnt=67108864, root=-1, peer=-1, stream=0x55f6e2f0b3e0, data=float, op=sum, group=0, num_host=1, algo=ring
[12:01:06][7273eb5a9391][21:163][DBG][XCCL][kl3_all_reduce.cpp:46] func traced: [all_reduce] xlink_ring_all_reduce_single_node
[12:01:06][7273eb5a9391][21:163][DBG][XCCL][kl3_all_reduce.cpp:94] send buf addr 0x4004000000/0x402408e000 count 6
[12:01:06][7273eb5a9391][21:21][DBG][XCCL][helper.cpp:301] all_reduce: ctx=0x55f6e31f7fe0, seq_id=381, rank=0, nranks=2, dev=0, send=0x4004000000, recv=0x4004000000, cnt=67108864, root=-1, peer=-1, stream=0x55f6e2f0b3e0, data=float, op=sum, group=0, num_host=1, algo=ring
[12:01:06][7273eb5a9391][21:163][DBG][XCCL][kl3_all_reduce.cpp:46] func traced: [all_reduce] xlink_ring_all_reduce_single_node
[12:01:06][7273eb5a9391][21:163][DBG][XCCL][kl3_all_reduce.cpp:94] send buf addr 0x4004000000/0x402408e000 count 6
[12:01:06][7273eb5a9391][21:21][DBG][XCCL][helper.cpp:301] all_reduce: ctx=0x55f6e31f7fe0, seq_id=382, rank=0, nranks=2, dev=0, send=0x4004000000, recv=0x4004000000, cnt=67108864, root=-1, peer=-1, stream=0x55f6e2f0b3e0, data=float, op=sum, group=0, num_host=1, algo=ring
[12:01:06][7273eb5a9391][21:163][DBG][XCCL][kl3_all_reduce.cpp:46] func traced: [all_reduce] xlink_ring_all_reduce_single_node
[12:01:06][7273eb5a9391][21:163][DBG][XCCL][kl3_all_reduce.cpp:94] send buf addr 0x4004000000/0x402408e000 count 6
[12:01:06][7273eb5a9391][21:21][DBG][XCCL][helper.cpp:301] all_reduce: ctx=0x55f6e31f7fe0, seq_id=383, rank=0, nranks=2, dev=0, send=0x4004000000, recv=0x4004000000, cnt=67108864, root=-1, peer=-1, stream=0x55f6e2f0b3e0, data=float, op=sum, group=0, num_host=1, algo=ring
[12:01:06][7273eb5a9391][21:163][DBG][XCCL][kl3_all_reduce.cpp:46] func traced: [all_reduce] xlink_ring_all_reduce_single_node
[12:01:06][7273eb5a9391][21:163][DBG][XCCL][kl3_all_reduce.cpp:94] send buf addr 0x4004000000/0x402408e000 count 6
[12:01:06][7273eb5a9391][21:21][DBG][XCCL][helper.cpp:301] all_reduce: ctx=0x55f6e31f7fe0, seq_id=384, rank=0, nranks=2, dev=0, send=0x4004000000, recv=0x4004000000, cnt=67108864, root=-1, peer=-1, stream=0x55f6e2f0b3e0, data=float, op=sum, group=0, num_host=1, algo=ring
[12:01:06][7273eb5a9391][21:163][DBG][XCCL][kl3_all_reduce.cpp:46] func traced: [all_reduce] xlink_ring_all_reduce_single_node
[12:01:06][7273eb5a9391][21:163][DBG][XCCL][kl3_all_reduce.cpp:94] send buf addr 0x4004000000/0x402408e000 count 6
[12:01:06][7273eb5a9391][21:21][DBG][XCCL][helper.cpp:301] all_reduce: ctx=0x55f6e31f7fe0, seq_id=385, rank=0, nranks=2, dev=0, send=0x4004000000, recv=0x4004000000, cnt=67108864, root=-1, peer=-1, stream=0x55f6e2f0b3e0, data=float, op=sum, group=0, num_host=1, algo=ring
[12:01:06][7273eb5a9391][21:163][DBG][XCCL][kl3_all_reduce.cpp:46] func traced: [all_reduce] xlink_ring_all_reduce_single_node
[12:01:06][7273eb5a9391][21:163][DBG][XCCL][kl3_all_reduce.cpp:94] send buf addr 0x4004000000/0x402408e000 count 6
[12:01:06][7273eb5a9391][21:21][DBG][XCCL][helper.cpp:301] all_reduce: ctx=0x55f6e31f7fe0, seq_id=386, rank=0, nranks=2, dev=0, send=0x4004000000, recv=0x4004000000, cnt=67108864, root=-1, peer=-1, stream=0x55f6e2f0b3e0, data=float, op=sum, group=0, num_host=1, algo=ring
[12:01:06][7273eb5a9391][21:163][DBG][XCCL][kl3_all_reduce.cpp:46] func traced: [all_reduce] xlink_ring_all_reduce_single_node
[12:01:06][7273eb5a9391][21:163][DBG][XCCL][kl3_all_reduce.cpp:94] send buf addr 0x4004000000/0x402408e000 count 6
[12:01:06][7273eb5a9391][21:21][DBG][XCCL][helper.cpp:301] all_reduce: ctx=0x55f6e31f7fe0, seq_id=387, rank=0, nranks=2, dev=0, send=0x4004000000, recv=0x4004000000, cnt=67108864, root=-1, peer=-1, stream=0x55f6e2f0b3e0, data=float, op=sum, group=0, num_host=1, algo=ring
[12:01:06][7273eb5a9391][21:163][DBG][XCCL][kl3_all_reduce.cpp:46] func traced: [all_reduce] xlink_ring_all_reduce_single_node
[12:01:06][7273eb5a9391][21:163][DBG][XCCL][kl3_all_reduce.cpp:94] send buf addr 0x4004000000/0x402408e000 count 6
[12:01:06][7273eb5a9391][21:21][DBG][XCCL][helper.cpp:301] all_reduce: ctx=0x55f6e31f7fe0, seq_id=388, rank=0, nranks=2, dev=0, send=0x4004000000, recv=0x4004000000, cnt=67108864, root=-1, peer=-1, stream=0x55f6e2f0b3e0, data=float, op=sum, group=0, num_host=1, algo=ring
[12:01:06][7273eb5a9391][21:163][DBG][XCCL][kl3_all_reduce.cpp:46] func traced: [all_reduce] xlink_ring_all_reduce_single_node
[12:01:06][7273eb5a9391][21:163][DBG][XCCL][kl3_all_reduce.cpp:94] send buf addr 0x4004000000/0x402408e000 count 6
[12:01:06][7273eb5a9391][21:21][DBG][XCCL][helper.cpp:301] all_reduce: ctx=0x55f6e31f7fe0, seq_id=389, rank=0, nranks=2, dev=0, send=0x4004000000, recv=0x4004000000, cnt=67108864, root=-1, peer=-1, stream=0x55f6e2f0b3e0, data=float, op=sum, group=0, num_host=1, algo=ring
[12:01:06][7273eb5a9391][21:163][DBG][XCCL][kl3_all_reduce.cpp:46] func traced: [all_reduce] xlink_ring_all_reduce_single_node
[12:01:06][7273eb5a9391][21:163][DBG][XCCL][kl3_all_reduce.cpp:94] send buf addr 0x4004000000/0x402408e000 count 6
[12:01:06][7273eb5a9391][21:21][DBG][XCCL][helper.cpp:301] all_reduce: ctx=0x55f6e31f7fe0, seq_id=390, rank=0, nranks=2, dev=0, send=0x4004000000, recv=0x4004000000, cnt=67108864, root=-1, peer=-1, stream=0x55f6e2f0b3e0, data=float, op=sum, group=0, num_host=1, algo=ring
[12:01:06][7273eb5a9391][21:163][DBG][XCCL][kl3_all_reduce.cpp:46] func traced: [all_reduce] xlink_ring_all_reduce_single_node
[12:01:06][7273eb5a9391][21:163][DBG][XCCL][kl3_all_reduce.cpp:94] send buf addr 0x4004000000/0x402408e000 count 6
[12:01:06][7273eb5a9391][21:21][DBG][XCCL][helper.cpp:301] all_reduce: ctx=0x55f6e31f7fe0, seq_id=391, rank=0, nranks=2, dev=0, send=0x4004000000, recv=0x4004000000, cnt=67108864, root=-1, peer=-1, stream=0x55f6e2f0b3e0, data=float, op=sum, group=0, num_host=1, algo=ring
[12:01:06][7273eb5a9391][21:163][DBG][XCCL][kl3_all_reduce.cpp:46] func traced: [all_reduce] xlink_ring_all_reduce_single_node
[12:01:06][7273eb5a9391][21:163][DBG][XCCL][kl3_all_reduce.cpp:94] send buf addr 0x4004000000/0x402408e000 count 6
[12:01:06][7273eb5a9391][21:21][DBG][XCCL][helper.cpp:301] all_reduce: ctx=0x55f6e31f7fe0, seq_id=392, rank=0, nranks=2, dev=0, send=0x4004000000, recv=0x4004000000, cnt=67108864, root=-1, peer=-1, stream=0x55f6e2f0b3e0, data=float, op=sum, group=0, num_host=1, algo=ring
[12:01:06][7273eb5a9391][21:163][DBG][XCCL][kl3_all_reduce.cpp:46] func traced: [all_reduce] xlink_ring_all_reduce_single_node
[12:01:06][7273eb5a9391][21:163][DBG][XCCL][kl3_all_reduce.cpp:94] send buf addr 0x4004000000/0x402408e000 count 6
[12:01:06][7273eb5a9391][21:21][DBG][XCCL][helper.cpp:301] all_reduce: ctx=0x55f6e31f7fe0, seq_id=393, rank=0, nranks=2, dev=0, send=0x4004000000, recv=0x4004000000, cnt=67108864, root=-1, peer=-1, stream=0x55f6e2f0b3e0, data=float, op=sum, group=0, num_host=1, algo=ring
[12:01:06][7273eb5a9391][21:163][DBG][XCCL][kl3_all_reduce.cpp:46] func traced: [all_reduce] xlink_ring_all_reduce_single_node
[12:01:06][7273eb5a9391][21:163][DBG][XCCL][kl3_all_reduce.cpp:94] send buf addr 0x4004000000/0x402408e000 count 6
[12:01:06][7273eb5a9391][21:21][DBG][XCCL][helper.cpp:301] all_reduce: ctx=0x55f6e31f7fe0, seq_id=394, rank=0, nranks=2, dev=0, send=0x4004000000, recv=0x4004000000, cnt=67108864, root=-1, peer=-1, stream=0x55f6e2f0b3e0, data=float, op=sum, group=0, num_host=1, algo=ring
[12:01:06][7273eb5a9391][21:163][DBG][XCCL][kl3_all_reduce.cpp:46] func traced: [all_reduce] xlink_ring_all_reduce_single_node
[12:01:06][7273eb5a9391][21:163][DBG][XCCL][kl3_all_reduce.cpp:94] send buf addr 0x4004000000/0x402408e000 count 6
[12:01:06][7273eb5a9391][21:21][DBG][XCCL][helper.cpp:301] all_reduce: ctx=0x55f6e31f7fe0, seq_id=395, rank=0, nranks=2, dev=0, send=0x4004000000, recv=0x4004000000, cnt=67108864, root=-1, peer=-1, stream=0x55f6e2f0b3e0, data=float, op=sum, group=0, num_host=1, algo=ring
[12:01:06][7273eb5a9391][21:163][DBG][XCCL][kl3_all_reduce.cpp:46] func traced: [all_reduce] xlink_ring_all_reduce_single_node
[12:01:06][7273eb5a9391][21:163][DBG][XCCL][kl3_all_reduce.cpp:94] send buf addr 0x4004000000/0x402408e000 count 6
[12:01:06][7273eb5a9391][21:21][DBG][XCCL][helper.cpp:301] all_reduce: ctx=0x55f6e31f7fe0, seq_id=396, rank=0, nranks=2, dev=0, send=0x4004000000, recv=0x4004000000, cnt=67108864, root=-1, peer=-1, stream=0x55f6e2f0b3e0, data=float, op=sum, group=0, num_host=1, algo=ring
[12:01:06][7273eb5a9391][21:163][DBG][XCCL][kl3_all_reduce.cpp:46] func traced: [all_reduce] xlink_ring_all_reduce_single_node
[12:01:06][7273eb5a9391][21:163][DBG][XCCL][kl3_all_reduce.cpp:94] send buf addr 0x4004000000/0x402408e000 count 6
[12:01:06][7273eb5a9391][21:21][DBG][XCCL][helper.cpp:301] all_reduce: ctx=0x55f6e31f7fe0, seq_id=397, rank=0, nranks=2, dev=0, send=0x4004000000, recv=0x4004000000, cnt=67108864, root=-1, peer=-1, stream=0x55f6e2f0b3e0, data=float, op=sum, group=0, num_host=1, algo=ring
[12:01:06][7273eb5a9391][21:163][DBG][XCCL][kl3_all_reduce.cpp:46] func traced: [all_reduce] xlink_ring_all_reduce_single_node
[12:01:06][7273eb5a9391][21:163][DBG][XCCL][kl3_all_reduce.cpp:94] send buf addr 0x4004000000/0x402408e000 count 6
[12:01:06][7273eb5a9391][21:21][DBG][XCCL][helper.cpp:301] all_reduce: ctx=0x55f6e31f7fe0, seq_id=398, rank=0, nranks=2, dev=0, send=0x4004000000, recv=0x4004000000, cnt=67108864, root=-1, peer=-1, stream=0x55f6e2f0b3e0, data=float, op=sum, group=0, num_host=1, algo=ring
[12:01:06][7273eb5a9391][21:163][DBG][XCCL][kl3_all_reduce.cpp:46] func traced: [all_reduce] xlink_ring_all_reduce_single_node
[12:01:06][7273eb5a9391][21:163][DBG][XCCL][kl3_all_reduce.cpp:94] send buf addr 0x4004000000/0x402408e000 count 6
[12:01:06][7273eb5a9391][21:21][DBG][XCCL][helper.cpp:301] all_reduce: ctx=0x55f6e31f7fe0, seq_id=399, rank=0, nranks=2, dev=0, send=0x4004000000, recv=0x4004000000, cnt=67108864, root=-1, peer=-1, stream=0x55f6e2f0b3e0, data=float, op=sum, group=0, num_host=1, algo=ring
[12:01:06][7273eb5a9391][21:163][DBG][XCCL][kl3_all_reduce.cpp:46] func traced: [all_reduce] xlink_ring_all_reduce_single_node
[12:01:06][7273eb5a9391][21:163][DBG][XCCL][kl3_all_reduce.cpp:94] send buf addr 0x4004000000/0x402408e000 count 6
[12:01:06][7273eb5a9391][21:21][DBG][XCCL][helper.cpp:301] all_reduce: ctx=0x55f6e31f7fe0, seq_id=400, rank=0, nranks=2, dev=0, send=0x4004000000, recv=0x4004000000, cnt=67108864, root=-1, peer=-1, stream=0x55f6e2f0b3e0, data=float, op=sum, group=0, num_host=1, algo=ring
[12:01:06][7273eb5a9391][21:163][DBG][XCCL][kl3_all_reduce.cpp:46] func traced: [all_reduce] xlink_ring_all_reduce_single_node
[12:01:06][7273eb5a9391][21:163][DBG][XCCL][kl3_all_reduce.cpp:94] send buf addr 0x4004000000/0x402408e000 count 6
[12:01:06][7273eb5a9391][21:21][DBG][XCCL][helper.cpp:301] all_reduce: ctx=0x55f6e31f7fe0, seq_id=401, rank=0, nranks=2, dev=0, send=0x4004000000, recv=0x4004000000, cnt=67108864, root=-1, peer=-1, stream=0x55f6e2f0b3e0, data=float, op=sum, group=0, num_host=1, algo=ring
[12:01:06][7273eb5a9391][21:163][DBG][XCCL][kl3_all_reduce.cpp:46] func traced: [all_reduce] xlink_ring_all_reduce_single_node
[12:01:06][7273eb5a9391][21:163][DBG][XCCL][kl3_all_reduce.cpp:94] send buf addr 0x4004000000/0x402408e000 count 6
[12:01:06][7273eb5a9391][21:21][DBG][XCCL][helper.cpp:301] all_reduce: ctx=0x55f6e31f7fe0, seq_id=402, rank=0, nranks=2, dev=0, send=0x4004000000, recv=0x4004000000, cnt=67108864, root=-1, peer=-1, stream=0x55f6e2f0b3e0, data=float, op=sum, group=0, num_host=1, algo=ring
[12:01:06][7273eb5a9391][21:163][DBG][XCCL][kl3_all_reduce.cpp:46] func traced: [all_reduce] xlink_ring_all_reduce_single_node
[12:01:06][7273eb5a9391][21:163][DBG][XCCL][kl3_all_reduce.cpp:94] send buf addr 0x4004000000/0x402408e000 count 6
[12:01:06][7273eb5a9391][21:21][DBG][XCCL][helper.cpp:301] all_reduce: ctx=0x55f6e31f7fe0, seq_id=403, rank=0, nranks=2, dev=0, send=0x4004000000, recv=0x4004000000, cnt=67108864, root=-1, peer=-1, stream=0x55f6e2f0b3e0, data=float, op=sum, group=0, num_host=1, algo=ring
[12:01:06][7273eb5a9391][21:163][DBG][XCCL][kl3_all_reduce.cpp:46] func traced: [all_reduce] xlink_ring_all_reduce_single_node
[12:01:06][7273eb5a9391][21:163][DBG][XCCL][kl3_all_reduce.cpp:94] send buf addr 0x4004000000/0x402408e000 count 6
[12:01:06][7273eb5a9391][21:21][DBG][XCCL][helper.cpp:301] all_reduce: ctx=0x55f6e31f7fe0, seq_id=404, rank=0, nranks=2, dev=0, send=0x4004000000, recv=0x4004000000, cnt=67108864, root=-1, peer=-1, stream=0x55f6e2f0b3e0, data=float, op=sum, group=0, num_host=1, algo=ring
[12:01:06][7273eb5a9391][21:163][DBG][XCCL][kl3_all_reduce.cpp:46] func traced: [all_reduce] xlink_ring_all_reduce_single_node
[12:01:06][7273eb5a9391][21:163][DBG][XCCL][kl3_all_reduce.cpp:94] send buf addr 0x4004000000/0x402408e000 count 6
[12:01:07][7273eb5a9391][21:21][DBG][XCCL][helper.cpp:301] all_reduce: ctx=0x55f6e31f7fe0, seq_id=405, rank=0, nranks=2, dev=0, send=0x4004000000, recv=0x4004000000, cnt=67108864, root=-1, peer=-1, stream=0x55f6e2f0b3e0, data=float, op=sum, group=0, num_host=1, algo=ring
[12:01:07][7273eb5a9391][21:163][DBG][XCCL][kl3_all_reduce.cpp:46] func traced: [all_reduce] xlink_ring_all_reduce_single_node
[12:01:07][7273eb5a9391][21:163][DBG][XCCL][kl3_all_reduce.cpp:94] send buf addr 0x4004000000/0x402408e000 count 6
[12:01:07][7273eb5a9391][21:21][DBG][XCCL][helper.cpp:301] all_reduce: ctx=0x55f6e31f7fe0, seq_id=406, rank=0, nranks=2, dev=0, send=0x4004000000, recv=0x4004000000, cnt=67108864, root=-1, peer=-1, stream=0x55f6e2f0b3e0, data=float, op=sum, group=0, num_host=1, algo=ring
[12:01:07][7273eb5a9391][21:163][DBG][XCCL][kl3_all_reduce.cpp:46] func traced: [all_reduce] xlink_ring_all_reduce_single_node
[12:01:07][7273eb5a9391][21:163][DBG][XCCL][kl3_all_reduce.cpp:94] send buf addr 0x4004000000/0x402408e000 count 6
[12:01:07][7273eb5a9391][21:21][DBG][XCCL][helper.cpp:301] all_reduce: ctx=0x55f6e31f7fe0, seq_id=407, rank=0, nranks=2, dev=0, send=0x4004000000, recv=0x4004000000, cnt=67108864, root=-1, peer=-1, stream=0x55f6e2f0b3e0, data=float, op=sum, group=0, num_host=1, algo=ring
[12:01:07][7273eb5a9391][21:163][DBG][XCCL][kl3_all_reduce.cpp:46] func traced: [all_reduce] xlink_ring_all_reduce_single_node
[12:01:07][7273eb5a9391][21:163][DBG][XCCL][kl3_all_reduce.cpp:94] send buf addr 0x4004000000/0x402408e000 count 6
[12:01:07][7273eb5a9391][21:21][DBG][XCCL][helper.cpp:301] all_reduce: ctx=0x55f6e31f7fe0, seq_id=408, rank=0, nranks=2, dev=0, send=0x4004000000, recv=0x4004000000, cnt=67108864, root=-1, peer=-1, stream=0x55f6e2f0b3e0, data=float, op=sum, group=0, num_host=1, algo=ring
[12:01:07][7273eb5a9391][21:163][DBG][XCCL][kl3_all_reduce.cpp:46] func traced: [all_reduce] xlink_ring_all_reduce_single_node
[12:01:07][7273eb5a9391][21:163][DBG][XCCL][kl3_all_reduce.cpp:94] send buf addr 0x4004000000/0x402408e000 count 6
[12:01:07][7273eb5a9391][21:21][DBG][XCCL][helper.cpp:301] all_reduce: ctx=0x55f6e31f7fe0, seq_id=409, rank=0, nranks=2, dev=0, send=0x4004000000, recv=0x4004000000, cnt=67108864, root=-1, peer=-1, stream=0x55f6e2f0b3e0, data=float, op=sum, group=0, num_host=1, algo=ring
[12:01:07][7273eb5a9391][21:163][DBG][XCCL][kl3_all_reduce.cpp:46] func traced: [all_reduce] xlink_ring_all_reduce_single_node
[12:01:07][7273eb5a9391][21:163][DBG][XCCL][kl3_all_reduce.cpp:94] send buf addr 0x4004000000/0x402408e000 count 6
[12:01:07][7273eb5a9391][21:21][DBG][XCCL][helper.cpp:301] all_reduce: ctx=0x55f6e31f7fe0, seq_id=410, rank=0, nranks=2, dev=0, send=0x4004000000, recv=0x4004000000, cnt=67108864, root=-1, peer=-1, stream=0x55f6e2f0b3e0, data=float, op=sum, group=0, num_host=1, algo=ring
[12:01:07][7273eb5a9391][21:163][DBG][XCCL][kl3_all_reduce.cpp:46] func traced: [all_reduce] xlink_ring_all_reduce_single_node
[12:01:07][7273eb5a9391][21:163][DBG][XCCL][kl3_all_reduce.cpp:94] send buf addr 0x4004000000/0x402408e000 count 6
[12:01:07][7273eb5a9391][21:21][DBG][XCCL][helper.cpp:301] all_reduce: ctx=0x55f6e31f7fe0, seq_id=411, rank=0, nranks=2, dev=0, send=0x4004000000, recv=0x4004000000, cnt=67108864, root=-1, peer=-1, stream=0x55f6e2f0b3e0, data=float, op=sum, group=0, num_host=1, algo=ring
[12:01:07][7273eb5a9391][21:163][DBG][XCCL][kl3_all_reduce.cpp:46] func traced: [all_reduce] xlink_ring_all_reduce_single_node
[12:01:07][7273eb5a9391][21:163][DBG][XCCL][kl3_all_reduce.cpp:94] send buf addr 0x4004000000/0x402408e000 count 6
[12:01:07][7273eb5a9391][21:21][DBG][XCCL][helper.cpp:301] all_reduce: ctx=0x55f6e31f7fe0, seq_id=412, rank=0, nranks=2, dev=0, send=0x4004000000, recv=0x4004000000, cnt=67108864, root=-1, peer=-1, stream=0x55f6e2f0b3e0, data=float, op=sum, group=0, num_host=1, algo=ring
[12:01:07][7273eb5a9391][21:163][DBG][XCCL][kl3_all_reduce.cpp:46] func traced: [all_reduce] xlink_ring_all_reduce_single_node
[12:01:07][7273eb5a9391][21:163][DBG][XCCL][kl3_all_reduce.cpp:94] send buf addr 0x4004000000/0x402408e000 count 6
[12:01:07][7273eb5a9391][21:21][DBG][XCCL][helper.cpp:301] all_reduce: ctx=0x55f6e31f7fe0, seq_id=413, rank=0, nranks=2, dev=0, send=0x4004000000, recv=0x4004000000, cnt=67108864, root=-1, peer=-1, stream=0x55f6e2f0b3e0, data=float, op=sum, group=0, num_host=1, algo=ring
[12:01:07][7273eb5a9391][21:163][DBG][XCCL][kl3_all_reduce.cpp:46] func traced: [all_reduce] xlink_ring_all_reduce_single_node
[12:01:07][7273eb5a9391][21:163][DBG][XCCL][kl3_all_reduce.cpp:94] send buf addr 0x4004000000/0x402408e000 count 6
[12:01:07][7273eb5a9391][21:21][DBG][XCCL][helper.cpp:301] all_reduce: ctx=0x55f6e31f7fe0, seq_id=414, rank=0, nranks=2, dev=0, send=0x4004000000, recv=0x4004000000, cnt=67108864, root=-1, peer=-1, stream=0x55f6e2f0b3e0, data=float, op=sum, group=0, num_host=1, algo=ring
[12:01:07][7273eb5a9391][21:163][DBG][XCCL][kl3_all_reduce.cpp:46] func traced: [all_reduce] xlink_ring_all_reduce_single_node
[12:01:07][7273eb5a9391][21:163][DBG][XCCL][kl3_all_reduce.cpp:94] send buf addr 0x4004000000/0x402408e000 count 6
[12:01:07][7273eb5a9391][21:21][DBG][XCCL][helper.cpp:301] all_reduce: ctx=0x55f6e31f7fe0, seq_id=415, rank=0, nranks=2, dev=0, send=0x4004000000, recv=0x4004000000, cnt=67108864, root=-1, peer=-1, stream=0x55f6e2f0b3e0, data=float, op=sum, group=0, num_host=1, algo=ring
[12:01:07][7273eb5a9391][21:163][DBG][XCCL][kl3_all_reduce.cpp:46] func traced: [all_reduce] xlink_ring_all_reduce_single_node
[12:01:07][7273eb5a9391][21:163][DBG][XCCL][kl3_all_reduce.cpp:94] send buf addr 0x4004000000/0x402408e000 count 6
[12:01:07][7273eb5a9391][21:21][DBG][XCCL][helper.cpp:301] all_reduce: ctx=0x55f6e31f7fe0, seq_id=416, rank=0, nranks=2, dev=0, send=0x4004000000, recv=0x4004000000, cnt=67108864, root=-1, peer=-1, stream=0x55f6e2f0b3e0, data=float, op=sum, group=0, num_host=1, algo=ring
[12:01:07][7273eb5a9391][21:163][DBG][XCCL][kl3_all_reduce.cpp:46] func traced: [all_reduce] xlink_ring_all_reduce_single_node
[12:01:07][7273eb5a9391][21:163][DBG][XCCL][kl3_all_reduce.cpp:94] send buf addr 0x4004000000/0x402408e000 count 6
[12:01:07][7273eb5a9391][21:21][DBG][XCCL][helper.cpp:301] all_reduce: ctx=0x55f6e31f7fe0, seq_id=417, rank=0, nranks=2, dev=0, send=0x4004000000, recv=0x4004000000, cnt=67108864, root=-1, peer=-1, stream=0x55f6e2f0b3e0, data=float, op=sum, group=0, num_host=1, algo=ring
[12:01:07][7273eb5a9391][21:163][DBG][XCCL][kl3_all_reduce.cpp:46] func traced: [all_reduce] xlink_ring_all_reduce_single_node
[12:01:07][7273eb5a9391][21:163][DBG][XCCL][kl3_all_reduce.cpp:94] send buf addr 0x4004000000/0x402408e000 count 6
[12:01:07][7273eb5a9391][21:21][DBG][XCCL][helper.cpp:301] all_reduce: ctx=0x55f6e31f7fe0, seq_id=418, rank=0, nranks=2, dev=0, send=0x4004000000, recv=0x4004000000, cnt=67108864, root=-1, peer=-1, stream=0x55f6e2f0b3e0, data=float, op=sum, group=0, num_host=1, algo=ring
[12:01:07][7273eb5a9391][21:163][DBG][XCCL][kl3_all_reduce.cpp:46] func traced: [all_reduce] xlink_ring_all_reduce_single_node
[12:01:07][7273eb5a9391][21:163][DBG][XCCL][kl3_all_reduce.cpp:94] send buf addr 0x4004000000/0x402408e000 count 6
[12:01:07][7273eb5a9391][21:21][DBG][XCCL][helper.cpp:301] all_reduce: ctx=0x55f6e31f7fe0, seq_id=419, rank=0, nranks=2, dev=0, send=0x4004000000, recv=0x4004000000, cnt=67108864, root=-1, peer=-1, stream=0x55f6e2f0b3e0, data=float, op=sum, group=0, num_host=1, algo=ring
[12:01:07][7273eb5a9391][21:163][DBG][XCCL][kl3_all_reduce.cpp:46] func traced: [all_reduce] xlink_ring_all_reduce_single_node
[12:01:07][7273eb5a9391][21:163][DBG][XCCL][kl3_all_reduce.cpp:94] send buf addr 0x4004000000/0x402408e000 count 6
[12:01:07][7273eb5a9391][21:21][DBG][XCCL][helper.cpp:301] all_reduce: ctx=0x55f6e31f7fe0, seq_id=420, rank=0, nranks=2, dev=0, send=0x4004000000, recv=0x4004000000, cnt=67108864, root=-1, peer=-1, stream=0x55f6e2f0b3e0, data=float, op=sum, group=0, num_host=1, algo=ring
[12:01:07][7273eb5a9391][21:163][DBG][XCCL][kl3_all_reduce.cpp:46] func traced: [all_reduce] xlink_ring_all_reduce_single_node
[12:01:07][7273eb5a9391][21:163][DBG][XCCL][kl3_all_reduce.cpp:94] send buf addr 0x4004000000/0x402408e000 count 6
[12:01:07][7273eb5a9391][21:21][DBG][XCCL][helper.cpp:301] all_reduce: ctx=0x55f6e31f7fe0, seq_id=421, rank=0, nranks=2, dev=0, send=0x4004000000, recv=0x4004000000, cnt=67108864, root=-1, peer=-1, stream=0x55f6e2f0b3e0, data=float, op=sum, group=0, num_host=1, algo=ring
[12:01:07][7273eb5a9391][21:163][DBG][XCCL][kl3_all_reduce.cpp:46] func traced: [all_reduce] xlink_ring_all_reduce_single_node
[12:01:07][7273eb5a9391][21:163][DBG][XCCL][kl3_all_reduce.cpp:94] send buf addr 0x4004000000/0x402408e000 count 6
[12:01:07][7273eb5a9391][21:21][DBG][XCCL][helper.cpp:301] all_reduce: ctx=0x55f6e31f7fe0, seq_id=422, rank=0, nranks=2, dev=0, send=0x4004000000, recv=0x4004000000, cnt=67108864, root=-1, peer=-1, stream=0x55f6e2f0b3e0, data=float, op=sum, group=0, num_host=1, algo=ring
[12:01:07][7273eb5a9391][21:163][DBG][XCCL][kl3_all_reduce.cpp:46] func traced: [all_reduce] xlink_ring_all_reduce_single_node
[12:01:07][7273eb5a9391][21:163][DBG][XCCL][kl3_all_reduce.cpp:94] send buf addr 0x4004000000/0x402408e000 count 6
[12:01:07][7273eb5a9391][21:21][DBG][XCCL][helper.cpp:301] all_reduce: ctx=0x55f6e31f7fe0, seq_id=423, rank=0, nranks=2, dev=0, send=0x4004000000, recv=0x4004000000, cnt=67108864, root=-1, peer=-1, stream=0x55f6e2f0b3e0, data=float, op=sum, group=0, num_host=1, algo=ring
[12:01:07][7273eb5a9391][21:163][DBG][XCCL][kl3_all_reduce.cpp:46] func traced: [all_reduce] xlink_ring_all_reduce_single_node
[12:01:07][7273eb5a9391][21:163][DBG][XCCL][kl3_all_reduce.cpp:94] send buf addr 0x4004000000/0x402408e000 count 6
[12:01:07][7273eb5a9391][21:21][DBG][XCCL][helper.cpp:301] all_reduce: ctx=0x55f6e31f7fe0, seq_id=424, rank=0, nranks=2, dev=0, send=0x4004000000, recv=0x4004000000, cnt=67108864, root=-1, peer=-1, stream=0x55f6e2f0b3e0, data=float, op=sum, group=0, num_host=1, algo=ring
[12:01:07][7273eb5a9391][21:163][DBG][XCCL][kl3_all_reduce.cpp:46] func traced: [all_reduce] xlink_ring_all_reduce_single_node
[12:01:07][7273eb5a9391][21:163][DBG][XCCL][kl3_all_reduce.cpp:94] send buf addr 0x4004000000/0x402408e000 count 6
[12:01:07][7273eb5a9391][21:21][DBG][XCCL][helper.cpp:301] all_reduce: ctx=0x55f6e31f7fe0, seq_id=425, rank=0, nranks=2, dev=0, send=0x4004000000, recv=0x4004000000, cnt=67108864, root=-1, peer=-1, stream=0x55f6e2f0b3e0, data=float, op=sum, group=0, num_host=1, algo=ring
[12:01:07][7273eb5a9391][21:163][DBG][XCCL][kl3_all_reduce.cpp:46] func traced: [all_reduce] xlink_ring_all_reduce_single_node
[12:01:07][7273eb5a9391][21:163][DBG][XCCL][kl3_all_reduce.cpp:94] send buf addr 0x4004000000/0x402408e000 count 6
[12:01:07][7273eb5a9391][21:21][DBG][XCCL][helper.cpp:301] all_reduce: ctx=0x55f6e31f7fe0, seq_id=426, rank=0, nranks=2, dev=0, send=0x4004000000, recv=0x4004000000, cnt=67108864, root=-1, peer=-1, stream=0x55f6e2f0b3e0, data=float, op=sum, group=0, num_host=1, algo=ring
[12:01:07][7273eb5a9391][21:163][DBG][XCCL][kl3_all_reduce.cpp:46] func traced: [all_reduce] xlink_ring_all_reduce_single_node
[12:01:07][7273eb5a9391][21:163][DBG][XCCL][kl3_all_reduce.cpp:94] send buf addr 0x4004000000/0x402408e000 count 6
[12:01:07][7273eb5a9391][21:21][DBG][XCCL][helper.cpp:301] all_reduce: ctx=0x55f6e31f7fe0, seq_id=427, rank=0, nranks=2, dev=0, send=0x4004000000, recv=0x4004000000, cnt=67108864, root=-1, peer=-1, stream=0x55f6e2f0b3e0, data=float, op=sum, group=0, num_host=1, algo=ring
[12:01:07][7273eb5a9391][21:163][DBG][XCCL][kl3_all_reduce.cpp:46] func traced: [all_reduce] xlink_ring_all_reduce_single_node
[12:01:07][7273eb5a9391][21:163][DBG][XCCL][kl3_all_reduce.cpp:94] send buf addr 0x4004000000/0x402408e000 count 6
[12:01:07][7273eb5a9391][21:21][DBG][XCCL][helper.cpp:301] all_reduce: ctx=0x55f6e31f7fe0, seq_id=428, rank=0, nranks=2, dev=0, send=0x4004000000, recv=0x4004000000, cnt=67108864, root=-1, peer=-1, stream=0x55f6e2f0b3e0, data=float, op=sum, group=0, num_host=1, algo=ring
[12:01:07][7273eb5a9391][21:163][DBG][XCCL][kl3_all_reduce.cpp:46] func traced: [all_reduce] xlink_ring_all_reduce_single_node
[12:01:07][7273eb5a9391][21:163][DBG][XCCL][kl3_all_reduce.cpp:94] send buf addr 0x4004000000/0x402408e000 count 6
[12:01:07][7273eb5a9391][21:21][DBG][XCCL][helper.cpp:301] all_reduce: ctx=0x55f6e31f7fe0, seq_id=429, rank=0, nranks=2, dev=0, send=0x4004000000, recv=0x4004000000, cnt=67108864, root=-1, peer=-1, stream=0x55f6e2f0b3e0, data=float, op=sum, group=0, num_host=1, algo=ring
[12:01:07][7273eb5a9391][21:163][DBG][XCCL][kl3_all_reduce.cpp:46] func traced: [all_reduce] xlink_ring_all_reduce_single_node
[12:01:07][7273eb5a9391][21:163][DBG][XCCL][kl3_all_reduce.cpp:94] send buf addr 0x4004000000/0x402408e000 count 6
[12:01:07][7273eb5a9391][21:21][DBG][XCCL][helper.cpp:301] all_reduce: ctx=0x55f6e31f7fe0, seq_id=430, rank=0, nranks=2, dev=0, send=0x4004000000, recv=0x4004000000, cnt=67108864, root=-1, peer=-1, stream=0x55f6e2f0b3e0, data=float, op=sum, group=0, num_host=1, algo=ring
[12:01:07][7273eb5a9391][21:163][DBG][XCCL][kl3_all_reduce.cpp:46] func traced: [all_reduce] xlink_ring_all_reduce_single_node
[12:01:07][7273eb5a9391][21:163][DBG][XCCL][kl3_all_reduce.cpp:94] send buf addr 0x4004000000/0x402408e000 count 6
[12:01:07][7273eb5a9391][21:21][DBG][XCCL][helper.cpp:301] all_reduce: ctx=0x55f6e31f7fe0, seq_id=431, rank=0, nranks=2, dev=0, send=0x4004000000, recv=0x4004000000, cnt=67108864, root=-1, peer=-1, stream=0x55f6e2f0b3e0, data=float, op=sum, group=0, num_host=1, algo=ring
[12:01:07][7273eb5a9391][21:163][DBG][XCCL][kl3_all_reduce.cpp:46] func traced: [all_reduce] xlink_ring_all_reduce_single_node
[12:01:07][7273eb5a9391][21:163][DBG][XCCL][kl3_all_reduce.cpp:94] send buf addr 0x4004000000/0x402408e000 count 6
[12:01:07][7273eb5a9391][21:21][DBG][XCCL][helper.cpp:301] all_reduce: ctx=0x55f6e31f7fe0, seq_id=432, rank=0, nranks=2, dev=0, send=0x4004000000, recv=0x4004000000, cnt=67108864, root=-1, peer=-1, stream=0x55f6e2f0b3e0, data=float, op=sum, group=0, num_host=1, algo=ring
[12:01:07][7273eb5a9391][21:163][DBG][XCCL][kl3_all_reduce.cpp:46] func traced: [all_reduce] xlink_ring_all_reduce_single_node
[12:01:07][7273eb5a9391][21:163][DBG][XCCL][kl3_all_reduce.cpp:94] send buf addr 0x4004000000/0x402408e000 count 6
[12:01:07][7273eb5a9391][21:21][DBG][XCCL][helper.cpp:301] all_reduce: ctx=0x55f6e31f7fe0, seq_id=433, rank=0, nranks=2, dev=0, send=0x4004000000, recv=0x4004000000, cnt=67108864, root=-1, peer=-1, stream=0x55f6e2f0b3e0, data=float, op=sum, group=0, num_host=1, algo=ring
[12:01:07][7273eb5a9391][21:163][DBG][XCCL][kl3_all_reduce.cpp:46] func traced: [all_reduce] xlink_ring_all_reduce_single_node
[12:01:07][7273eb5a9391][21:163][DBG][XCCL][kl3_all_reduce.cpp:94] send buf addr 0x4004000000/0x402408e000 count 6
[12:01:07][7273eb5a9391][21:21][DBG][XCCL][helper.cpp:301] all_reduce: ctx=0x55f6e31f7fe0, seq_id=434, rank=0, nranks=2, dev=0, send=0x4004000000, recv=0x4004000000, cnt=67108864, root=-1, peer=-1, stream=0x55f6e2f0b3e0, data=float, op=sum, group=0, num_host=1, algo=ring
[12:01:07][7273eb5a9391][21:163][DBG][XCCL][kl3_all_reduce.cpp:46] func traced: [all_reduce] xlink_ring_all_reduce_single_node
[12:01:07][7273eb5a9391][21:163][DBG][XCCL][kl3_all_reduce.cpp:94] send buf addr 0x4004000000/0x402408e000 count 6
[12:01:07][7273eb5a9391][21:21][DBG][XCCL][helper.cpp:301] all_reduce: ctx=0x55f6e31f7fe0, seq_id=435, rank=0, nranks=2, dev=0, send=0x4004000000, recv=0x4004000000, cnt=67108864, root=-1, peer=-1, stream=0x55f6e2f0b3e0, data=float, op=sum, group=0, num_host=1, algo=ring
[12:01:07][7273eb5a9391][21:163][DBG][XCCL][kl3_all_reduce.cpp:46] func traced: [all_reduce] xlink_ring_all_reduce_single_node
[12:01:07][7273eb5a9391][21:163][DBG][XCCL][kl3_all_reduce.cpp:94] send buf addr 0x4004000000/0x402408e000 count 6
[12:01:07][7273eb5a9391][21:21][DBG][XCCL][helper.cpp:301] all_reduce: ctx=0x55f6e31f7fe0, seq_id=436, rank=0, nranks=2, dev=0, send=0x4004000000, recv=0x4004000000, cnt=67108864, root=-1, peer=-1, stream=0x55f6e2f0b3e0, data=float, op=sum, group=0, num_host=1, algo=ring
[12:01:07][7273eb5a9391][21:163][DBG][XCCL][kl3_all_reduce.cpp:46] func traced: [all_reduce] xlink_ring_all_reduce_single_node
[12:01:07][7273eb5a9391][21:163][DBG][XCCL][kl3_all_reduce.cpp:94] send buf addr 0x4004000000/0x402408e000 count 6
[12:01:07][7273eb5a9391][21:21][DBG][XCCL][helper.cpp:301] all_reduce: ctx=0x55f6e31f7fe0, seq_id=437, rank=0, nranks=2, dev=0, send=0x4004000000, recv=0x4004000000, cnt=67108864, root=-1, peer=-1, stream=0x55f6e2f0b3e0, data=float, op=sum, group=0, num_host=1, algo=ring
[12:01:07][7273eb5a9391][21:163][DBG][XCCL][kl3_all_reduce.cpp:46] func traced: [all_reduce] xlink_ring_all_reduce_single_node
[12:01:07][7273eb5a9391][21:163][DBG][XCCL][kl3_all_reduce.cpp:94] send buf addr 0x4004000000/0x402408e000 count 6
[12:01:07][7273eb5a9391][21:21][DBG][XCCL][helper.cpp:301] all_reduce: ctx=0x55f6e31f7fe0, seq_id=438, rank=0, nranks=2, dev=0, send=0x4004000000, recv=0x4004000000, cnt=67108864, root=-1, peer=-1, stream=0x55f6e2f0b3e0, data=float, op=sum, group=0, num_host=1, algo=ring
[12:01:07][7273eb5a9391][21:163][DBG][XCCL][kl3_all_reduce.cpp:46] func traced: [all_reduce] xlink_ring_all_reduce_single_node
[12:01:07][7273eb5a9391][21:163][DBG][XCCL][kl3_all_reduce.cpp:94] send buf addr 0x4004000000/0x402408e000 count 6
[12:01:07][7273eb5a9391][21:21][DBG][XCCL][helper.cpp:301] all_reduce: ctx=0x55f6e31f7fe0, seq_id=439, rank=0, nranks=2, dev=0, send=0x4004000000, recv=0x4004000000, cnt=67108864, root=-1, peer=-1, stream=0x55f6e2f0b3e0, data=float, op=sum, group=0, num_host=1, algo=ring
[12:01:07][7273eb5a9391][21:163][DBG][XCCL][kl3_all_reduce.cpp:46] func traced: [all_reduce] xlink_ring_all_reduce_single_node
[12:01:07][7273eb5a9391][21:163][DBG][XCCL][kl3_all_reduce.cpp:94] send buf addr 0x4004000000/0x402408e000 count 6
[12:01:07][7273eb5a9391][21:21][DBG][XCCL][helper.cpp:301] all_reduce: ctx=0x55f6e31f7fe0, seq_id=440, rank=0, nranks=2, dev=0, send=0x4004000000, recv=0x4004000000, cnt=67108864, root=-1, peer=-1, stream=0x55f6e2f0b3e0, data=float, op=sum, group=0, num_host=1, algo=ring
[12:01:07][7273eb5a9391][21:163][DBG][XCCL][kl3_all_reduce.cpp:46] func traced: [all_reduce] xlink_ring_all_reduce_single_node
[12:01:07][7273eb5a9391][21:163][DBG][XCCL][kl3_all_reduce.cpp:94] send buf addr 0x4004000000/0x402408e000 count 6
[12:01:07][7273eb5a9391][21:21][DBG][XCCL][helper.cpp:301] all_reduce: ctx=0x55f6e31f7fe0, seq_id=441, rank=0, nranks=2, dev=0, send=0x4004000000, recv=0x4004000000, cnt=67108864, root=-1, peer=-1, stream=0x55f6e2f0b3e0, data=float, op=sum, group=0, num_host=1, algo=ring
[12:01:07][7273eb5a9391][21:163][DBG][XCCL][kl3_all_reduce.cpp:46] func traced: [all_reduce] xlink_ring_all_reduce_single_node
[12:01:07][7273eb5a9391][21:163][DBG][XCCL][kl3_all_reduce.cpp:94] send buf addr 0x4004000000/0x402408e000 count 6
[12:01:07][7273eb5a9391][21:21][DBG][XCCL][helper.cpp:301] all_reduce: ctx=0x55f6e31f7fe0, seq_id=442, rank=0, nranks=2, dev=0, send=0x4004000000, recv=0x4004000000, cnt=67108864, root=-1, peer=-1, stream=0x55f6e2f0b3e0, data=float, op=sum, group=0, num_host=1, algo=ring
[12:01:07][7273eb5a9391][21:163][DBG][XCCL][kl3_all_reduce.cpp:46] func traced: [all_reduce] xlink_ring_all_reduce_single_node
[12:01:07][7273eb5a9391][21:163][DBG][XCCL][kl3_all_reduce.cpp:94] send buf addr 0x4004000000/0x402408e000 count 6
[12:01:07][7273eb5a9391][21:21][DBG][XCCL][helper.cpp:301] all_reduce: ctx=0x55f6e31f7fe0, seq_id=443, rank=0, nranks=2, dev=0, send=0x4004000000, recv=0x4004000000, cnt=67108864, root=-1, peer=-1, stream=0x55f6e2f0b3e0, data=float, op=sum, group=0, num_host=1, algo=ring
[12:01:07][7273eb5a9391][21:163][DBG][XCCL][kl3_all_reduce.cpp:46] func traced: [all_reduce] xlink_ring_all_reduce_single_node
[12:01:07][7273eb5a9391][21:163][DBG][XCCL][kl3_all_reduce.cpp:94] send buf addr 0x4004000000/0x402408e000 count 6
[12:01:07][7273eb5a9391][21:21][DBG][XCCL][helper.cpp:301] all_reduce: ctx=0x55f6e31f7fe0, seq_id=444, rank=0, nranks=2, dev=0, send=0x4004000000, recv=0x4004000000, cnt=67108864, root=-1, peer=-1, stream=0x55f6e2f0b3e0, data=float, op=sum, group=0, num_host=1, algo=ring
[12:01:07][7273eb5a9391][21:163][DBG][XCCL][kl3_all_reduce.cpp:46] func traced: [all_reduce] xlink_ring_all_reduce_single_node
[12:01:07][7273eb5a9391][21:163][DBG][XCCL][kl3_all_reduce.cpp:94] send buf addr 0x4004000000/0x402408e000 count 6
[12:01:07][7273eb5a9391][21:21][DBG][XCCL][helper.cpp:301] all_reduce: ctx=0x55f6e31f7fe0, seq_id=445, rank=0, nranks=2, dev=0, send=0x4004000000, recv=0x4004000000, cnt=67108864, root=-1, peer=-1, stream=0x55f6e2f0b3e0, data=float, op=sum, group=0, num_host=1, algo=ring
[12:01:07][7273eb5a9391][21:163][DBG][XCCL][kl3_all_reduce.cpp:46] func traced: [all_reduce] xlink_ring_all_reduce_single_node
[12:01:07][7273eb5a9391][21:163][DBG][XCCL][kl3_all_reduce.cpp:94] send buf addr 0x4004000000/0x402408e000 count 6
[12:01:07][7273eb5a9391][21:21][DBG][XCCL][helper.cpp:301] all_reduce: ctx=0x55f6e31f7fe0, seq_id=446, rank=0, nranks=2, dev=0, send=0x4004000000, recv=0x4004000000, cnt=67108864, root=-1, peer=-1, stream=0x55f6e2f0b3e0, data=float, op=sum, group=0, num_host=1, algo=ring
[12:01:07][7273eb5a9391][21:163][DBG][XCCL][kl3_all_reduce.cpp:46] func traced: [all_reduce] xlink_ring_all_reduce_single_node
[12:01:07][7273eb5a9391][21:163][DBG][XCCL][kl3_all_reduce.cpp:94] send buf addr 0x4004000000/0x402408e000 count 6
[12:01:07][7273eb5a9391][21:21][DBG][XCCL][helper.cpp:301] all_reduce: ctx=0x55f6e31f7fe0, seq_id=447, rank=0, nranks=2, dev=0, send=0x4004000000, recv=0x4004000000, cnt=67108864, root=-1, peer=-1, stream=0x55f6e2f0b3e0, data=float, op=sum, group=0, num_host=1, algo=ring
[12:01:07][7273eb5a9391][21:163][DBG][XCCL][kl3_all_reduce.cpp:46] func traced: [all_reduce] xlink_ring_all_reduce_single_node
[12:01:07][7273eb5a9391][21:163][DBG][XCCL][kl3_all_reduce.cpp:94] send buf addr 0x4004000000/0x402408e000 count 6
[12:01:07][7273eb5a9391][21:21][DBG][XCCL][helper.cpp:301] all_reduce: ctx=0x55f6e31f7fe0, seq_id=448, rank=0, nranks=2, dev=0, send=0x4004000000, recv=0x4004000000, cnt=67108864, root=-1, peer=-1, stream=0x55f6e2f0b3e0, data=float, op=sum, group=0, num_host=1, algo=ring
[12:01:07][7273eb5a9391][21:163][DBG][XCCL][kl3_all_reduce.cpp:46] func traced: [all_reduce] xlink_ring_all_reduce_single_node
[12:01:07][7273eb5a9391][21:163][DBG][XCCL][kl3_all_reduce.cpp:94] send buf addr 0x4004000000/0x402408e000 count 6
[12:01:07][7273eb5a9391][21:21][DBG][XCCL][helper.cpp:301] all_reduce: ctx=0x55f6e31f7fe0, seq_id=449, rank=0, nranks=2, dev=0, send=0x4004000000, recv=0x4004000000, cnt=67108864, root=-1, peer=-1, stream=0x55f6e2f0b3e0, data=float, op=sum, group=0, num_host=1, algo=ring
[12:01:07][7273eb5a9391][21:163][DBG][XCCL][kl3_all_reduce.cpp:46] func traced: [all_reduce] xlink_ring_all_reduce_single_node
[12:01:07][7273eb5a9391][21:163][DBG][XCCL][kl3_all_reduce.cpp:94] send buf addr 0x4004000000/0x402408e000 count 6
[12:01:07][7273eb5a9391][21:21][DBG][XCCL][helper.cpp:301] all_reduce: ctx=0x55f6e31f7fe0, seq_id=450, rank=0, nranks=2, dev=0, send=0x4004000000, recv=0x4004000000, cnt=67108864, root=-1, peer=-1, stream=0x55f6e2f0b3e0, data=float, op=sum, group=0, num_host=1, algo=ring
[12:01:07][7273eb5a9391][21:163][DBG][XCCL][kl3_all_reduce.cpp:46] func traced: [all_reduce] xlink_ring_all_reduce_single_node
[12:01:07][7273eb5a9391][21:163][DBG][XCCL][kl3_all_reduce.cpp:94] send buf addr 0x4004000000/0x402408e000 count 6
[12:01:07][7273eb5a9391][21:21][DBG][XCCL][helper.cpp:301] all_reduce: ctx=0x55f6e31f7fe0, seq_id=451, rank=0, nranks=2, dev=0, send=0x4004000000, recv=0x4004000000, cnt=67108864, root=-1, peer=-1, stream=0x55f6e2f0b3e0, data=float, op=sum, group=0, num_host=1, algo=ring
[12:01:07][7273eb5a9391][21:163][DBG][XCCL][kl3_all_reduce.cpp:46] func traced: [all_reduce] xlink_ring_all_reduce_single_node
[12:01:07][7273eb5a9391][21:163][DBG][XCCL][kl3_all_reduce.cpp:94] send buf addr 0x4004000000/0x402408e000 count 6
[12:01:07][7273eb5a9391][21:21][DBG][XCCL][helper.cpp:301] all_reduce: ctx=0x55f6e31f7fe0, seq_id=452, rank=0, nranks=2, dev=0, send=0x4004000000, recv=0x4004000000, cnt=67108864, root=-1, peer=-1, stream=0x55f6e2f0b3e0, data=float, op=sum, group=0, num_host=1, algo=ring
[12:01:07][7273eb5a9391][21:163][DBG][XCCL][kl3_all_reduce.cpp:46] func traced: [all_reduce] xlink_ring_all_reduce_single_node
[12:01:07][7273eb5a9391][21:163][DBG][XCCL][kl3_all_reduce.cpp:94] send buf addr 0x4004000000/0x402408e000 count 6
[12:01:07][7273eb5a9391][21:21][DBG][XCCL][helper.cpp:301] all_reduce: ctx=0x55f6e31f7fe0, seq_id=453, rank=0, nranks=2, dev=0, send=0x4004000000, recv=0x4004000000, cnt=67108864, root=-1, peer=-1, stream=0x55f6e2f0b3e0, data=float, op=sum, group=0, num_host=1, algo=ring
[12:01:07][7273eb5a9391][21:163][DBG][XCCL][kl3_all_reduce.cpp:46] func traced: [all_reduce] xlink_ring_all_reduce_single_node
[12:01:07][7273eb5a9391][21:163][DBG][XCCL][kl3_all_reduce.cpp:94] send buf addr 0x4004000000/0x402408e000 count 6
[12:01:07][7273eb5a9391][21:21][DBG][XCCL][helper.cpp:301] all_reduce: ctx=0x55f6e31f7fe0, seq_id=454, rank=0, nranks=2, dev=0, send=0x4004000000, recv=0x4004000000, cnt=67108864, root=-1, peer=-1, stream=0x55f6e2f0b3e0, data=float, op=sum, group=0, num_host=1, algo=ring
[12:01:07][7273eb5a9391][21:163][DBG][XCCL][kl3_all_reduce.cpp:46] func traced: [all_reduce] xlink_ring_all_reduce_single_node
[12:01:07][7273eb5a9391][21:163][DBG][XCCL][kl3_all_reduce.cpp:94] send buf addr 0x4004000000/0x402408e000 count 6
[12:01:07][7273eb5a9391][21:21][DBG][XCCL][helper.cpp:301] all_reduce: ctx=0x55f6e31f7fe0, seq_id=455, rank=0, nranks=2, dev=0, send=0x4004000000, recv=0x4004000000, cnt=67108864, root=-1, peer=-1, stream=0x55f6e2f0b3e0, data=float, op=sum, group=0, num_host=1, algo=ring
[12:01:07][7273eb5a9391][21:163][DBG][XCCL][kl3_all_reduce.cpp:46] func traced: [all_reduce] xlink_ring_all_reduce_single_node
[12:01:07][7273eb5a9391][21:163][DBG][XCCL][kl3_all_reduce.cpp:94] send buf addr 0x4004000000/0x402408e000 count 6
[12:01:07][7273eb5a9391][21:21][DBG][XCCL][helper.cpp:301] all_reduce: ctx=0x55f6e31f7fe0, seq_id=456, rank=0, nranks=2, dev=0, send=0x4004000000, recv=0x4004000000, cnt=67108864, root=-1, peer=-1, stream=0x55f6e2f0b3e0, data=float, op=sum, group=0, num_host=1, algo=ring
[12:01:07][7273eb5a9391][21:163][DBG][XCCL][kl3_all_reduce.cpp:46] func traced: [all_reduce] xlink_ring_all_reduce_single_node
[12:01:07][7273eb5a9391][21:163][DBG][XCCL][kl3_all_reduce.cpp:94] send buf addr 0x4004000000/0x402408e000 count 6
[12:01:07][7273eb5a9391][21:21][DBG][XCCL][helper.cpp:301] all_reduce: ctx=0x55f6e31f7fe0, seq_id=457, rank=0, nranks=2, dev=0, send=0x4004000000, recv=0x4004000000, cnt=67108864, root=-1, peer=-1, stream=0x55f6e2f0b3e0, data=float, op=sum, group=0, num_host=1, algo=ring
[12:01:07][7273eb5a9391][21:163][DBG][XCCL][kl3_all_reduce.cpp:46] func traced: [all_reduce] xlink_ring_all_reduce_single_node
[12:01:07][7273eb5a9391][21:163][DBG][XCCL][kl3_all_reduce.cpp:94] send buf addr 0x4004000000/0x402408e000 count 6
[12:01:07][7273eb5a9391][21:21][DBG][XCCL][helper.cpp:301] all_reduce: ctx=0x55f6e31f7fe0, seq_id=458, rank=0, nranks=2, dev=0, send=0x4004000000, recv=0x4004000000, cnt=67108864, root=-1, peer=-1, stream=0x55f6e2f0b3e0, data=float, op=sum, group=0, num_host=1, algo=ring
[12:01:07][7273eb5a9391][21:163][DBG][XCCL][kl3_all_reduce.cpp:46] func traced: [all_reduce] xlink_ring_all_reduce_single_node
[12:01:07][7273eb5a9391][21:163][DBG][XCCL][kl3_all_reduce.cpp:94] send buf addr 0x4004000000/0x402408e000 count 6
[12:01:07][7273eb5a9391][21:21][DBG][XCCL][helper.cpp:301] all_reduce: ctx=0x55f6e31f7fe0, seq_id=459, rank=0, nranks=2, dev=0, send=0x4004000000, recv=0x4004000000, cnt=67108864, root=-1, peer=-1, stream=0x55f6e2f0b3e0, data=float, op=sum, group=0, num_host=1, algo=ring
[12:01:07][7273eb5a9391][21:163][DBG][XCCL][kl3_all_reduce.cpp:46] func traced: [all_reduce] xlink_ring_all_reduce_single_node
[12:01:07][7273eb5a9391][21:163][DBG][XCCL][kl3_all_reduce.cpp:94] send buf addr 0x4004000000/0x402408e000 count 6
[12:01:07][7273eb5a9391][21:21][DBG][XCCL][helper.cpp:301] all_reduce: ctx=0x55f6e31f7fe0, seq_id=460, rank=0, nranks=2, dev=0, send=0x4004000000, recv=0x4004000000, cnt=67108864, root=-1, peer=-1, stream=0x55f6e2f0b3e0, data=float, op=sum, group=0, num_host=1, algo=ring
[12:01:07][7273eb5a9391][21:163][DBG][XCCL][kl3_all_reduce.cpp:46] func traced: [all_reduce] xlink_ring_all_reduce_single_node
[12:01:07][7273eb5a9391][21:163][DBG][XCCL][kl3_all_reduce.cpp:94] send buf addr 0x4004000000/0x402408e000 count 6
[12:01:07][7273eb5a9391][21:21][DBG][XCCL][helper.cpp:301] all_reduce: ctx=0x55f6e31f7fe0, seq_id=461, rank=0, nranks=2, dev=0, send=0x4004000000, recv=0x4004000000, cnt=67108864, root=-1, peer=-1, stream=0x55f6e2f0b3e0, data=float, op=sum, group=0, num_host=1, algo=ring
[12:01:07][7273eb5a9391][21:163][DBG][XCCL][kl3_all_reduce.cpp:46] func traced: [all_reduce] xlink_ring_all_reduce_single_node
[12:01:07][7273eb5a9391][21:163][DBG][XCCL][kl3_all_reduce.cpp:94] send buf addr 0x4004000000/0x402408e000 count 6
[12:01:07][7273eb5a9391][21:21][DBG][XCCL][helper.cpp:301] all_reduce: ctx=0x55f6e31f7fe0, seq_id=462, rank=0, nranks=2, dev=0, send=0x4004000000, recv=0x4004000000, cnt=67108864, root=-1, peer=-1, stream=0x55f6e2f0b3e0, data=float, op=sum, group=0, num_host=1, algo=ring
[12:01:07][7273eb5a9391][21:163][DBG][XCCL][kl3_all_reduce.cpp:46] func traced: [all_reduce] xlink_ring_all_reduce_single_node
[12:01:07][7273eb5a9391][21:163][DBG][XCCL][kl3_all_reduce.cpp:94] send buf addr 0x4004000000/0x402408e000 count 6
[12:01:07][7273eb5a9391][21:21][DBG][XCCL][helper.cpp:301] all_reduce: ctx=0x55f6e31f7fe0, seq_id=463, rank=0, nranks=2, dev=0, send=0x4004000000, recv=0x4004000000, cnt=67108864, root=-1, peer=-1, stream=0x55f6e2f0b3e0, data=float, op=sum, group=0, num_host=1, algo=ring
[12:01:07][7273eb5a9391][21:163][DBG][XCCL][kl3_all_reduce.cpp:46] func traced: [all_reduce] xlink_ring_all_reduce_single_node
[12:01:07][7273eb5a9391][21:163][DBG][XCCL][kl3_all_reduce.cpp:94] send buf addr 0x4004000000/0x402408e000 count 6
[12:01:07][7273eb5a9391][21:21][DBG][XCCL][helper.cpp:301] all_reduce: ctx=0x55f6e31f7fe0, seq_id=464, rank=0, nranks=2, dev=0, send=0x4004000000, recv=0x4004000000, cnt=67108864, root=-1, peer=-1, stream=0x55f6e2f0b3e0, data=float, op=sum, group=0, num_host=1, algo=ring
[12:01:07][7273eb5a9391][21:163][DBG][XCCL][kl3_all_reduce.cpp:46] func traced: [all_reduce] xlink_ring_all_reduce_single_node
[12:01:07][7273eb5a9391][21:163][DBG][XCCL][kl3_all_reduce.cpp:94] send buf addr 0x4004000000/0x402408e000 count 6
[12:01:07][7273eb5a9391][21:21][DBG][XCCL][helper.cpp:301] all_reduce: ctx=0x55f6e31f7fe0, seq_id=465, rank=0, nranks=2, dev=0, send=0x4004000000, recv=0x4004000000, cnt=67108864, root=-1, peer=-1, stream=0x55f6e2f0b3e0, data=float, op=sum, group=0, num_host=1, algo=ring
[12:01:07][7273eb5a9391][21:163][DBG][XCCL][kl3_all_reduce.cpp:46] func traced: [all_reduce] xlink_ring_all_reduce_single_node
[12:01:07][7273eb5a9391][21:163][DBG][XCCL][kl3_all_reduce.cpp:94] send buf addr 0x4004000000/0x402408e000 count 6
[12:01:07][7273eb5a9391][21:21][DBG][XCCL][helper.cpp:301] all_reduce: ctx=0x55f6e31f7fe0, seq_id=466, rank=0, nranks=2, dev=0, send=0x4004000000, recv=0x4004000000, cnt=67108864, root=-1, peer=-1, stream=0x55f6e2f0b3e0, data=float, op=sum, group=0, num_host=1, algo=ring
[12:01:07][7273eb5a9391][21:163][DBG][XCCL][kl3_all_reduce.cpp:46] func traced: [all_reduce] xlink_ring_all_reduce_single_node
[12:01:07][7273eb5a9391][21:163][DBG][XCCL][kl3_all_reduce.cpp:94] send buf addr 0x4004000000/0x402408e000 count 6
[12:01:07][7273eb5a9391][21:21][DBG][XCCL][helper.cpp:301] all_reduce: ctx=0x55f6e31f7fe0, seq_id=467, rank=0, nranks=2, dev=0, send=0x4004000000, recv=0x4004000000, cnt=67108864, root=-1, peer=-1, stream=0x55f6e2f0b3e0, data=float, op=sum, group=0, num_host=1, algo=ring
[12:01:07][7273eb5a9391][21:163][DBG][XCCL][kl3_all_reduce.cpp:46] func traced: [all_reduce] xlink_ring_all_reduce_single_node
[12:01:07][7273eb5a9391][21:163][DBG][XCCL][kl3_all_reduce.cpp:94] send buf addr 0x4004000000/0x402408e000 count 6
[12:01:07][7273eb5a9391][21:21][DBG][XCCL][helper.cpp:301] all_reduce: ctx=0x55f6e31f7fe0, seq_id=468, rank=0, nranks=2, dev=0, send=0x4004000000, recv=0x4004000000, cnt=67108864, root=-1, peer=-1, stream=0x55f6e2f0b3e0, data=float, op=sum, group=0, num_host=1, algo=ring
[12:01:07][7273eb5a9391][21:163][DBG][XCCL][kl3_all_reduce.cpp:46] func traced: [all_reduce] xlink_ring_all_reduce_single_node
[12:01:07][7273eb5a9391][21:163][DBG][XCCL][kl3_all_reduce.cpp:94] send buf addr 0x4004000000/0x402408e000 count 6
[12:01:07][7273eb5a9391][21:21][DBG][XCCL][helper.cpp:301] all_reduce: ctx=0x55f6e31f7fe0, seq_id=469, rank=0, nranks=2, dev=0, send=0x4004000000, recv=0x4004000000, cnt=67108864, root=-1, peer=-1, stream=0x55f6e2f0b3e0, data=float, op=sum, group=0, num_host=1, algo=ring
[12:01:07][7273eb5a9391][21:163][DBG][XCCL][kl3_all_reduce.cpp:46] func traced: [all_reduce] xlink_ring_all_reduce_single_node
[12:01:07][7273eb5a9391][21:163][DBG][XCCL][kl3_all_reduce.cpp:94] send buf addr 0x4004000000/0x402408e000 count 6
[12:01:07][7273eb5a9391][21:21][DBG][XCCL][helper.cpp:301] all_reduce: ctx=0x55f6e31f7fe0, seq_id=470, rank=0, nranks=2, dev=0, send=0x4004000000, recv=0x4004000000, cnt=67108864, root=-1, peer=-1, stream=0x55f6e2f0b3e0, data=float, op=sum, group=0, num_host=1, algo=ring
[12:01:07][7273eb5a9391][21:163][DBG][XCCL][kl3_all_reduce.cpp:46] func traced: [all_reduce] xlink_ring_all_reduce_single_node
[12:01:07][7273eb5a9391][21:163][DBG][XCCL][kl3_all_reduce.cpp:94] send buf addr 0x4004000000/0x402408e000 count 6
[12:01:07][7273eb5a9391][21:21][DBG][XCCL][helper.cpp:301] all_reduce: ctx=0x55f6e31f7fe0, seq_id=471, rank=0, nranks=2, dev=0, send=0x4004000000, recv=0x4004000000, cnt=67108864, root=-1, peer=-1, stream=0x55f6e2f0b3e0, data=float, op=sum, group=0, num_host=1, algo=ring
[12:01:07][7273eb5a9391][21:163][DBG][XCCL][kl3_all_reduce.cpp:46] func traced: [all_reduce] xlink_ring_all_reduce_single_node
[12:01:07][7273eb5a9391][21:163][DBG][XCCL][kl3_all_reduce.cpp:94] send buf addr 0x4004000000/0x402408e000 count 6
[12:01:07][7273eb5a9391][21:21][DBG][XCCL][helper.cpp:301] all_reduce: ctx=0x55f6e31f7fe0, seq_id=472, rank=0, nranks=2, dev=0, send=0x4004000000, recv=0x4004000000, cnt=67108864, root=-1, peer=-1, stream=0x55f6e2f0b3e0, data=float, op=sum, group=0, num_host=1, algo=ring
[12:01:07][7273eb5a9391][21:163][DBG][XCCL][kl3_all_reduce.cpp:46] func traced: [all_reduce] xlink_ring_all_reduce_single_node
[12:01:07][7273eb5a9391][21:163][DBG][XCCL][kl3_all_reduce.cpp:94] send buf addr 0x4004000000/0x402408e000 count 6
[12:01:07][7273eb5a9391][21:21][DBG][XCCL][helper.cpp:301] all_reduce: ctx=0x55f6e31f7fe0, seq_id=473, rank=0, nranks=2, dev=0, send=0x4004000000, recv=0x4004000000, cnt=67108864, root=-1, peer=-1, stream=0x55f6e2f0b3e0, data=float, op=sum, group=0, num_host=1, algo=ring
[12:01:07][7273eb5a9391][21:163][DBG][XCCL][kl3_all_reduce.cpp:46] func traced: [all_reduce] xlink_ring_all_reduce_single_node
[12:01:07][7273eb5a9391][21:163][DBG][XCCL][kl3_all_reduce.cpp:94] send buf addr 0x4004000000/0x402408e000 count 6
[12:01:07][7273eb5a9391][21:21][DBG][XCCL][helper.cpp:301] all_reduce: ctx=0x55f6e31f7fe0, seq_id=474, rank=0, nranks=2, dev=0, send=0x4004000000, recv=0x4004000000, cnt=67108864, root=-1, peer=-1, stream=0x55f6e2f0b3e0, data=float, op=sum, group=0, num_host=1, algo=ring
[12:01:07][7273eb5a9391][21:163][DBG][XCCL][kl3_all_reduce.cpp:46] func traced: [all_reduce] xlink_ring_all_reduce_single_node
[12:01:07][7273eb5a9391][21:163][DBG][XCCL][kl3_all_reduce.cpp:94] send buf addr 0x4004000000/0x402408e000 count 6
[12:01:07][7273eb5a9391][21:21][DBG][XCCL][helper.cpp:301] all_reduce: ctx=0x55f6e31f7fe0, seq_id=475, rank=0, nranks=2, dev=0, send=0x4004000000, recv=0x4004000000, cnt=67108864, root=-1, peer=-1, stream=0x55f6e2f0b3e0, data=float, op=sum, group=0, num_host=1, algo=ring
[12:01:07][7273eb5a9391][21:163][DBG][XCCL][kl3_all_reduce.cpp:46] func traced: [all_reduce] xlink_ring_all_reduce_single_node
[12:01:07][7273eb5a9391][21:163][DBG][XCCL][kl3_all_reduce.cpp:94] send buf addr 0x4004000000/0x402408e000 count 6
[12:01:07][7273eb5a9391][21:21][DBG][XCCL][helper.cpp:301] all_reduce: ctx=0x55f6e31f7fe0, seq_id=476, rank=0, nranks=2, dev=0, send=0x4004000000, recv=0x4004000000, cnt=67108864, root=-1, peer=-1, stream=0x55f6e2f0b3e0, data=float, op=sum, group=0, num_host=1, algo=ring
[12:01:07][7273eb5a9391][21:163][DBG][XCCL][kl3_all_reduce.cpp:46] func traced: [all_reduce] xlink_ring_all_reduce_single_node
[12:01:07][7273eb5a9391][21:163][DBG][XCCL][kl3_all_reduce.cpp:94] send buf addr 0x4004000000/0x402408e000 count 6
[12:01:07][7273eb5a9391][21:21][DBG][XCCL][helper.cpp:301] all_reduce: ctx=0x55f6e31f7fe0, seq_id=477, rank=0, nranks=2, dev=0, send=0x4004000000, recv=0x4004000000, cnt=67108864, root=-1, peer=-1, stream=0x55f6e2f0b3e0, data=float, op=sum, group=0, num_host=1, algo=ring
[12:01:07][7273eb5a9391][21:163][DBG][XCCL][kl3_all_reduce.cpp:46] func traced: [all_reduce] xlink_ring_all_reduce_single_node
[12:01:07][7273eb5a9391][21:163][DBG][XCCL][kl3_all_reduce.cpp:94] send buf addr 0x4004000000/0x402408e000 count 6
[12:01:07][7273eb5a9391][21:21][DBG][XCCL][helper.cpp:301] all_reduce: ctx=0x55f6e31f7fe0, seq_id=478, rank=0, nranks=2, dev=0, send=0x4004000000, recv=0x4004000000, cnt=67108864, root=-1, peer=-1, stream=0x55f6e2f0b3e0, data=float, op=sum, group=0, num_host=1, algo=ring
[12:01:07][7273eb5a9391][21:163][DBG][XCCL][kl3_all_reduce.cpp:46] func traced: [all_reduce] xlink_ring_all_reduce_single_node
[12:01:07][7273eb5a9391][21:163][DBG][XCCL][kl3_all_reduce.cpp:94] send buf addr 0x4004000000/0x402408e000 count 6
[12:01:07][7273eb5a9391][21:21][DBG][XCCL][helper.cpp:301] all_reduce: ctx=0x55f6e31f7fe0, seq_id=479, rank=0, nranks=2, dev=0, send=0x4004000000, recv=0x4004000000, cnt=67108864, root=-1, peer=-1, stream=0x55f6e2f0b3e0, data=float, op=sum, group=0, num_host=1, algo=ring
[12:01:07][7273eb5a9391][21:163][DBG][XCCL][kl3_all_reduce.cpp:46] func traced: [all_reduce] xlink_ring_all_reduce_single_node
[12:01:07][7273eb5a9391][21:163][DBG][XCCL][kl3_all_reduce.cpp:94] send buf addr 0x4004000000/0x402408e000 count 6
[12:01:07][7273eb5a9391][21:21][DBG][XCCL][helper.cpp:301] all_reduce: ctx=0x55f6e31f7fe0, seq_id=480, rank=0, nranks=2, dev=0, send=0x4004000000, recv=0x4004000000, cnt=67108864, root=-1, peer=-1, stream=0x55f6e2f0b3e0, data=float, op=sum, group=0, num_host=1, algo=ring
[12:01:07][7273eb5a9391][21:163][DBG][XCCL][kl3_all_reduce.cpp:46] func traced: [all_reduce] xlink_ring_all_reduce_single_node
[12:01:07][7273eb5a9391][21:163][DBG][XCCL][kl3_all_reduce.cpp:94] send buf addr 0x4004000000/0x402408e000 count 6
[12:01:07][7273eb5a9391][21:21][DBG][XCCL][helper.cpp:301] all_reduce: ctx=0x55f6e31f7fe0, seq_id=481, rank=0, nranks=2, dev=0, send=0x4004000000, recv=0x4004000000, cnt=67108864, root=-1, peer=-1, stream=0x55f6e2f0b3e0, data=float, op=sum, group=0, num_host=1, algo=ring
[12:01:07][7273eb5a9391][21:163][DBG][XCCL][kl3_all_reduce.cpp:46] func traced: [all_reduce] xlink_ring_all_reduce_single_node
[12:01:07][7273eb5a9391][21:163][DBG][XCCL][kl3_all_reduce.cpp:94] send buf addr 0x4004000000/0x402408e000 count 6
[12:01:07][7273eb5a9391][21:21][DBG][XCCL][helper.cpp:301] all_reduce: ctx=0x55f6e31f7fe0, seq_id=482, rank=0, nranks=2, dev=0, send=0x4004000000, recv=0x4004000000, cnt=67108864, root=-1, peer=-1, stream=0x55f6e2f0b3e0, data=float, op=sum, group=0, num_host=1, algo=ring
[12:01:07][7273eb5a9391][21:163][DBG][XCCL][kl3_all_reduce.cpp:46] func traced: [all_reduce] xlink_ring_all_reduce_single_node
[12:01:07][7273eb5a9391][21:163][DBG][XCCL][kl3_all_reduce.cpp:94] send buf addr 0x4004000000/0x402408e000 count 6
[12:01:07][7273eb5a9391][21:21][DBG][XCCL][helper.cpp:301] all_reduce: ctx=0x55f6e31f7fe0, seq_id=483, rank=0, nranks=2, dev=0, send=0x4004000000, recv=0x4004000000, cnt=67108864, root=-1, peer=-1, stream=0x55f6e2f0b3e0, data=float, op=sum, group=0, num_host=1, algo=ring
[12:01:07][7273eb5a9391][21:163][DBG][XCCL][kl3_all_reduce.cpp:46] func traced: [all_reduce] xlink_ring_all_reduce_single_node
[12:01:07][7273eb5a9391][21:163][DBG][XCCL][kl3_all_reduce.cpp:94] send buf addr 0x4004000000/0x402408e000 count 6
[12:01:07][7273eb5a9391][21:21][DBG][XCCL][helper.cpp:301] all_reduce: ctx=0x55f6e31f7fe0, seq_id=484, rank=0, nranks=2, dev=0, send=0x4004000000, recv=0x4004000000, cnt=67108864, root=-1, peer=-1, stream=0x55f6e2f0b3e0, data=float, op=sum, group=0, num_host=1, algo=ring
[12:01:07][7273eb5a9391][21:163][DBG][XCCL][kl3_all_reduce.cpp:46] func traced: [all_reduce] xlink_ring_all_reduce_single_node
[12:01:07][7273eb5a9391][21:163][DBG][XCCL][kl3_all_reduce.cpp:94] send buf addr 0x4004000000/0x402408e000 count 6
[12:01:07][7273eb5a9391][21:21][DBG][XCCL][helper.cpp:301] all_reduce: ctx=0x55f6e31f7fe0, seq_id=485, rank=0, nranks=2, dev=0, send=0x4004000000, recv=0x4004000000, cnt=67108864, root=-1, peer=-1, stream=0x55f6e2f0b3e0, data=float, op=sum, group=0, num_host=1, algo=ring
[12:01:07][7273eb5a9391][21:163][DBG][XCCL][kl3_all_reduce.cpp:46] func traced: [all_reduce] xlink_ring_all_reduce_single_node
[12:01:07][7273eb5a9391][21:163][DBG][XCCL][kl3_all_reduce.cpp:94] send buf addr 0x4004000000/0x402408e000 count 6
[12:01:07][7273eb5a9391][21:21][DBG][XCCL][helper.cpp:301] all_reduce: ctx=0x55f6e31f7fe0, seq_id=486, rank=0, nranks=2, dev=0, send=0x4004000000, recv=0x4004000000, cnt=67108864, root=-1, peer=-1, stream=0x55f6e2f0b3e0, data=float, op=sum, group=0, num_host=1, algo=ring
[12:01:07][7273eb5a9391][21:163][DBG][XCCL][kl3_all_reduce.cpp:46] func traced: [all_reduce] xlink_ring_all_reduce_single_node
[12:01:07][7273eb5a9391][21:163][DBG][XCCL][kl3_all_reduce.cpp:94] send buf addr 0x4004000000/0x402408e000 count 6
[12:01:07][7273eb5a9391][21:21][DBG][XCCL][helper.cpp:301] all_reduce: ctx=0x55f6e31f7fe0, seq_id=487, rank=0, nranks=2, dev=0, send=0x4004000000, recv=0x4004000000, cnt=67108864, root=-1, peer=-1, stream=0x55f6e2f0b3e0, data=float, op=sum, group=0, num_host=1, algo=ring
[12:01:07][7273eb5a9391][21:163][DBG][XCCL][kl3_all_reduce.cpp:46] func traced: [all_reduce] xlink_ring_all_reduce_single_node
[12:01:07][7273eb5a9391][21:163][DBG][XCCL][kl3_all_reduce.cpp:94] send buf addr 0x4004000000/0x402408e000 count 6
[12:01:07][7273eb5a9391][21:21][DBG][XCCL][helper.cpp:301] all_reduce: ctx=0x55f6e31f7fe0, seq_id=488, rank=0, nranks=2, dev=0, send=0x4004000000, recv=0x4004000000, cnt=67108864, root=-1, peer=-1, stream=0x55f6e2f0b3e0, data=float, op=sum, group=0, num_host=1, algo=ring
[12:01:07][7273eb5a9391][21:163][DBG][XCCL][kl3_all_reduce.cpp:46] func traced: [all_reduce] xlink_ring_all_reduce_single_node
[12:01:07][7273eb5a9391][21:163][DBG][XCCL][kl3_all_reduce.cpp:94] send buf addr 0x4004000000/0x402408e000 count 6
[12:01:07][7273eb5a9391][21:21][DBG][XCCL][helper.cpp:301] all_reduce: ctx=0x55f6e31f7fe0, seq_id=489, rank=0, nranks=2, dev=0, send=0x4004000000, recv=0x4004000000, cnt=67108864, root=-1, peer=-1, stream=0x55f6e2f0b3e0, data=float, op=sum, group=0, num_host=1, algo=ring
[12:01:07][7273eb5a9391][21:163][DBG][XCCL][kl3_all_reduce.cpp:46] func traced: [all_reduce] xlink_ring_all_reduce_single_node
[12:01:07][7273eb5a9391][21:163][DBG][XCCL][kl3_all_reduce.cpp:94] send buf addr 0x4004000000/0x402408e000 count 6
[12:01:07][7273eb5a9391][21:21][DBG][XCCL][helper.cpp:301] all_reduce: ctx=0x55f6e31f7fe0, seq_id=490, rank=0, nranks=2, dev=0, send=0x4004000000, recv=0x4004000000, cnt=67108864, root=-1, peer=-1, stream=0x55f6e2f0b3e0, data=float, op=sum, group=0, num_host=1, algo=ring
[12:01:07][7273eb5a9391][21:163][DBG][XCCL][kl3_all_reduce.cpp:46] func traced: [all_reduce] xlink_ring_all_reduce_single_node
[12:01:07][7273eb5a9391][21:163][DBG][XCCL][kl3_all_reduce.cpp:94] send buf addr 0x4004000000/0x402408e000 count 6
[12:01:07][7273eb5a9391][21:21][DBG][XCCL][helper.cpp:301] all_reduce: ctx=0x55f6e31f7fe0, seq_id=491, rank=0, nranks=2, dev=0, send=0x4004000000, recv=0x4004000000, cnt=67108864, root=-1, peer=-1, stream=0x55f6e2f0b3e0, data=float, op=sum, group=0, num_host=1, algo=ring
[12:01:07][7273eb5a9391][21:163][DBG][XCCL][kl3_all_reduce.cpp:46] func traced: [all_reduce] xlink_ring_all_reduce_single_node
[12:01:07][7273eb5a9391][21:163][DBG][XCCL][kl3_all_reduce.cpp:94] send buf addr 0x4004000000/0x402408e000 count 6
[12:01:07][7273eb5a9391][21:21][DBG][XCCL][helper.cpp:301] all_reduce: ctx=0x55f6e31f7fe0, seq_id=492, rank=0, nranks=2, dev=0, send=0x4004000000, recv=0x4004000000, cnt=67108864, root=-1, peer=-1, stream=0x55f6e2f0b3e0, data=float, op=sum, group=0, num_host=1, algo=ring
[12:01:07][7273eb5a9391][21:163][DBG][XCCL][kl3_all_reduce.cpp:46] func traced: [all_reduce] xlink_ring_all_reduce_single_node
[12:01:07][7273eb5a9391][21:163][DBG][XCCL][kl3_all_reduce.cpp:94] send buf addr 0x4004000000/0x402408e000 count 6
[12:01:07][7273eb5a9391][21:21][DBG][XCCL][helper.cpp:301] all_reduce: ctx=0x55f6e31f7fe0, seq_id=493, rank=0, nranks=2, dev=0, send=0x4004000000, recv=0x4004000000, cnt=67108864, root=-1, peer=-1, stream=0x55f6e2f0b3e0, data=float, op=sum, group=0, num_host=1, algo=ring
[12:01:07][7273eb5a9391][21:163][DBG][XCCL][kl3_all_reduce.cpp:46] func traced: [all_reduce] xlink_ring_all_reduce_single_node
[12:01:07][7273eb5a9391][21:163][DBG][XCCL][kl3_all_reduce.cpp:94] send buf addr 0x4004000000/0x402408e000 count 6
[12:01:07][7273eb5a9391][21:21][DBG][XCCL][helper.cpp:301] all_reduce: ctx=0x55f6e31f7fe0, seq_id=494, rank=0, nranks=2, dev=0, send=0x4004000000, recv=0x4004000000, cnt=67108864, root=-1, peer=-1, stream=0x55f6e2f0b3e0, data=float, op=sum, group=0, num_host=1, algo=ring
[12:01:07][7273eb5a9391][21:163][DBG][XCCL][kl3_all_reduce.cpp:46] func traced: [all_reduce] xlink_ring_all_reduce_single_node
[12:01:07][7273eb5a9391][21:163][DBG][XCCL][kl3_all_reduce.cpp:94] send buf addr 0x4004000000/0x402408e000 count 6
[12:01:07][7273eb5a9391][21:21][DBG][XCCL][helper.cpp:301] all_reduce: ctx=0x55f6e31f7fe0, seq_id=495, rank=0, nranks=2, dev=0, send=0x4004000000, recv=0x4004000000, cnt=67108864, root=-1, peer=-1, stream=0x55f6e2f0b3e0, data=float, op=sum, group=0, num_host=1, algo=ring
[12:01:07][7273eb5a9391][21:163][DBG][XCCL][kl3_all_reduce.cpp:46] func traced: [all_reduce] xlink_ring_all_reduce_single_node
[12:01:07][7273eb5a9391][21:163][DBG][XCCL][kl3_all_reduce.cpp:94] send buf addr 0x4004000000/0x402408e000 count 6
[12:01:07][7273eb5a9391][21:21][DBG][XCCL][helper.cpp:301] all_reduce: ctx=0x55f6e31f7fe0, seq_id=496, rank=0, nranks=2, dev=0, send=0x4004000000, recv=0x4004000000, cnt=67108864, root=-1, peer=-1, stream=0x55f6e2f0b3e0, data=float, op=sum, group=0, num_host=1, algo=ring
[12:01:07][7273eb5a9391][21:163][DBG][XCCL][kl3_all_reduce.cpp:46] func traced: [all_reduce] xlink_ring_all_reduce_single_node
[12:01:07][7273eb5a9391][21:163][DBG][XCCL][kl3_all_reduce.cpp:94] send buf addr 0x4004000000/0x402408e000 count 6
[12:01:07][7273eb5a9391][21:21][DBG][XCCL][helper.cpp:301] all_reduce: ctx=0x55f6e31f7fe0, seq_id=497, rank=0, nranks=2, dev=0, send=0x4004000000, recv=0x4004000000, cnt=67108864, root=-1, peer=-1, stream=0x55f6e2f0b3e0, data=float, op=sum, group=0, num_host=1, algo=ring
[12:01:07][7273eb5a9391][21:163][DBG][XCCL][kl3_all_reduce.cpp:46] func traced: [all_reduce] xlink_ring_all_reduce_single_node
[12:01:07][7273eb5a9391][21:163][DBG][XCCL][kl3_all_reduce.cpp:94] send buf addr 0x4004000000/0x402408e000 count 6
[12:01:07][7273eb5a9391][21:21][DBG][XCCL][helper.cpp:301] all_reduce: ctx=0x55f6e31f7fe0, seq_id=498, rank=0, nranks=2, dev=0, send=0x4004000000, recv=0x4004000000, cnt=67108864, root=-1, peer=-1, stream=0x55f6e2f0b3e0, data=float, op=sum, group=0, num_host=1, algo=ring
[12:01:07][7273eb5a9391][21:163][DBG][XCCL][kl3_all_reduce.cpp:46] func traced: [all_reduce] xlink_ring_all_reduce_single_node
[12:01:07][7273eb5a9391][21:163][DBG][XCCL][kl3_all_reduce.cpp:94] send buf addr 0x4004000000/0x402408e000 count 6
[12:01:07][7273eb5a9391][21:21][DBG][XCCL][helper.cpp:301] all_reduce: ctx=0x55f6e31f7fe0, seq_id=499, rank=0, nranks=2, dev=0, send=0x4004000000, recv=0x4004000000, cnt=67108864, root=-1, peer=-1, stream=0x55f6e2f0b3e0, data=float, op=sum, group=0, num_host=1, algo=ring
[12:01:07][7273eb5a9391][21:163][DBG][XCCL][kl3_all_reduce.cpp:46] func traced: [all_reduce] xlink_ring_all_reduce_single_node
[12:01:07][7273eb5a9391][21:163][DBG][XCCL][kl3_all_reduce.cpp:94] send buf addr 0x4004000000/0x402408e000 count 6
[12:01:07][7273eb5a9391][21:21][DBG][XCCL][helper.cpp:301] all_reduce: ctx=0x55f6e31f7fe0, seq_id=500, rank=0, nranks=2, dev=0, send=0x4004000000, recv=0x4004000000, cnt=67108864, root=-1, peer=-1, stream=0x55f6e2f0b3e0, data=float, op=sum, group=0, num_host=1, algo=ring
[12:01:07][7273eb5a9391][21:163][DBG][XCCL][kl3_all_reduce.cpp:46] func traced: [all_reduce] xlink_ring_all_reduce_single_node
[12:01:07][7273eb5a9391][21:163][DBG][XCCL][kl3_all_reduce.cpp:94] send buf addr 0x4004000000/0x402408e000 count 6
[12:01:07][7273eb5a9391][21:21][DBG][XCCL][helper.cpp:301] all_reduce: ctx=0x55f6e31f7fe0, seq_id=501, rank=0, nranks=2, dev=0, send=0x4004000000, recv=0x4004000000, cnt=67108864, root=-1, peer=-1, stream=0x55f6e2f0b3e0, data=float, op=sum, group=0, num_host=1, algo=ring
[12:01:07][7273eb5a9391][21:163][DBG][XCCL][kl3_all_reduce.cpp:46] func traced: [all_reduce] xlink_ring_all_reduce_single_node
[12:01:07][7273eb5a9391][21:163][DBG][XCCL][kl3_all_reduce.cpp:94] send buf addr 0x4004000000/0x402408e000 count 6
[12:01:07][7273eb5a9391][21:21][DBG][XCCL][helper.cpp:301] all_reduce: ctx=0x55f6e31f7fe0, seq_id=502, rank=0, nranks=2, dev=0, send=0x4004000000, recv=0x4004000000, cnt=67108864, root=-1, peer=-1, stream=0x55f6e2f0b3e0, data=float, op=sum, group=0, num_host=1, algo=ring
[12:01:07][7273eb5a9391][21:163][DBG][XCCL][kl3_all_reduce.cpp:46] func traced: [all_reduce] xlink_ring_all_reduce_single_node
[12:01:07][7273eb5a9391][21:163][DBG][XCCL][kl3_all_reduce.cpp:94] send buf addr 0x4004000000/0x402408e000 count 6
[12:01:07][7273eb5a9391][21:21][DBG][XCCL][helper.cpp:301] all_reduce: ctx=0x55f6e31f7fe0, seq_id=503, rank=0, nranks=2, dev=0, send=0x4004000000, recv=0x4004000000, cnt=67108864, root=-1, peer=-1, stream=0x55f6e2f0b3e0, data=float, op=sum, group=0, num_host=1, algo=ring
[12:01:07][7273eb5a9391][21:163][DBG][XCCL][kl3_all_reduce.cpp:46] func traced: [all_reduce] xlink_ring_all_reduce_single_node
[12:01:07][7273eb5a9391][21:163][DBG][XCCL][kl3_all_reduce.cpp:94] send buf addr 0x4004000000/0x402408e000 count 6
[12:01:07][7273eb5a9391][21:21][DBG][XCCL][helper.cpp:301] all_reduce: ctx=0x55f6e31f7fe0, seq_id=504, rank=0, nranks=2, dev=0, send=0x4004000000, recv=0x4004000000, cnt=67108864, root=-1, peer=-1, stream=0x55f6e2f0b3e0, data=float, op=sum, group=0, num_host=1, algo=ring
[12:01:07][7273eb5a9391][21:163][DBG][XCCL][kl3_all_reduce.cpp:46] func traced: [all_reduce] xlink_ring_all_reduce_single_node
[12:01:07][7273eb5a9391][21:163][DBG][XCCL][kl3_all_reduce.cpp:94] send buf addr 0x4004000000/0x402408e000 count 6
[12:01:07][7273eb5a9391][21:21][DBG][XCCL][helper.cpp:301] all_reduce: ctx=0x55f6e31f7fe0, seq_id=505, rank=0, nranks=2, dev=0, send=0x4004000000, recv=0x4004000000, cnt=67108864, root=-1, peer=-1, stream=0x55f6e2f0b3e0, data=float, op=sum, group=0, num_host=1, algo=ring
[12:01:07][7273eb5a9391][21:163][DBG][XCCL][kl3_all_reduce.cpp:46] func traced: [all_reduce] xlink_ring_all_reduce_single_node
[12:01:07][7273eb5a9391][21:163][DBG][XCCL][kl3_all_reduce.cpp:94] send buf addr 0x4004000000/0x402408e000 count 6
[12:01:07][7273eb5a9391][21:21][DBG][XCCL][helper.cpp:301] all_reduce: ctx=0x55f6e31f7fe0, seq_id=506, rank=0, nranks=2, dev=0, send=0x4004000000, recv=0x4004000000, cnt=67108864, root=-1, peer=-1, stream=0x55f6e2f0b3e0, data=float, op=sum, group=0, num_host=1, algo=ring
[12:01:07][7273eb5a9391][21:163][DBG][XCCL][kl3_all_reduce.cpp:46] func traced: [all_reduce] xlink_ring_all_reduce_single_node
[12:01:07][7273eb5a9391][21:163][DBG][XCCL][kl3_all_reduce.cpp:94] send buf addr 0x4004000000/0x402408e000 count 6
[12:01:07][7273eb5a9391][21:21][DBG][XCCL][helper.cpp:301] all_reduce: ctx=0x55f6e31f7fe0, seq_id=507, rank=0, nranks=2, dev=0, send=0x4004000000, recv=0x4004000000, cnt=67108864, root=-1, peer=-1, stream=0x55f6e2f0b3e0, data=float, op=sum, group=0, num_host=1, algo=ring
[12:01:07][7273eb5a9391][21:163][DBG][XCCL][kl3_all_reduce.cpp:46] func traced: [all_reduce] xlink_ring_all_reduce_single_node
[12:01:07][7273eb5a9391][21:163][DBG][XCCL][kl3_all_reduce.cpp:94] send buf addr 0x4004000000/0x402408e000 count 6
[12:01:07][7273eb5a9391][21:21][DBG][XCCL][helper.cpp:301] all_reduce: ctx=0x55f6e31f7fe0, seq_id=508, rank=0, nranks=2, dev=0, send=0x4004000000, recv=0x4004000000, cnt=67108864, root=-1, peer=-1, stream=0x55f6e2f0b3e0, data=float, op=sum, group=0, num_host=1, algo=ring
[12:01:07][7273eb5a9391][21:163][DBG][XCCL][kl3_all_reduce.cpp:46] func traced: [all_reduce] xlink_ring_all_reduce_single_node
[12:01:07][7273eb5a9391][21:163][DBG][XCCL][kl3_all_reduce.cpp:94] send buf addr 0x4004000000/0x402408e000 count 6
[12:01:07][7273eb5a9391][21:21][DBG][XCCL][helper.cpp:301] all_reduce: ctx=0x55f6e31f7fe0, seq_id=509, rank=0, nranks=2, dev=0, send=0x4004000000, recv=0x4004000000, cnt=67108864, root=-1, peer=-1, stream=0x55f6e2f0b3e0, data=float, op=sum, group=0, num_host=1, algo=ring
[12:01:07][7273eb5a9391][21:163][DBG][XCCL][kl3_all_reduce.cpp:46] func traced: [all_reduce] xlink_ring_all_reduce_single_node
[12:01:07][7273eb5a9391][21:163][DBG][XCCL][kl3_all_reduce.cpp:94] send buf addr 0x4004000000/0x402408e000 count 6
[12:01:08][7273eb5a9391][21:21][DBG][XCCL][helper.cpp:301] all_reduce: ctx=0x55f6e31f7fe0, seq_id=510, rank=0, nranks=2, dev=0, send=0x4004000000, recv=0x4004000000, cnt=67108864, root=-1, peer=-1, stream=0x55f6e2f0b3e0, data=float, op=sum, group=0, num_host=1, algo=ring
[12:01:08][7273eb5a9391][21:163][DBG][XCCL][kl3_all_reduce.cpp:46] func traced: [all_reduce] xlink_ring_all_reduce_single_node
[12:01:08][7273eb5a9391][21:163][DBG][XCCL][kl3_all_reduce.cpp:94] send buf addr 0x4004000000/0x402408e000 count 6
[12:01:08][7273eb5a9391][21:21][DBG][XCCL][helper.cpp:301] all_reduce: ctx=0x55f6e31f7fe0, seq_id=511, rank=0, nranks=2, dev=0, send=0x4004000000, recv=0x4004000000, cnt=67108864, root=-1, peer=-1, stream=0x55f6e2f0b3e0, data=float, op=sum, group=0, num_host=1, algo=ring
[12:01:08][7273eb5a9391][21:163][DBG][XCCL][kl3_all_reduce.cpp:46] func traced: [all_reduce] xlink_ring_all_reduce_single_node
[12:01:08][7273eb5a9391][21:163][DBG][XCCL][kl3_all_reduce.cpp:94] send buf addr 0x4004000000/0x402408e000 count 6
[12:01:08][7273eb5a9391][21:21][DBG][XCCL][helper.cpp:301] all_reduce: ctx=0x55f6e31f7fe0, seq_id=512, rank=0, nranks=2, dev=0, send=0x4004000000, recv=0x4004000000, cnt=67108864, root=-1, peer=-1, stream=0x55f6e2f0b3e0, data=float, op=sum, group=0, num_host=1, algo=ring
[12:01:08][7273eb5a9391][21:163][DBG][XCCL][kl3_all_reduce.cpp:46] func traced: [all_reduce] xlink_ring_all_reduce_single_node
[12:01:08][7273eb5a9391][21:163][DBG][XCCL][kl3_all_reduce.cpp:94] send buf addr 0x4004000000/0x402408e000 count 6
[12:01:08][7273eb5a9391][21:21][DBG][XCCL][helper.cpp:301] all_reduce: ctx=0x55f6e31f7fe0, seq_id=513, rank=0, nranks=2, dev=0, send=0x4004000000, recv=0x4004000000, cnt=67108864, root=-1, peer=-1, stream=0x55f6e2f0b3e0, data=float, op=sum, group=0, num_host=1, algo=ring
[12:01:08][7273eb5a9391][21:163][DBG][XCCL][kl3_all_reduce.cpp:46] func traced: [all_reduce] xlink_ring_all_reduce_single_node
[12:01:08][7273eb5a9391][21:163][DBG][XCCL][kl3_all_reduce.cpp:94] send buf addr 0x4004000000/0x402408e000 count 6
[12:01:08][7273eb5a9391][21:21][DBG][XCCL][helper.cpp:301] all_reduce: ctx=0x55f6e31f7fe0, seq_id=514, rank=0, nranks=2, dev=0, send=0x4004000000, recv=0x4004000000, cnt=67108864, root=-1, peer=-1, stream=0x55f6e2f0b3e0, data=float, op=sum, group=0, num_host=1, algo=ring
[12:01:08][7273eb5a9391][21:163][DBG][XCCL][kl3_all_reduce.cpp:46] func traced: [all_reduce] xlink_ring_all_reduce_single_node
[12:01:08][7273eb5a9391][21:163][DBG][XCCL][kl3_all_reduce.cpp:94] send buf addr 0x4004000000/0x402408e000 count 6
[12:01:08][7273eb5a9391][21:21][DBG][XCCL][helper.cpp:301] all_reduce: ctx=0x55f6e31f7fe0, seq_id=515, rank=0, nranks=2, dev=0, send=0x4004000000, recv=0x4004000000, cnt=67108864, root=-1, peer=-1, stream=0x55f6e2f0b3e0, data=float, op=sum, group=0, num_host=1, algo=ring
[12:01:08][7273eb5a9391][21:163][DBG][XCCL][kl3_all_reduce.cpp:46] func traced: [all_reduce] xlink_ring_all_reduce_single_node
[12:01:08][7273eb5a9391][21:163][DBG][XCCL][kl3_all_reduce.cpp:94] send buf addr 0x4004000000/0x402408e000 count 6
[12:01:08][7273eb5a9391][21:21][DBG][XCCL][helper.cpp:301] all_reduce: ctx=0x55f6e31f7fe0, seq_id=516, rank=0, nranks=2, dev=0, send=0x4004000000, recv=0x4004000000, cnt=67108864, root=-1, peer=-1, stream=0x55f6e2f0b3e0, data=float, op=sum, group=0, num_host=1, algo=ring
[12:01:08][7273eb5a9391][21:163][DBG][XCCL][kl3_all_reduce.cpp:46] func traced: [all_reduce] xlink_ring_all_reduce_single_node
[12:01:08][7273eb5a9391][21:163][DBG][XCCL][kl3_all_reduce.cpp:94] send buf addr 0x4004000000/0x402408e000 count 6
[12:01:08][7273eb5a9391][21:21][DBG][XCCL][helper.cpp:301] all_reduce: ctx=0x55f6e31f7fe0, seq_id=517, rank=0, nranks=2, dev=0, send=0x4004000000, recv=0x4004000000, cnt=67108864, root=-1, peer=-1, stream=0x55f6e2f0b3e0, data=float, op=sum, group=0, num_host=1, algo=ring
[12:01:08][7273eb5a9391][21:163][DBG][XCCL][kl3_all_reduce.cpp:46] func traced: [all_reduce] xlink_ring_all_reduce_single_node
[12:01:08][7273eb5a9391][21:163][DBG][XCCL][kl3_all_reduce.cpp:94] send buf addr 0x4004000000/0x402408e000 count 6
[12:01:08][7273eb5a9391][21:21][DBG][XCCL][helper.cpp:301] all_reduce: ctx=0x55f6e31f7fe0, seq_id=518, rank=0, nranks=2, dev=0, send=0x4004000000, recv=0x4004000000, cnt=67108864, root=-1, peer=-1, stream=0x55f6e2f0b3e0, data=float, op=sum, group=0, num_host=1, algo=ring
[12:01:08][7273eb5a9391][21:163][DBG][XCCL][kl3_all_reduce.cpp:46] func traced: [all_reduce] xlink_ring_all_reduce_single_node
[12:01:08][7273eb5a9391][21:163][DBG][XCCL][kl3_all_reduce.cpp:94] send buf addr 0x4004000000/0x402408e000 count 6
[12:01:08][7273eb5a9391][21:21][DBG][XCCL][helper.cpp:301] all_reduce: ctx=0x55f6e31f7fe0, seq_id=519, rank=0, nranks=2, dev=0, send=0x4004000000, recv=0x4004000000, cnt=67108864, root=-1, peer=-1, stream=0x55f6e2f0b3e0, data=float, op=sum, group=0, num_host=1, algo=ring
[12:01:08][7273eb5a9391][21:163][DBG][XCCL][kl3_all_reduce.cpp:46] func traced: [all_reduce] xlink_ring_all_reduce_single_node
[12:01:08][7273eb5a9391][21:163][DBG][XCCL][kl3_all_reduce.cpp:94] send buf addr 0x4004000000/0x402408e000 count 6
[12:01:08][7273eb5a9391][21:21][DBG][XCCL][helper.cpp:301] all_reduce: ctx=0x55f6e31f7fe0, seq_id=520, rank=0, nranks=2, dev=0, send=0x4004000000, recv=0x4004000000, cnt=67108864, root=-1, peer=-1, stream=0x55f6e2f0b3e0, data=float, op=sum, group=0, num_host=1, algo=ring
[12:01:08][7273eb5a9391][21:163][DBG][XCCL][kl3_all_reduce.cpp:46] func traced: [all_reduce] xlink_ring_all_reduce_single_node
[12:01:08][7273eb5a9391][21:163][DBG][XCCL][kl3_all_reduce.cpp:94] send buf addr 0x4004000000/0x402408e000 count 6
[12:01:08][7273eb5a9391][21:21][DBG][XCCL][helper.cpp:301] all_reduce: ctx=0x55f6e31f7fe0, seq_id=521, rank=0, nranks=2, dev=0, send=0x4004000000, recv=0x4004000000, cnt=67108864, root=-1, peer=-1, stream=0x55f6e2f0b3e0, data=float, op=sum, group=0, num_host=1, algo=ring
[12:01:08][7273eb5a9391][21:163][DBG][XCCL][kl3_all_reduce.cpp:46] func traced: [all_reduce] xlink_ring_all_reduce_single_node
[12:01:08][7273eb5a9391][21:163][DBG][XCCL][kl3_all_reduce.cpp:94] send buf addr 0x4004000000/0x402408e000 count 6
[12:01:08][7273eb5a9391][21:21][DBG][XCCL][helper.cpp:301] all_reduce: ctx=0x55f6e31f7fe0, seq_id=522, rank=0, nranks=2, dev=0, send=0x4004000000, recv=0x4004000000, cnt=67108864, root=-1, peer=-1, stream=0x55f6e2f0b3e0, data=float, op=sum, group=0, num_host=1, algo=ring
[12:01:08][7273eb5a9391][21:163][DBG][XCCL][kl3_all_reduce.cpp:46] func traced: [all_reduce] xlink_ring_all_reduce_single_node
[12:01:08][7273eb5a9391][21:163][DBG][XCCL][kl3_all_reduce.cpp:94] send buf addr 0x4004000000/0x402408e000 count 6
[12:01:08][7273eb5a9391][21:21][DBG][XCCL][helper.cpp:301] all_reduce: ctx=0x55f6e31f7fe0, seq_id=523, rank=0, nranks=2, dev=0, send=0x4004000000, recv=0x4004000000, cnt=67108864, root=-1, peer=-1, stream=0x55f6e2f0b3e0, data=float, op=sum, group=0, num_host=1, algo=ring
[12:01:08][7273eb5a9391][21:163][DBG][XCCL][kl3_all_reduce.cpp:46] func traced: [all_reduce] xlink_ring_all_reduce_single_node
[12:01:08][7273eb5a9391][21:163][DBG][XCCL][kl3_all_reduce.cpp:94] send buf addr 0x4004000000/0x402408e000 count 6
[12:01:08][7273eb5a9391][21:21][DBG][XCCL][helper.cpp:301] all_reduce: ctx=0x55f6e31f7fe0, seq_id=524, rank=0, nranks=2, dev=0, send=0x4004000000, recv=0x4004000000, cnt=67108864, root=-1, peer=-1, stream=0x55f6e2f0b3e0, data=float, op=sum, group=0, num_host=1, algo=ring
[12:01:08][7273eb5a9391][21:163][DBG][XCCL][kl3_all_reduce.cpp:46] func traced: [all_reduce] xlink_ring_all_reduce_single_node
[12:01:08][7273eb5a9391][21:163][DBG][XCCL][kl3_all_reduce.cpp:94] send buf addr 0x4004000000/0x402408e000 count 6
[12:01:08][7273eb5a9391][21:21][DBG][XCCL][helper.cpp:301] all_reduce: ctx=0x55f6e31f7fe0, seq_id=525, rank=0, nranks=2, dev=0, send=0x4004000000, recv=0x4004000000, cnt=67108864, root=-1, peer=-1, stream=0x55f6e2f0b3e0, data=float, op=sum, group=0, num_host=1, algo=ring
[12:01:08][7273eb5a9391][21:163][DBG][XCCL][kl3_all_reduce.cpp:46] func traced: [all_reduce] xlink_ring_all_reduce_single_node
[12:01:08][7273eb5a9391][21:163][DBG][XCCL][kl3_all_reduce.cpp:94] send buf addr 0x4004000000/0x402408e000 count 6
[12:01:08][7273eb5a9391][21:21][DBG][XCCL][helper.cpp:301] all_reduce: ctx=0x55f6e31f7fe0, seq_id=526, rank=0, nranks=2, dev=0, send=0x4004000000, recv=0x4004000000, cnt=67108864, root=-1, peer=-1, stream=0x55f6e2f0b3e0, data=float, op=sum, group=0, num_host=1, algo=ring
[12:01:08][7273eb5a9391][21:163][DBG][XCCL][kl3_all_reduce.cpp:46] func traced: [all_reduce] xlink_ring_all_reduce_single_node
[12:01:08][7273eb5a9391][21:163][DBG][XCCL][kl3_all_reduce.cpp:94] send buf addr 0x4004000000/0x402408e000 count 6
[12:01:08][7273eb5a9391][21:21][DBG][XCCL][helper.cpp:301] all_reduce: ctx=0x55f6e31f7fe0, seq_id=527, rank=0, nranks=2, dev=0, send=0x4004000000, recv=0x4004000000, cnt=67108864, root=-1, peer=-1, stream=0x55f6e2f0b3e0, data=float, op=sum, group=0, num_host=1, algo=ring
[12:01:08][7273eb5a9391][21:163][DBG][XCCL][kl3_all_reduce.cpp:46] func traced: [all_reduce] xlink_ring_all_reduce_single_node
[12:01:08][7273eb5a9391][21:163][DBG][XCCL][kl3_all_reduce.cpp:94] send buf addr 0x4004000000/0x402408e000 count 6
[12:01:08][7273eb5a9391][21:21][DBG][XCCL][helper.cpp:301] all_reduce: ctx=0x55f6e31f7fe0, seq_id=528, rank=0, nranks=2, dev=0, send=0x4004000000, recv=0x4004000000, cnt=67108864, root=-1, peer=-1, stream=0x55f6e2f0b3e0, data=float, op=sum, group=0, num_host=1, algo=ring
[12:01:08][7273eb5a9391][21:163][DBG][XCCL][kl3_all_reduce.cpp:46] func traced: [all_reduce] xlink_ring_all_reduce_single_node
[12:01:08][7273eb5a9391][21:163][DBG][XCCL][kl3_all_reduce.cpp:94] send buf addr 0x4004000000/0x402408e000 count 6
[12:01:08][7273eb5a9391][21:21][DBG][XCCL][helper.cpp:301] all_reduce: ctx=0x55f6e31f7fe0, seq_id=529, rank=0, nranks=2, dev=0, send=0x4004000000, recv=0x4004000000, cnt=67108864, root=-1, peer=-1, stream=0x55f6e2f0b3e0, data=float, op=sum, group=0, num_host=1, algo=ring
[12:01:08][7273eb5a9391][21:163][DBG][XCCL][kl3_all_reduce.cpp:46] func traced: [all_reduce] xlink_ring_all_reduce_single_node
[12:01:08][7273eb5a9391][21:163][DBG][XCCL][kl3_all_reduce.cpp:94] send buf addr 0x4004000000/0x402408e000 count 6
[12:01:08][7273eb5a9391][21:21][DBG][XCCL][helper.cpp:301] all_reduce: ctx=0x55f6e31f7fe0, seq_id=530, rank=0, nranks=2, dev=0, send=0x4004000000, recv=0x4004000000, cnt=67108864, root=-1, peer=-1, stream=0x55f6e2f0b3e0, data=float, op=sum, group=0, num_host=1, algo=ring
[12:01:08][7273eb5a9391][21:163][DBG][XCCL][kl3_all_reduce.cpp:46] func traced: [all_reduce] xlink_ring_all_reduce_single_node
[12:01:08][7273eb5a9391][21:163][DBG][XCCL][kl3_all_reduce.cpp:94] send buf addr 0x4004000000/0x402408e000 count 6
[12:01:08][7273eb5a9391][21:21][DBG][XCCL][helper.cpp:301] all_reduce: ctx=0x55f6e31f7fe0, seq_id=531, rank=0, nranks=2, dev=0, send=0x4004000000, recv=0x4004000000, cnt=67108864, root=-1, peer=-1, stream=0x55f6e2f0b3e0, data=float, op=sum, group=0, num_host=1, algo=ring
[12:01:08][7273eb5a9391][21:163][DBG][XCCL][kl3_all_reduce.cpp:46] func traced: [all_reduce] xlink_ring_all_reduce_single_node
[12:01:08][7273eb5a9391][21:163][DBG][XCCL][kl3_all_reduce.cpp:94] send buf addr 0x4004000000/0x402408e000 count 6
[12:01:08][7273eb5a9391][21:21][DBG][XCCL][helper.cpp:301] all_reduce: ctx=0x55f6e31f7fe0, seq_id=532, rank=0, nranks=2, dev=0, send=0x4004000000, recv=0x4004000000, cnt=67108864, root=-1, peer=-1, stream=0x55f6e2f0b3e0, data=float, op=sum, group=0, num_host=1, algo=ring
[12:01:08][7273eb5a9391][21:163][DBG][XCCL][kl3_all_reduce.cpp:46] func traced: [all_reduce] xlink_ring_all_reduce_single_node
[12:01:08][7273eb5a9391][21:163][DBG][XCCL][kl3_all_reduce.cpp:94] send buf addr 0x4004000000/0x402408e000 count 6
[12:01:08][7273eb5a9391][21:21][DBG][XCCL][helper.cpp:301] all_reduce: ctx=0x55f6e31f7fe0, seq_id=533, rank=0, nranks=2, dev=0, send=0x4004000000, recv=0x4004000000, cnt=67108864, root=-1, peer=-1, stream=0x55f6e2f0b3e0, data=float, op=sum, group=0, num_host=1, algo=ring
[12:01:08][7273eb5a9391][21:163][DBG][XCCL][kl3_all_reduce.cpp:46] func traced: [all_reduce] xlink_ring_all_reduce_single_node
[12:01:08][7273eb5a9391][21:163][DBG][XCCL][kl3_all_reduce.cpp:94] send buf addr 0x4004000000/0x402408e000 count 6
[12:01:08][7273eb5a9391][21:21][DBG][XCCL][helper.cpp:301] all_reduce: ctx=0x55f6e31f7fe0, seq_id=534, rank=0, nranks=2, dev=0, send=0x4004000000, recv=0x4004000000, cnt=67108864, root=-1, peer=-1, stream=0x55f6e2f0b3e0, data=float, op=sum, group=0, num_host=1, algo=ring
[12:01:08][7273eb5a9391][21:163][DBG][XCCL][kl3_all_reduce.cpp:46] func traced: [all_reduce] xlink_ring_all_reduce_single_node
[12:01:08][7273eb5a9391][21:163][DBG][XCCL][kl3_all_reduce.cpp:94] send buf addr 0x4004000000/0x402408e000 count 6
[12:01:08][7273eb5a9391][21:21][DBG][XCCL][helper.cpp:301] all_reduce: ctx=0x55f6e31f7fe0, seq_id=535, rank=0, nranks=2, dev=0, send=0x4004000000, recv=0x4004000000, cnt=67108864, root=-1, peer=-1, stream=0x55f6e2f0b3e0, data=float, op=sum, group=0, num_host=1, algo=ring
[12:01:08][7273eb5a9391][21:163][DBG][XCCL][kl3_all_reduce.cpp:46] func traced: [all_reduce] xlink_ring_all_reduce_single_node
[12:01:08][7273eb5a9391][21:163][DBG][XCCL][kl3_all_reduce.cpp:94] send buf addr 0x4004000000/0x402408e000 count 6
[12:01:08][7273eb5a9391][21:21][DBG][XCCL][helper.cpp:301] all_reduce: ctx=0x55f6e31f7fe0, seq_id=536, rank=0, nranks=2, dev=0, send=0x4004000000, recv=0x4004000000, cnt=67108864, root=-1, peer=-1, stream=0x55f6e2f0b3e0, data=float, op=sum, group=0, num_host=1, algo=ring
[12:01:08][7273eb5a9391][21:163][DBG][XCCL][kl3_all_reduce.cpp:46] func traced: [all_reduce] xlink_ring_all_reduce_single_node
[12:01:08][7273eb5a9391][21:163][DBG][XCCL][kl3_all_reduce.cpp:94] send buf addr 0x4004000000/0x402408e000 count 6
[12:01:08][7273eb5a9391][21:21][DBG][XCCL][helper.cpp:301] all_reduce: ctx=0x55f6e31f7fe0, seq_id=537, rank=0, nranks=2, dev=0, send=0x4004000000, recv=0x4004000000, cnt=67108864, root=-1, peer=-1, stream=0x55f6e2f0b3e0, data=float, op=sum, group=0, num_host=1, algo=ring
[12:01:08][7273eb5a9391][21:163][DBG][XCCL][kl3_all_reduce.cpp:46] func traced: [all_reduce] xlink_ring_all_reduce_single_node
[12:01:08][7273eb5a9391][21:163][DBG][XCCL][kl3_all_reduce.cpp:94] send buf addr 0x4004000000/0x402408e000 count 6
[12:01:08][7273eb5a9391][21:21][DBG][XCCL][helper.cpp:301] all_reduce: ctx=0x55f6e31f7fe0, seq_id=538, rank=0, nranks=2, dev=0, send=0x4004000000, recv=0x4004000000, cnt=67108864, root=-1, peer=-1, stream=0x55f6e2f0b3e0, data=float, op=sum, group=0, num_host=1, algo=ring
[12:01:08][7273eb5a9391][21:163][DBG][XCCL][kl3_all_reduce.cpp:46] func traced: [all_reduce] xlink_ring_all_reduce_single_node
[12:01:08][7273eb5a9391][21:163][DBG][XCCL][kl3_all_reduce.cpp:94] send buf addr 0x4004000000/0x402408e000 count 6
[12:01:08][7273eb5a9391][21:21][DBG][XCCL][helper.cpp:301] all_reduce: ctx=0x55f6e31f7fe0, seq_id=539, rank=0, nranks=2, dev=0, send=0x4004000000, recv=0x4004000000, cnt=67108864, root=-1, peer=-1, stream=0x55f6e2f0b3e0, data=float, op=sum, group=0, num_host=1, algo=ring
[12:01:08][7273eb5a9391][21:163][DBG][XCCL][kl3_all_reduce.cpp:46] func traced: [all_reduce] xlink_ring_all_reduce_single_node
[12:01:08][7273eb5a9391][21:163][DBG][XCCL][kl3_all_reduce.cpp:94] send buf addr 0x4004000000/0x402408e000 count 6
[12:01:08][7273eb5a9391][21:21][DBG][XCCL][helper.cpp:301] all_reduce: ctx=0x55f6e31f7fe0, seq_id=540, rank=0, nranks=2, dev=0, send=0x4004000000, recv=0x4004000000, cnt=67108864, root=-1, peer=-1, stream=0x55f6e2f0b3e0, data=float, op=sum, group=0, num_host=1, algo=ring
[12:01:08][7273eb5a9391][21:163][DBG][XCCL][kl3_all_reduce.cpp:46] func traced: [all_reduce] xlink_ring_all_reduce_single_node
[12:01:08][7273eb5a9391][21:163][DBG][XCCL][kl3_all_reduce.cpp:94] send buf addr 0x4004000000/0x402408e000 count 6
[12:01:08][7273eb5a9391][21:21][DBG][XCCL][helper.cpp:301] all_reduce: ctx=0x55f6e31f7fe0, seq_id=541, rank=0, nranks=2, dev=0, send=0x4004000000, recv=0x4004000000, cnt=67108864, root=-1, peer=-1, stream=0x55f6e2f0b3e0, data=float, op=sum, group=0, num_host=1, algo=ring
[12:01:08][7273eb5a9391][21:163][DBG][XCCL][kl3_all_reduce.cpp:46] func traced: [all_reduce] xlink_ring_all_reduce_single_node
[12:01:08][7273eb5a9391][21:163][DBG][XCCL][kl3_all_reduce.cpp:94] send buf addr 0x4004000000/0x402408e000 count 6
[12:01:08][7273eb5a9391][21:21][DBG][XCCL][helper.cpp:301] all_reduce: ctx=0x55f6e31f7fe0, seq_id=542, rank=0, nranks=2, dev=0, send=0x4004000000, recv=0x4004000000, cnt=67108864, root=-1, peer=-1, stream=0x55f6e2f0b3e0, data=float, op=sum, group=0, num_host=1, algo=ring
[12:01:08][7273eb5a9391][21:163][DBG][XCCL][kl3_all_reduce.cpp:46] func traced: [all_reduce] xlink_ring_all_reduce_single_node
[12:01:08][7273eb5a9391][21:163][DBG][XCCL][kl3_all_reduce.cpp:94] send buf addr 0x4004000000/0x402408e000 count 6
[12:01:08][7273eb5a9391][21:21][DBG][XCCL][helper.cpp:301] all_reduce: ctx=0x55f6e31f7fe0, seq_id=543, rank=0, nranks=2, dev=0, send=0x4004000000, recv=0x4004000000, cnt=67108864, root=-1, peer=-1, stream=0x55f6e2f0b3e0, data=float, op=sum, group=0, num_host=1, algo=ring
[12:01:08][7273eb5a9391][21:163][DBG][XCCL][kl3_all_reduce.cpp:46] func traced: [all_reduce] xlink_ring_all_reduce_single_node
[12:01:08][7273eb5a9391][21:163][DBG][XCCL][kl3_all_reduce.cpp:94] send buf addr 0x4004000000/0x402408e000 count 6
[12:01:08][7273eb5a9391][21:21][DBG][XCCL][helper.cpp:301] all_reduce: ctx=0x55f6e31f7fe0, seq_id=544, rank=0, nranks=2, dev=0, send=0x4004000000, recv=0x4004000000, cnt=67108864, root=-1, peer=-1, stream=0x55f6e2f0b3e0, data=float, op=sum, group=0, num_host=1, algo=ring
[12:01:08][7273eb5a9391][21:163][DBG][XCCL][kl3_all_reduce.cpp:46] func traced: [all_reduce] xlink_ring_all_reduce_single_node
[12:01:08][7273eb5a9391][21:163][DBG][XCCL][kl3_all_reduce.cpp:94] send buf addr 0x4004000000/0x402408e000 count 6
[12:01:08][7273eb5a9391][21:21][DBG][XCCL][helper.cpp:301] all_reduce: ctx=0x55f6e31f7fe0, seq_id=545, rank=0, nranks=2, dev=0, send=0x4004000000, recv=0x4004000000, cnt=67108864, root=-1, peer=-1, stream=0x55f6e2f0b3e0, data=float, op=sum, group=0, num_host=1, algo=ring
[12:01:08][7273eb5a9391][21:163][DBG][XCCL][kl3_all_reduce.cpp:46] func traced: [all_reduce] xlink_ring_all_reduce_single_node
[12:01:08][7273eb5a9391][21:163][DBG][XCCL][kl3_all_reduce.cpp:94] send buf addr 0x4004000000/0x402408e000 count 6
[12:01:08][7273eb5a9391][21:21][DBG][XCCL][helper.cpp:301] all_reduce: ctx=0x55f6e31f7fe0, seq_id=546, rank=0, nranks=2, dev=0, send=0x4004000000, recv=0x4004000000, cnt=67108864, root=-1, peer=-1, stream=0x55f6e2f0b3e0, data=float, op=sum, group=0, num_host=1, algo=ring
[12:01:08][7273eb5a9391][21:163][DBG][XCCL][kl3_all_reduce.cpp:46] func traced: [all_reduce] xlink_ring_all_reduce_single_node
[12:01:08][7273eb5a9391][21:163][DBG][XCCL][kl3_all_reduce.cpp:94] send buf addr 0x4004000000/0x402408e000 count 6
[12:01:08][7273eb5a9391][21:21][DBG][XCCL][helper.cpp:301] all_reduce: ctx=0x55f6e31f7fe0, seq_id=547, rank=0, nranks=2, dev=0, send=0x4004000000, recv=0x4004000000, cnt=67108864, root=-1, peer=-1, stream=0x55f6e2f0b3e0, data=float, op=sum, group=0, num_host=1, algo=ring
[12:01:08][7273eb5a9391][21:163][DBG][XCCL][kl3_all_reduce.cpp:46] func traced: [all_reduce] xlink_ring_all_reduce_single_node
[12:01:08][7273eb5a9391][21:163][DBG][XCCL][kl3_all_reduce.cpp:94] send buf addr 0x4004000000/0x402408e000 count 6
[12:01:08][7273eb5a9391][21:21][DBG][XCCL][helper.cpp:301] all_reduce: ctx=0x55f6e31f7fe0, seq_id=548, rank=0, nranks=2, dev=0, send=0x4004000000, recv=0x4004000000, cnt=67108864, root=-1, peer=-1, stream=0x55f6e2f0b3e0, data=float, op=sum, group=0, num_host=1, algo=ring
[12:01:08][7273eb5a9391][21:163][DBG][XCCL][kl3_all_reduce.cpp:46] func traced: [all_reduce] xlink_ring_all_reduce_single_node
[12:01:08][7273eb5a9391][21:163][DBG][XCCL][kl3_all_reduce.cpp:94] send buf addr 0x4004000000/0x402408e000 count 6
[12:01:08][7273eb5a9391][21:21][DBG][XCCL][helper.cpp:301] all_reduce: ctx=0x55f6e31f7fe0, seq_id=549, rank=0, nranks=2, dev=0, send=0x4004000000, recv=0x4004000000, cnt=67108864, root=-1, peer=-1, stream=0x55f6e2f0b3e0, data=float, op=sum, group=0, num_host=1, algo=ring
[12:01:08][7273eb5a9391][21:163][DBG][XCCL][kl3_all_reduce.cpp:46] func traced: [all_reduce] xlink_ring_all_reduce_single_node
[12:01:08][7273eb5a9391][21:163][DBG][XCCL][kl3_all_reduce.cpp:94] send buf addr 0x4004000000/0x402408e000 count 6
[12:01:08][7273eb5a9391][21:21][DBG][XCCL][helper.cpp:301] all_reduce: ctx=0x55f6e31f7fe0, seq_id=550, rank=0, nranks=2, dev=0, send=0x4004000000, recv=0x4004000000, cnt=67108864, root=-1, peer=-1, stream=0x55f6e2f0b3e0, data=float, op=sum, group=0, num_host=1, algo=ring
[12:01:08][7273eb5a9391][21:163][DBG][XCCL][kl3_all_reduce.cpp:46] func traced: [all_reduce] xlink_ring_all_reduce_single_node
[12:01:08][7273eb5a9391][21:163][DBG][XCCL][kl3_all_reduce.cpp:94] send buf addr 0x4004000000/0x402408e000 count 6
[12:01:08][7273eb5a9391][21:21][DBG][XCCL][helper.cpp:301] all_reduce: ctx=0x55f6e31f7fe0, seq_id=551, rank=0, nranks=2, dev=0, send=0x4004000000, recv=0x4004000000, cnt=67108864, root=-1, peer=-1, stream=0x55f6e2f0b3e0, data=float, op=sum, group=0, num_host=1, algo=ring
[12:01:08][7273eb5a9391][21:163][DBG][XCCL][kl3_all_reduce.cpp:46] func traced: [all_reduce] xlink_ring_all_reduce_single_node
[12:01:08][7273eb5a9391][21:163][DBG][XCCL][kl3_all_reduce.cpp:94] send buf addr 0x4004000000/0x402408e000 count 6
[12:01:08][7273eb5a9391][21:21][DBG][XCCL][helper.cpp:301] all_reduce: ctx=0x55f6e31f7fe0, seq_id=552, rank=0, nranks=2, dev=0, send=0x4004000000, recv=0x4004000000, cnt=67108864, root=-1, peer=-1, stream=0x55f6e2f0b3e0, data=float, op=sum, group=0, num_host=1, algo=ring
[12:01:08][7273eb5a9391][21:163][DBG][XCCL][kl3_all_reduce.cpp:46] func traced: [all_reduce] xlink_ring_all_reduce_single_node
[12:01:08][7273eb5a9391][21:163][DBG][XCCL][kl3_all_reduce.cpp:94] send buf addr 0x4004000000/0x402408e000 count 6
[12:01:08][7273eb5a9391][21:21][DBG][XCCL][helper.cpp:301] all_reduce: ctx=0x55f6e31f7fe0, seq_id=553, rank=0, nranks=2, dev=0, send=0x4004000000, recv=0x4004000000, cnt=67108864, root=-1, peer=-1, stream=0x55f6e2f0b3e0, data=float, op=sum, group=0, num_host=1, algo=ring
[12:01:08][7273eb5a9391][21:163][DBG][XCCL][kl3_all_reduce.cpp:46] func traced: [all_reduce] xlink_ring_all_reduce_single_node
[12:01:08][7273eb5a9391][21:163][DBG][XCCL][kl3_all_reduce.cpp:94] send buf addr 0x4004000000/0x402408e000 count 6
[12:01:08][7273eb5a9391][21:21][DBG][XCCL][helper.cpp:301] all_reduce: ctx=0x55f6e31f7fe0, seq_id=554, rank=0, nranks=2, dev=0, send=0x4004000000, recv=0x4004000000, cnt=67108864, root=-1, peer=-1, stream=0x55f6e2f0b3e0, data=float, op=sum, group=0, num_host=1, algo=ring
[12:01:08][7273eb5a9391][21:163][DBG][XCCL][kl3_all_reduce.cpp:46] func traced: [all_reduce] xlink_ring_all_reduce_single_node
[12:01:08][7273eb5a9391][21:163][DBG][XCCL][kl3_all_reduce.cpp:94] send buf addr 0x4004000000/0x402408e000 count 6
[12:01:08][7273eb5a9391][21:21][DBG][XCCL][helper.cpp:301] all_reduce: ctx=0x55f6e31f7fe0, seq_id=555, rank=0, nranks=2, dev=0, send=0x4004000000, recv=0x4004000000, cnt=67108864, root=-1, peer=-1, stream=0x55f6e2f0b3e0, data=float, op=sum, group=0, num_host=1, algo=ring
[12:01:08][7273eb5a9391][21:163][DBG][XCCL][kl3_all_reduce.cpp:46] func traced: [all_reduce] xlink_ring_all_reduce_single_node
[12:01:08][7273eb5a9391][21:163][DBG][XCCL][kl3_all_reduce.cpp:94] send buf addr 0x4004000000/0x402408e000 count 6
[12:01:08][7273eb5a9391][21:21][DBG][XCCL][helper.cpp:301] all_reduce: ctx=0x55f6e31f7fe0, seq_id=556, rank=0, nranks=2, dev=0, send=0x4004000000, recv=0x4004000000, cnt=67108864, root=-1, peer=-1, stream=0x55f6e2f0b3e0, data=float, op=sum, group=0, num_host=1, algo=ring
[12:01:08][7273eb5a9391][21:163][DBG][XCCL][kl3_all_reduce.cpp:46] func traced: [all_reduce] xlink_ring_all_reduce_single_node
[12:01:08][7273eb5a9391][21:163][DBG][XCCL][kl3_all_reduce.cpp:94] send buf addr 0x4004000000/0x402408e000 count 6
[12:01:08][7273eb5a9391][21:21][DBG][XCCL][helper.cpp:301] all_reduce: ctx=0x55f6e31f7fe0, seq_id=557, rank=0, nranks=2, dev=0, send=0x4004000000, recv=0x4004000000, cnt=67108864, root=-1, peer=-1, stream=0x55f6e2f0b3e0, data=float, op=sum, group=0, num_host=1, algo=ring
[12:01:08][7273eb5a9391][21:163][DBG][XCCL][kl3_all_reduce.cpp:46] func traced: [all_reduce] xlink_ring_all_reduce_single_node
[12:01:08][7273eb5a9391][21:163][DBG][XCCL][kl3_all_reduce.cpp:94] send buf addr 0x4004000000/0x402408e000 count 6
[12:01:08][7273eb5a9391][21:21][DBG][XCCL][helper.cpp:301] all_reduce: ctx=0x55f6e31f7fe0, seq_id=558, rank=0, nranks=2, dev=0, send=0x4004000000, recv=0x4004000000, cnt=67108864, root=-1, peer=-1, stream=0x55f6e2f0b3e0, data=float, op=sum, group=0, num_host=1, algo=ring
[12:01:08][7273eb5a9391][21:163][DBG][XCCL][kl3_all_reduce.cpp:46] func traced: [all_reduce] xlink_ring_all_reduce_single_node
[12:01:08][7273eb5a9391][21:163][DBG][XCCL][kl3_all_reduce.cpp:94] send buf addr 0x4004000000/0x402408e000 count 6
[12:01:08][7273eb5a9391][21:21][DBG][XCCL][helper.cpp:301] all_reduce: ctx=0x55f6e31f7fe0, seq_id=559, rank=0, nranks=2, dev=0, send=0x4004000000, recv=0x4004000000, cnt=67108864, root=-1, peer=-1, stream=0x55f6e2f0b3e0, data=float, op=sum, group=0, num_host=1, algo=ring
[12:01:08][7273eb5a9391][21:163][DBG][XCCL][kl3_all_reduce.cpp:46] func traced: [all_reduce] xlink_ring_all_reduce_single_node
[12:01:08][7273eb5a9391][21:163][DBG][XCCL][kl3_all_reduce.cpp:94] send buf addr 0x4004000000/0x402408e000 count 6
[12:01:08][7273eb5a9391][21:21][DBG][XCCL][helper.cpp:301] all_reduce: ctx=0x55f6e31f7fe0, seq_id=560, rank=0, nranks=2, dev=0, send=0x4004000000, recv=0x4004000000, cnt=67108864, root=-1, peer=-1, stream=0x55f6e2f0b3e0, data=float, op=sum, group=0, num_host=1, algo=ring
[12:01:08][7273eb5a9391][21:163][DBG][XCCL][kl3_all_reduce.cpp:46] func traced: [all_reduce] xlink_ring_all_reduce_single_node
[12:01:08][7273eb5a9391][21:163][DBG][XCCL][kl3_all_reduce.cpp:94] send buf addr 0x4004000000/0x402408e000 count 6
[12:01:08][7273eb5a9391][21:21][DBG][XCCL][helper.cpp:301] all_reduce: ctx=0x55f6e31f7fe0, seq_id=561, rank=0, nranks=2, dev=0, send=0x4004000000, recv=0x4004000000, cnt=67108864, root=-1, peer=-1, stream=0x55f6e2f0b3e0, data=float, op=sum, group=0, num_host=1, algo=ring
[12:01:08][7273eb5a9391][21:163][DBG][XCCL][kl3_all_reduce.cpp:46] func traced: [all_reduce] xlink_ring_all_reduce_single_node
[12:01:08][7273eb5a9391][21:163][DBG][XCCL][kl3_all_reduce.cpp:94] send buf addr 0x4004000000/0x402408e000 count 6
[12:01:08][7273eb5a9391][21:21][DBG][XCCL][helper.cpp:301] all_reduce: ctx=0x55f6e31f7fe0, seq_id=562, rank=0, nranks=2, dev=0, send=0x4004000000, recv=0x4004000000, cnt=67108864, root=-1, peer=-1, stream=0x55f6e2f0b3e0, data=float, op=sum, group=0, num_host=1, algo=ring
[12:01:08][7273eb5a9391][21:163][DBG][XCCL][kl3_all_reduce.cpp:46] func traced: [all_reduce] xlink_ring_all_reduce_single_node
[12:01:08][7273eb5a9391][21:163][DBG][XCCL][kl3_all_reduce.cpp:94] send buf addr 0x4004000000/0x402408e000 count 6
[12:01:08][7273eb5a9391][21:21][DBG][XCCL][helper.cpp:301] all_reduce: ctx=0x55f6e31f7fe0, seq_id=563, rank=0, nranks=2, dev=0, send=0x4004000000, recv=0x4004000000, cnt=67108864, root=-1, peer=-1, stream=0x55f6e2f0b3e0, data=float, op=sum, group=0, num_host=1, algo=ring
[12:01:08][7273eb5a9391][21:163][DBG][XCCL][kl3_all_reduce.cpp:46] func traced: [all_reduce] xlink_ring_all_reduce_single_node
[12:01:08][7273eb5a9391][21:163][DBG][XCCL][kl3_all_reduce.cpp:94] send buf addr 0x4004000000/0x402408e000 count 6
[12:01:08][7273eb5a9391][21:21][DBG][XCCL][helper.cpp:301] all_reduce: ctx=0x55f6e31f7fe0, seq_id=564, rank=0, nranks=2, dev=0, send=0x4004000000, recv=0x4004000000, cnt=67108864, root=-1, peer=-1, stream=0x55f6e2f0b3e0, data=float, op=sum, group=0, num_host=1, algo=ring
[12:01:08][7273eb5a9391][21:163][DBG][XCCL][kl3_all_reduce.cpp:46] func traced: [all_reduce] xlink_ring_all_reduce_single_node
[12:01:08][7273eb5a9391][21:163][DBG][XCCL][kl3_all_reduce.cpp:94] send buf addr 0x4004000000/0x402408e000 count 6
[12:01:08][7273eb5a9391][21:21][DBG][XCCL][helper.cpp:301] all_reduce: ctx=0x55f6e31f7fe0, seq_id=565, rank=0, nranks=2, dev=0, send=0x4004000000, recv=0x4004000000, cnt=67108864, root=-1, peer=-1, stream=0x55f6e2f0b3e0, data=float, op=sum, group=0, num_host=1, algo=ring
[12:01:08][7273eb5a9391][21:163][DBG][XCCL][kl3_all_reduce.cpp:46] func traced: [all_reduce] xlink_ring_all_reduce_single_node
[12:01:08][7273eb5a9391][21:163][DBG][XCCL][kl3_all_reduce.cpp:94] send buf addr 0x4004000000/0x402408e000 count 6
[12:01:08][7273eb5a9391][21:21][DBG][XCCL][helper.cpp:301] all_reduce: ctx=0x55f6e31f7fe0, seq_id=566, rank=0, nranks=2, dev=0, send=0x4004000000, recv=0x4004000000, cnt=67108864, root=-1, peer=-1, stream=0x55f6e2f0b3e0, data=float, op=sum, group=0, num_host=1, algo=ring
[12:01:08][7273eb5a9391][21:163][DBG][XCCL][kl3_all_reduce.cpp:46] func traced: [all_reduce] xlink_ring_all_reduce_single_node
[12:01:08][7273eb5a9391][21:163][DBG][XCCL][kl3_all_reduce.cpp:94] send buf addr 0x4004000000/0x402408e000 count 6
[12:01:08][7273eb5a9391][21:21][DBG][XCCL][helper.cpp:301] all_reduce: ctx=0x55f6e31f7fe0, seq_id=567, rank=0, nranks=2, dev=0, send=0x4004000000, recv=0x4004000000, cnt=67108864, root=-1, peer=-1, stream=0x55f6e2f0b3e0, data=float, op=sum, group=0, num_host=1, algo=ring
[12:01:08][7273eb5a9391][21:163][DBG][XCCL][kl3_all_reduce.cpp:46] func traced: [all_reduce] xlink_ring_all_reduce_single_node
[12:01:08][7273eb5a9391][21:163][DBG][XCCL][kl3_all_reduce.cpp:94] send buf addr 0x4004000000/0x402408e000 count 6
[12:01:08][7273eb5a9391][21:21][DBG][XCCL][helper.cpp:301] all_reduce: ctx=0x55f6e31f7fe0, seq_id=568, rank=0, nranks=2, dev=0, send=0x4004000000, recv=0x4004000000, cnt=67108864, root=-1, peer=-1, stream=0x55f6e2f0b3e0, data=float, op=sum, group=0, num_host=1, algo=ring
[12:01:08][7273eb5a9391][21:163][DBG][XCCL][kl3_all_reduce.cpp:46] func traced: [all_reduce] xlink_ring_all_reduce_single_node
[12:01:08][7273eb5a9391][21:163][DBG][XCCL][kl3_all_reduce.cpp:94] send buf addr 0x4004000000/0x402408e000 count 6
[12:01:08][7273eb5a9391][21:21][DBG][XCCL][helper.cpp:301] all_reduce: ctx=0x55f6e31f7fe0, seq_id=569, rank=0, nranks=2, dev=0, send=0x4004000000, recv=0x4004000000, cnt=67108864, root=-1, peer=-1, stream=0x55f6e2f0b3e0, data=float, op=sum, group=0, num_host=1, algo=ring
[12:01:08][7273eb5a9391][21:163][DBG][XCCL][kl3_all_reduce.cpp:46] func traced: [all_reduce] xlink_ring_all_reduce_single_node
[12:01:08][7273eb5a9391][21:163][DBG][XCCL][kl3_all_reduce.cpp:94] send buf addr 0x4004000000/0x402408e000 count 6
[12:01:08][7273eb5a9391][21:21][DBG][XCCL][helper.cpp:301] all_reduce: ctx=0x55f6e31f7fe0, seq_id=570, rank=0, nranks=2, dev=0, send=0x4004000000, recv=0x4004000000, cnt=67108864, root=-1, peer=-1, stream=0x55f6e2f0b3e0, data=float, op=sum, group=0, num_host=1, algo=ring
[12:01:08][7273eb5a9391][21:163][DBG][XCCL][kl3_all_reduce.cpp:46] func traced: [all_reduce] xlink_ring_all_reduce_single_node
[12:01:08][7273eb5a9391][21:163][DBG][XCCL][kl3_all_reduce.cpp:94] send buf addr 0x4004000000/0x402408e000 count 6
[12:01:08][7273eb5a9391][21:21][DBG][XCCL][helper.cpp:301] all_reduce: ctx=0x55f6e31f7fe0, seq_id=571, rank=0, nranks=2, dev=0, send=0x4004000000, recv=0x4004000000, cnt=67108864, root=-1, peer=-1, stream=0x55f6e2f0b3e0, data=float, op=sum, group=0, num_host=1, algo=ring
[12:01:08][7273eb5a9391][21:163][DBG][XCCL][kl3_all_reduce.cpp:46] func traced: [all_reduce] xlink_ring_all_reduce_single_node
[12:01:08][7273eb5a9391][21:163][DBG][XCCL][kl3_all_reduce.cpp:94] send buf addr 0x4004000000/0x402408e000 count 6
[12:01:08][7273eb5a9391][21:21][DBG][XCCL][helper.cpp:301] all_reduce: ctx=0x55f6e31f7fe0, seq_id=572, rank=0, nranks=2, dev=0, send=0x4004000000, recv=0x4004000000, cnt=67108864, root=-1, peer=-1, stream=0x55f6e2f0b3e0, data=float, op=sum, group=0, num_host=1, algo=ring
[12:01:08][7273eb5a9391][21:163][DBG][XCCL][kl3_all_reduce.cpp:46] func traced: [all_reduce] xlink_ring_all_reduce_single_node
[12:01:08][7273eb5a9391][21:163][DBG][XCCL][kl3_all_reduce.cpp:94] send buf addr 0x4004000000/0x402408e000 count 6
[12:01:08][7273eb5a9391][21:21][DBG][XCCL][helper.cpp:301] all_reduce: ctx=0x55f6e31f7fe0, seq_id=573, rank=0, nranks=2, dev=0, send=0x4004000000, recv=0x4004000000, cnt=67108864, root=-1, peer=-1, stream=0x55f6e2f0b3e0, data=float, op=sum, group=0, num_host=1, algo=ring
[12:01:08][7273eb5a9391][21:163][DBG][XCCL][kl3_all_reduce.cpp:46] func traced: [all_reduce] xlink_ring_all_reduce_single_node
[12:01:08][7273eb5a9391][21:163][DBG][XCCL][kl3_all_reduce.cpp:94] send buf addr 0x4004000000/0x402408e000 count 6
[12:01:08][7273eb5a9391][21:21][DBG][XCCL][helper.cpp:301] all_reduce: ctx=0x55f6e31f7fe0, seq_id=574, rank=0, nranks=2, dev=0, send=0x4004000000, recv=0x4004000000, cnt=67108864, root=-1, peer=-1, stream=0x55f6e2f0b3e0, data=float, op=sum, group=0, num_host=1, algo=ring
[12:01:08][7273eb5a9391][21:163][DBG][XCCL][kl3_all_reduce.cpp:46] func traced: [all_reduce] xlink_ring_all_reduce_single_node
[12:01:08][7273eb5a9391][21:163][DBG][XCCL][kl3_all_reduce.cpp:94] send buf addr 0x4004000000/0x402408e000 count 6
[12:01:08][7273eb5a9391][21:21][DBG][XCCL][helper.cpp:301] all_reduce: ctx=0x55f6e31f7fe0, seq_id=575, rank=0, nranks=2, dev=0, send=0x4004000000, recv=0x4004000000, cnt=67108864, root=-1, peer=-1, stream=0x55f6e2f0b3e0, data=float, op=sum, group=0, num_host=1, algo=ring
[12:01:08][7273eb5a9391][21:163][DBG][XCCL][kl3_all_reduce.cpp:46] func traced: [all_reduce] xlink_ring_all_reduce_single_node
[12:01:08][7273eb5a9391][21:163][DBG][XCCL][kl3_all_reduce.cpp:94] send buf addr 0x4004000000/0x402408e000 count 6
[12:01:08][7273eb5a9391][21:21][DBG][XCCL][helper.cpp:301] all_reduce: ctx=0x55f6e31f7fe0, seq_id=576, rank=0, nranks=2, dev=0, send=0x4004000000, recv=0x4004000000, cnt=67108864, root=-1, peer=-1, stream=0x55f6e2f0b3e0, data=float, op=sum, group=0, num_host=1, algo=ring
[12:01:08][7273eb5a9391][21:163][DBG][XCCL][kl3_all_reduce.cpp:46] func traced: [all_reduce] xlink_ring_all_reduce_single_node
[12:01:08][7273eb5a9391][21:163][DBG][XCCL][kl3_all_reduce.cpp:94] send buf addr 0x4004000000/0x402408e000 count 6
[12:01:08][7273eb5a9391][21:21][DBG][XCCL][helper.cpp:301] all_reduce: ctx=0x55f6e31f7fe0, seq_id=577, rank=0, nranks=2, dev=0, send=0x4004000000, recv=0x4004000000, cnt=67108864, root=-1, peer=-1, stream=0x55f6e2f0b3e0, data=float, op=sum, group=0, num_host=1, algo=ring
[12:01:08][7273eb5a9391][21:163][DBG][XCCL][kl3_all_reduce.cpp:46] func traced: [all_reduce] xlink_ring_all_reduce_single_node
[12:01:08][7273eb5a9391][21:163][DBG][XCCL][kl3_all_reduce.cpp:94] send buf addr 0x4004000000/0x402408e000 count 6
[12:01:08][7273eb5a9391][21:21][DBG][XCCL][helper.cpp:301] all_reduce: ctx=0x55f6e31f7fe0, seq_id=578, rank=0, nranks=2, dev=0, send=0x4004000000, recv=0x4004000000, cnt=67108864, root=-1, peer=-1, stream=0x55f6e2f0b3e0, data=float, op=sum, group=0, num_host=1, algo=ring
[12:01:08][7273eb5a9391][21:163][DBG][XCCL][kl3_all_reduce.cpp:46] func traced: [all_reduce] xlink_ring_all_reduce_single_node
[12:01:08][7273eb5a9391][21:163][DBG][XCCL][kl3_all_reduce.cpp:94] send buf addr 0x4004000000/0x402408e000 count 6
[12:01:08][7273eb5a9391][21:21][DBG][XCCL][helper.cpp:301] all_reduce: ctx=0x55f6e31f7fe0, seq_id=579, rank=0, nranks=2, dev=0, send=0x4004000000, recv=0x4004000000, cnt=67108864, root=-1, peer=-1, stream=0x55f6e2f0b3e0, data=float, op=sum, group=0, num_host=1, algo=ring
[12:01:08][7273eb5a9391][21:163][DBG][XCCL][kl3_all_reduce.cpp:46] func traced: [all_reduce] xlink_ring_all_reduce_single_node
[12:01:08][7273eb5a9391][21:163][DBG][XCCL][kl3_all_reduce.cpp:94] send buf addr 0x4004000000/0x402408e000 count 6
[12:01:08][7273eb5a9391][21:21][DBG][XCCL][helper.cpp:301] all_reduce: ctx=0x55f6e31f7fe0, seq_id=580, rank=0, nranks=2, dev=0, send=0x4004000000, recv=0x4004000000, cnt=67108864, root=-1, peer=-1, stream=0x55f6e2f0b3e0, data=float, op=sum, group=0, num_host=1, algo=ring
[12:01:08][7273eb5a9391][21:163][DBG][XCCL][kl3_all_reduce.cpp:46] func traced: [all_reduce] xlink_ring_all_reduce_single_node
[12:01:08][7273eb5a9391][21:163][DBG][XCCL][kl3_all_reduce.cpp:94] send buf addr 0x4004000000/0x402408e000 count 6
[12:01:08][7273eb5a9391][21:21][DBG][XCCL][helper.cpp:301] all_reduce: ctx=0x55f6e31f7fe0, seq_id=581, rank=0, nranks=2, dev=0, send=0x4004000000, recv=0x4004000000, cnt=67108864, root=-1, peer=-1, stream=0x55f6e2f0b3e0, data=float, op=sum, group=0, num_host=1, algo=ring
[12:01:08][7273eb5a9391][21:163][DBG][XCCL][kl3_all_reduce.cpp:46] func traced: [all_reduce] xlink_ring_all_reduce_single_node
[12:01:08][7273eb5a9391][21:163][DBG][XCCL][kl3_all_reduce.cpp:94] send buf addr 0x4004000000/0x402408e000 count 6
[12:01:08][7273eb5a9391][21:21][DBG][XCCL][helper.cpp:301] all_reduce: ctx=0x55f6e31f7fe0, seq_id=582, rank=0, nranks=2, dev=0, send=0x4004000000, recv=0x4004000000, cnt=67108864, root=-1, peer=-1, stream=0x55f6e2f0b3e0, data=float, op=sum, group=0, num_host=1, algo=ring
[12:01:08][7273eb5a9391][21:163][DBG][XCCL][kl3_all_reduce.cpp:46] func traced: [all_reduce] xlink_ring_all_reduce_single_node
[12:01:08][7273eb5a9391][21:163][DBG][XCCL][kl3_all_reduce.cpp:94] send buf addr 0x4004000000/0x402408e000 count 6
[12:01:08][7273eb5a9391][21:21][DBG][XCCL][helper.cpp:301] all_reduce: ctx=0x55f6e31f7fe0, seq_id=583, rank=0, nranks=2, dev=0, send=0x4004000000, recv=0x4004000000, cnt=67108864, root=-1, peer=-1, stream=0x55f6e2f0b3e0, data=float, op=sum, group=0, num_host=1, algo=ring
[12:01:08][7273eb5a9391][21:163][DBG][XCCL][kl3_all_reduce.cpp:46] func traced: [all_reduce] xlink_ring_all_reduce_single_node
[12:01:08][7273eb5a9391][21:163][DBG][XCCL][kl3_all_reduce.cpp:94] send buf addr 0x4004000000/0x402408e000 count 6
[12:01:08][7273eb5a9391][21:21][DBG][XCCL][helper.cpp:301] all_reduce: ctx=0x55f6e31f7fe0, seq_id=584, rank=0, nranks=2, dev=0, send=0x4004000000, recv=0x4004000000, cnt=67108864, root=-1, peer=-1, stream=0x55f6e2f0b3e0, data=float, op=sum, group=0, num_host=1, algo=ring
[12:01:08][7273eb5a9391][21:163][DBG][XCCL][kl3_all_reduce.cpp:46] func traced: [all_reduce] xlink_ring_all_reduce_single_node
[12:01:08][7273eb5a9391][21:163][DBG][XCCL][kl3_all_reduce.cpp:94] send buf addr 0x4004000000/0x402408e000 count 6
[12:01:08][7273eb5a9391][21:21][DBG][XCCL][helper.cpp:301] all_reduce: ctx=0x55f6e31f7fe0, seq_id=585, rank=0, nranks=2, dev=0, send=0x4004000000, recv=0x4004000000, cnt=67108864, root=-1, peer=-1, stream=0x55f6e2f0b3e0, data=float, op=sum, group=0, num_host=1, algo=ring
[12:01:08][7273eb5a9391][21:163][DBG][XCCL][kl3_all_reduce.cpp:46] func traced: [all_reduce] xlink_ring_all_reduce_single_node
[12:01:08][7273eb5a9391][21:163][DBG][XCCL][kl3_all_reduce.cpp:94] send buf addr 0x4004000000/0x402408e000 count 6
[12:01:08][7273eb5a9391][21:21][DBG][XCCL][helper.cpp:301] all_reduce: ctx=0x55f6e31f7fe0, seq_id=586, rank=0, nranks=2, dev=0, send=0x4004000000, recv=0x4004000000, cnt=67108864, root=-1, peer=-1, stream=0x55f6e2f0b3e0, data=float, op=sum, group=0, num_host=1, algo=ring
[12:01:08][7273eb5a9391][21:163][DBG][XCCL][kl3_all_reduce.cpp:46] func traced: [all_reduce] xlink_ring_all_reduce_single_node
[12:01:08][7273eb5a9391][21:163][DBG][XCCL][kl3_all_reduce.cpp:94] send buf addr 0x4004000000/0x402408e000 count 6
[12:01:08][7273eb5a9391][21:21][DBG][XCCL][helper.cpp:301] all_reduce: ctx=0x55f6e31f7fe0, seq_id=587, rank=0, nranks=2, dev=0, send=0x4004000000, recv=0x4004000000, cnt=67108864, root=-1, peer=-1, stream=0x55f6e2f0b3e0, data=float, op=sum, group=0, num_host=1, algo=ring
[12:01:08][7273eb5a9391][21:163][DBG][XCCL][kl3_all_reduce.cpp:46] func traced: [all_reduce] xlink_ring_all_reduce_single_node
[12:01:08][7273eb5a9391][21:163][DBG][XCCL][kl3_all_reduce.cpp:94] send buf addr 0x4004000000/0x402408e000 count 6
[12:01:08][7273eb5a9391][21:21][DBG][XCCL][helper.cpp:301] all_reduce: ctx=0x55f6e31f7fe0, seq_id=588, rank=0, nranks=2, dev=0, send=0x4004000000, recv=0x4004000000, cnt=67108864, root=-1, peer=-1, stream=0x55f6e2f0b3e0, data=float, op=sum, group=0, num_host=1, algo=ring
[12:01:08][7273eb5a9391][21:163][DBG][XCCL][kl3_all_reduce.cpp:46] func traced: [all_reduce] xlink_ring_all_reduce_single_node
[12:01:08][7273eb5a9391][21:163][DBG][XCCL][kl3_all_reduce.cpp:94] send buf addr 0x4004000000/0x402408e000 count 6
[12:01:08][7273eb5a9391][21:21][DBG][XCCL][helper.cpp:301] all_reduce: ctx=0x55f6e31f7fe0, seq_id=589, rank=0, nranks=2, dev=0, send=0x4004000000, recv=0x4004000000, cnt=67108864, root=-1, peer=-1, stream=0x55f6e2f0b3e0, data=float, op=sum, group=0, num_host=1, algo=ring
[12:01:08][7273eb5a9391][21:163][DBG][XCCL][kl3_all_reduce.cpp:46] func traced: [all_reduce] xlink_ring_all_reduce_single_node
[12:01:08][7273eb5a9391][21:163][DBG][XCCL][kl3_all_reduce.cpp:94] send buf addr 0x4004000000/0x402408e000 count 6
[12:01:08][7273eb5a9391][21:21][DBG][XCCL][helper.cpp:301] all_reduce: ctx=0x55f6e31f7fe0, seq_id=590, rank=0, nranks=2, dev=0, send=0x4004000000, recv=0x4004000000, cnt=67108864, root=-1, peer=-1, stream=0x55f6e2f0b3e0, data=float, op=sum, group=0, num_host=1, algo=ring
[12:01:08][7273eb5a9391][21:163][DBG][XCCL][kl3_all_reduce.cpp:46] func traced: [all_reduce] xlink_ring_all_reduce_single_node
[12:01:08][7273eb5a9391][21:163][DBG][XCCL][kl3_all_reduce.cpp:94] send buf addr 0x4004000000/0x402408e000 count 6
[12:01:08][7273eb5a9391][21:21][DBG][XCCL][helper.cpp:301] all_reduce: ctx=0x55f6e31f7fe0, seq_id=591, rank=0, nranks=2, dev=0, send=0x4004000000, recv=0x4004000000, cnt=67108864, root=-1, peer=-1, stream=0x55f6e2f0b3e0, data=float, op=sum, group=0, num_host=1, algo=ring
[12:01:08][7273eb5a9391][21:163][DBG][XCCL][kl3_all_reduce.cpp:46] func traced: [all_reduce] xlink_ring_all_reduce_single_node
[12:01:08][7273eb5a9391][21:163][DBG][XCCL][kl3_all_reduce.cpp:94] send buf addr 0x4004000000/0x402408e000 count 6
[12:01:08][7273eb5a9391][21:21][DBG][XCCL][helper.cpp:301] all_reduce: ctx=0x55f6e31f7fe0, seq_id=592, rank=0, nranks=2, dev=0, send=0x4004000000, recv=0x4004000000, cnt=67108864, root=-1, peer=-1, stream=0x55f6e2f0b3e0, data=float, op=sum, group=0, num_host=1, algo=ring
[12:01:08][7273eb5a9391][21:163][DBG][XCCL][kl3_all_reduce.cpp:46] func traced: [all_reduce] xlink_ring_all_reduce_single_node
[12:01:08][7273eb5a9391][21:163][DBG][XCCL][kl3_all_reduce.cpp:94] send buf addr 0x4004000000/0x402408e000 count 6
[12:01:08][7273eb5a9391][21:21][DBG][XCCL][helper.cpp:301] all_reduce: ctx=0x55f6e31f7fe0, seq_id=593, rank=0, nranks=2, dev=0, send=0x4004000000, recv=0x4004000000, cnt=67108864, root=-1, peer=-1, stream=0x55f6e2f0b3e0, data=float, op=sum, group=0, num_host=1, algo=ring
[12:01:08][7273eb5a9391][21:163][DBG][XCCL][kl3_all_reduce.cpp:46] func traced: [all_reduce] xlink_ring_all_reduce_single_node
[12:01:08][7273eb5a9391][21:163][DBG][XCCL][kl3_all_reduce.cpp:94] send buf addr 0x4004000000/0x402408e000 count 6
[12:01:08][7273eb5a9391][21:21][DBG][XCCL][helper.cpp:301] all_reduce: ctx=0x55f6e31f7fe0, seq_id=594, rank=0, nranks=2, dev=0, send=0x4004000000, recv=0x4004000000, cnt=67108864, root=-1, peer=-1, stream=0x55f6e2f0b3e0, data=float, op=sum, group=0, num_host=1, algo=ring
[12:01:08][7273eb5a9391][21:163][DBG][XCCL][kl3_all_reduce.cpp:46] func traced: [all_reduce] xlink_ring_all_reduce_single_node
[12:01:08][7273eb5a9391][21:163][DBG][XCCL][kl3_all_reduce.cpp:94] send buf addr 0x4004000000/0x402408e000 count 6
[12:01:08][7273eb5a9391][21:21][DBG][XCCL][helper.cpp:301] all_reduce: ctx=0x55f6e31f7fe0, seq_id=595, rank=0, nranks=2, dev=0, send=0x4004000000, recv=0x4004000000, cnt=67108864, root=-1, peer=-1, stream=0x55f6e2f0b3e0, data=float, op=sum, group=0, num_host=1, algo=ring
[12:01:08][7273eb5a9391][21:163][DBG][XCCL][kl3_all_reduce.cpp:46] func traced: [all_reduce] xlink_ring_all_reduce_single_node
[12:01:08][7273eb5a9391][21:163][DBG][XCCL][kl3_all_reduce.cpp:94] send buf addr 0x4004000000/0x402408e000 count 6
[12:01:08][7273eb5a9391][21:21][DBG][XCCL][helper.cpp:301] all_reduce: ctx=0x55f6e31f7fe0, seq_id=596, rank=0, nranks=2, dev=0, send=0x4004000000, recv=0x4004000000, cnt=67108864, root=-1, peer=-1, stream=0x55f6e2f0b3e0, data=float, op=sum, group=0, num_host=1, algo=ring
[12:01:08][7273eb5a9391][21:163][DBG][XCCL][kl3_all_reduce.cpp:46] func traced: [all_reduce] xlink_ring_all_reduce_single_node
[12:01:08][7273eb5a9391][21:163][DBG][XCCL][kl3_all_reduce.cpp:94] send buf addr 0x4004000000/0x402408e000 count 6
[12:01:08][7273eb5a9391][21:21][DBG][XCCL][helper.cpp:301] all_reduce: ctx=0x55f6e31f7fe0, seq_id=597, rank=0, nranks=2, dev=0, send=0x4004000000, recv=0x4004000000, cnt=67108864, root=-1, peer=-1, stream=0x55f6e2f0b3e0, data=float, op=sum, group=0, num_host=1, algo=ring
[12:01:08][7273eb5a9391][21:163][DBG][XCCL][kl3_all_reduce.cpp:46] func traced: [all_reduce] xlink_ring_all_reduce_single_node
[12:01:08][7273eb5a9391][21:163][DBG][XCCL][kl3_all_reduce.cpp:94] send buf addr 0x4004000000/0x402408e000 count 6
[12:01:08][7273eb5a9391][21:21][DBG][XCCL][helper.cpp:301] all_reduce: ctx=0x55f6e31f7fe0, seq_id=598, rank=0, nranks=2, dev=0, send=0x4004000000, recv=0x4004000000, cnt=67108864, root=-1, peer=-1, stream=0x55f6e2f0b3e0, data=float, op=sum, group=0, num_host=1, algo=ring
[12:01:08][7273eb5a9391][21:163][DBG][XCCL][kl3_all_reduce.cpp:46] func traced: [all_reduce] xlink_ring_all_reduce_single_node
[12:01:08][7273eb5a9391][21:163][DBG][XCCL][kl3_all_reduce.cpp:94] send buf addr 0x4004000000/0x402408e000 count 6
[12:01:08][7273eb5a9391][21:21][DBG][XCCL][helper.cpp:301] all_reduce: ctx=0x55f6e31f7fe0, seq_id=599, rank=0, nranks=2, dev=0, send=0x4004000000, recv=0x4004000000, cnt=67108864, root=-1, peer=-1, stream=0x55f6e2f0b3e0, data=float, op=sum, group=0, num_host=1, algo=ring
[12:01:08][7273eb5a9391][21:163][DBG][XCCL][kl3_all_reduce.cpp:46] func traced: [all_reduce] xlink_ring_all_reduce_single_node
[12:01:08][7273eb5a9391][21:163][DBG][XCCL][kl3_all_reduce.cpp:94] send buf addr 0x4004000000/0x402408e000 count 6
[12:01:08][7273eb5a9391][21:21][DBG][XCCL][helper.cpp:301] all_reduce: ctx=0x55f6e31f7fe0, seq_id=600, rank=0, nranks=2, dev=0, send=0x4004000000, recv=0x4004000000, cnt=67108864, root=-1, peer=-1, stream=0x55f6e2f0b3e0, data=float, op=sum, group=0, num_host=1, algo=ring
[12:01:08][7273eb5a9391][21:163][DBG][XCCL][kl3_all_reduce.cpp:46] func traced: [all_reduce] xlink_ring_all_reduce_single_node
[12:01:08][7273eb5a9391][21:163][DBG][XCCL][kl3_all_reduce.cpp:94] send buf addr 0x4004000000/0x402408e000 count 6
[12:01:08][7273eb5a9391][21:21][DBG][XCCL][helper.cpp:301] all_reduce: ctx=0x55f6e31f7fe0, seq_id=601, rank=0, nranks=2, dev=0, send=0x4004000000, recv=0x4004000000, cnt=67108864, root=-1, peer=-1, stream=0x55f6e2f0b3e0, data=float, op=sum, group=0, num_host=1, algo=ring
[12:01:08][7273eb5a9391][21:163][DBG][XCCL][kl3_all_reduce.cpp:46] func traced: [all_reduce] xlink_ring_all_reduce_single_node
[12:01:08][7273eb5a9391][21:163][DBG][XCCL][kl3_all_reduce.cpp:94] send buf addr 0x4004000000/0x402408e000 count 6
[12:01:08][7273eb5a9391][21:21][DBG][XCCL][helper.cpp:301] all_reduce: ctx=0x55f6e31f7fe0, seq_id=602, rank=0, nranks=2, dev=0, send=0x4004000000, recv=0x4004000000, cnt=67108864, root=-1, peer=-1, stream=0x55f6e2f0b3e0, data=float, op=sum, group=0, num_host=1, algo=ring
[12:01:08][7273eb5a9391][21:163][DBG][XCCL][kl3_all_reduce.cpp:46] func traced: [all_reduce] xlink_ring_all_reduce_single_node
[12:01:08][7273eb5a9391][21:163][DBG][XCCL][kl3_all_reduce.cpp:94] send buf addr 0x4004000000/0x402408e000 count 6
[12:01:08][7273eb5a9391][21:21][DBG][XCCL][helper.cpp:301] all_reduce: ctx=0x55f6e31f7fe0, seq_id=603, rank=0, nranks=2, dev=0, send=0x4004000000, recv=0x4004000000, cnt=67108864, root=-1, peer=-1, stream=0x55f6e2f0b3e0, data=float, op=sum, group=0, num_host=1, algo=ring
[12:01:08][7273eb5a9391][21:163][DBG][XCCL][kl3_all_reduce.cpp:46] func traced: [all_reduce] xlink_ring_all_reduce_single_node
[12:01:08][7273eb5a9391][21:163][DBG][XCCL][kl3_all_reduce.cpp:94] send buf addr 0x4004000000/0x402408e000 count 6
[12:01:08][7273eb5a9391][21:21][DBG][XCCL][helper.cpp:301] all_reduce: ctx=0x55f6e31f7fe0, seq_id=604, rank=0, nranks=2, dev=0, send=0x4004000000, recv=0x4004000000, cnt=67108864, root=-1, peer=-1, stream=0x55f6e2f0b3e0, data=float, op=sum, group=0, num_host=1, algo=ring
[12:01:08][7273eb5a9391][21:163][DBG][XCCL][kl3_all_reduce.cpp:46] func traced: [all_reduce] xlink_ring_all_reduce_single_node
[12:01:08][7273eb5a9391][21:163][DBG][XCCL][kl3_all_reduce.cpp:94] send buf addr 0x4004000000/0x402408e000 count 6
[12:01:08][7273eb5a9391][21:21][DBG][XCCL][helper.cpp:301] all_reduce: ctx=0x55f6e31f7fe0, seq_id=605, rank=0, nranks=2, dev=0, send=0x4004000000, recv=0x4004000000, cnt=67108864, root=-1, peer=-1, stream=0x55f6e2f0b3e0, data=float, op=sum, group=0, num_host=1, algo=ring
[12:01:08][7273eb5a9391][21:163][DBG][XCCL][kl3_all_reduce.cpp:46] func traced: [all_reduce] xlink_ring_all_reduce_single_node
[12:01:08][7273eb5a9391][21:163][DBG][XCCL][kl3_all_reduce.cpp:94] send buf addr 0x4004000000/0x402408e000 count 6
[12:01:08][7273eb5a9391][21:21][DBG][XCCL][helper.cpp:301] all_reduce: ctx=0x55f6e31f7fe0, seq_id=606, rank=0, nranks=2, dev=0, send=0x4004000000, recv=0x4004000000, cnt=67108864, root=-1, peer=-1, stream=0x55f6e2f0b3e0, data=float, op=sum, group=0, num_host=1, algo=ring
[12:01:08][7273eb5a9391][21:163][DBG][XCCL][kl3_all_reduce.cpp:46] func traced: [all_reduce] xlink_ring_all_reduce_single_node
[12:01:08][7273eb5a9391][21:163][DBG][XCCL][kl3_all_reduce.cpp:94] send buf addr 0x4004000000/0x402408e000 count 6
[12:01:08][7273eb5a9391][21:21][DBG][XCCL][helper.cpp:301] all_reduce: ctx=0x55f6e31f7fe0, seq_id=607, rank=0, nranks=2, dev=0, send=0x4004000000, recv=0x4004000000, cnt=67108864, root=-1, peer=-1, stream=0x55f6e2f0b3e0, data=float, op=sum, group=0, num_host=1, algo=ring
[12:01:08][7273eb5a9391][21:163][DBG][XCCL][kl3_all_reduce.cpp:46] func traced: [all_reduce] xlink_ring_all_reduce_single_node
[12:01:08][7273eb5a9391][21:163][DBG][XCCL][kl3_all_reduce.cpp:94] send buf addr 0x4004000000/0x402408e000 count 6
[12:01:08][7273eb5a9391][21:21][DBG][XCCL][helper.cpp:301] all_reduce: ctx=0x55f6e31f7fe0, seq_id=608, rank=0, nranks=2, dev=0, send=0x4004000000, recv=0x4004000000, cnt=67108864, root=-1, peer=-1, stream=0x55f6e2f0b3e0, data=float, op=sum, group=0, num_host=1, algo=ring
[12:01:08][7273eb5a9391][21:163][DBG][XCCL][kl3_all_reduce.cpp:46] func traced: [all_reduce] xlink_ring_all_reduce_single_node
[12:01:08][7273eb5a9391][21:163][DBG][XCCL][kl3_all_reduce.cpp:94] send buf addr 0x4004000000/0x402408e000 count 6
[12:01:08][7273eb5a9391][21:21][DBG][XCCL][helper.cpp:301] all_reduce: ctx=0x55f6e31f7fe0, seq_id=609, rank=0, nranks=2, dev=0, send=0x4004000000, recv=0x4004000000, cnt=67108864, root=-1, peer=-1, stream=0x55f6e2f0b3e0, data=float, op=sum, group=0, num_host=1, algo=ring
[12:01:08][7273eb5a9391][21:163][DBG][XCCL][kl3_all_reduce.cpp:46] func traced: [all_reduce] xlink_ring_all_reduce_single_node
[12:01:08][7273eb5a9391][21:163][DBG][XCCL][kl3_all_reduce.cpp:94] send buf addr 0x4004000000/0x402408e000 count 6
[12:01:08][7273eb5a9391][21:21][DBG][XCCL][helper.cpp:301] all_reduce: ctx=0x55f6e31f7fe0, seq_id=610, rank=0, nranks=2, dev=0, send=0x4004000000, recv=0x4004000000, cnt=67108864, root=-1, peer=-1, stream=0x55f6e2f0b3e0, data=float, op=sum, group=0, num_host=1, algo=ring
[12:01:08][7273eb5a9391][21:163][DBG][XCCL][kl3_all_reduce.cpp:46] func traced: [all_reduce] xlink_ring_all_reduce_single_node
[12:01:08][7273eb5a9391][21:163][DBG][XCCL][kl3_all_reduce.cpp:94] send buf addr 0x4004000000/0x402408e000 count 6
[12:01:08][7273eb5a9391][21:21][DBG][XCCL][helper.cpp:301] all_reduce: ctx=0x55f6e31f7fe0, seq_id=611, rank=0, nranks=2, dev=0, send=0x4004000000, recv=0x4004000000, cnt=67108864, root=-1, peer=-1, stream=0x55f6e2f0b3e0, data=float, op=sum, group=0, num_host=1, algo=ring
[12:01:08][7273eb5a9391][21:163][DBG][XCCL][kl3_all_reduce.cpp:46] func traced: [all_reduce] xlink_ring_all_reduce_single_node
[12:01:08][7273eb5a9391][21:163][DBG][XCCL][kl3_all_reduce.cpp:94] send buf addr 0x4004000000/0x402408e000 count 6
[12:01:08][7273eb5a9391][21:21][DBG][XCCL][helper.cpp:301] all_reduce: ctx=0x55f6e31f7fe0, seq_id=612, rank=0, nranks=2, dev=0, send=0x4004000000, recv=0x4004000000, cnt=67108864, root=-1, peer=-1, stream=0x55f6e2f0b3e0, data=float, op=sum, group=0, num_host=1, algo=ring
[12:01:08][7273eb5a9391][21:163][DBG][XCCL][kl3_all_reduce.cpp:46] func traced: [all_reduce] xlink_ring_all_reduce_single_node
[12:01:08][7273eb5a9391][21:163][DBG][XCCL][kl3_all_reduce.cpp:94] send buf addr 0x4004000000/0x402408e000 count 6
[12:01:08][7273eb5a9391][21:21][DBG][XCCL][helper.cpp:301] all_reduce: ctx=0x55f6e31f7fe0, seq_id=613, rank=0, nranks=2, dev=0, send=0x4004000000, recv=0x4004000000, cnt=67108864, root=-1, peer=-1, stream=0x55f6e2f0b3e0, data=float, op=sum, group=0, num_host=1, algo=ring
[12:01:08][7273eb5a9391][21:163][DBG][XCCL][kl3_all_reduce.cpp:46] func traced: [all_reduce] xlink_ring_all_reduce_single_node
[12:01:08][7273eb5a9391][21:163][DBG][XCCL][kl3_all_reduce.cpp:94] send buf addr 0x4004000000/0x402408e000 count 6
[12:01:08][7273eb5a9391][21:21][DBG][XCCL][helper.cpp:301] all_reduce: ctx=0x55f6e31f7fe0, seq_id=614, rank=0, nranks=2, dev=0, send=0x4004000000, recv=0x4004000000, cnt=67108864, root=-1, peer=-1, stream=0x55f6e2f0b3e0, data=float, op=sum, group=0, num_host=1, algo=ring
[12:01:08][7273eb5a9391][21:163][DBG][XCCL][kl3_all_reduce.cpp:46] func traced: [all_reduce] xlink_ring_all_reduce_single_node
[12:01:08][7273eb5a9391][21:163][DBG][XCCL][kl3_all_reduce.cpp:94] send buf addr 0x4004000000/0x402408e000 count 6
[12:01:09][7273eb5a9391][21:21][DBG][XCCL][helper.cpp:301] all_reduce: ctx=0x55f6e31f7fe0, seq_id=615, rank=0, nranks=2, dev=0, send=0x4004000000, recv=0x4004000000, cnt=67108864, root=-1, peer=-1, stream=0x55f6e2f0b3e0, data=float, op=sum, group=0, num_host=1, algo=ring
[12:01:09][7273eb5a9391][21:163][DBG][XCCL][kl3_all_reduce.cpp:46] func traced: [all_reduce] xlink_ring_all_reduce_single_node
[12:01:09][7273eb5a9391][21:163][DBG][XCCL][kl3_all_reduce.cpp:94] send buf addr 0x4004000000/0x402408e000 count 6
[12:01:09][7273eb5a9391][21:21][DBG][XCCL][helper.cpp:301] all_reduce: ctx=0x55f6e31f7fe0, seq_id=616, rank=0, nranks=2, dev=0, send=0x4004000000, recv=0x4004000000, cnt=67108864, root=-1, peer=-1, stream=0x55f6e2f0b3e0, data=float, op=sum, group=0, num_host=1, algo=ring
[12:01:09][7273eb5a9391][21:163][DBG][XCCL][kl3_all_reduce.cpp:46] func traced: [all_reduce] xlink_ring_all_reduce_single_node
[12:01:09][7273eb5a9391][21:163][DBG][XCCL][kl3_all_reduce.cpp:94] send buf addr 0x4004000000/0x402408e000 count 6
[12:01:09][7273eb5a9391][21:21][DBG][XCCL][helper.cpp:301] all_reduce: ctx=0x55f6e31f7fe0, seq_id=617, rank=0, nranks=2, dev=0, send=0x4004000000, recv=0x4004000000, cnt=67108864, root=-1, peer=-1, stream=0x55f6e2f0b3e0, data=float, op=sum, group=0, num_host=1, algo=ring
[12:01:09][7273eb5a9391][21:163][DBG][XCCL][kl3_all_reduce.cpp:46] func traced: [all_reduce] xlink_ring_all_reduce_single_node
[12:01:09][7273eb5a9391][21:163][DBG][XCCL][kl3_all_reduce.cpp:94] send buf addr 0x4004000000/0x402408e000 count 6
[12:01:09][7273eb5a9391][21:21][DBG][XCCL][helper.cpp:301] all_reduce: ctx=0x55f6e31f7fe0, seq_id=618, rank=0, nranks=2, dev=0, send=0x4004000000, recv=0x4004000000, cnt=67108864, root=-1, peer=-1, stream=0x55f6e2f0b3e0, data=float, op=sum, group=0, num_host=1, algo=ring
[12:01:09][7273eb5a9391][21:163][DBG][XCCL][kl3_all_reduce.cpp:46] func traced: [all_reduce] xlink_ring_all_reduce_single_node
[12:01:09][7273eb5a9391][21:163][DBG][XCCL][kl3_all_reduce.cpp:94] send buf addr 0x4004000000/0x402408e000 count 6
[12:01:09][7273eb5a9391][21:21][DBG][XCCL][helper.cpp:301] all_reduce: ctx=0x55f6e31f7fe0, seq_id=619, rank=0, nranks=2, dev=0, send=0x4004000000, recv=0x4004000000, cnt=67108864, root=-1, peer=-1, stream=0x55f6e2f0b3e0, data=float, op=sum, group=0, num_host=1, algo=ring
[12:01:09][7273eb5a9391][21:163][DBG][XCCL][kl3_all_reduce.cpp:46] func traced: [all_reduce] xlink_ring_all_reduce_single_node
[12:01:09][7273eb5a9391][21:163][DBG][XCCL][kl3_all_reduce.cpp:94] send buf addr 0x4004000000/0x402408e000 count 6
[12:01:09][7273eb5a9391][21:21][DBG][XCCL][helper.cpp:301] all_reduce: ctx=0x55f6e31f7fe0, seq_id=620, rank=0, nranks=2, dev=0, send=0x4004000000, recv=0x4004000000, cnt=67108864, root=-1, peer=-1, stream=0x55f6e2f0b3e0, data=float, op=sum, group=0, num_host=1, algo=ring
[12:01:09][7273eb5a9391][21:163][DBG][XCCL][kl3_all_reduce.cpp:46] func traced: [all_reduce] xlink_ring_all_reduce_single_node
[12:01:09][7273eb5a9391][21:163][DBG][XCCL][kl3_all_reduce.cpp:94] send buf addr 0x4004000000/0x402408e000 count 6
[12:01:09][7273eb5a9391][21:21][DBG][XCCL][helper.cpp:301] all_reduce: ctx=0x55f6e31f7fe0, seq_id=621, rank=0, nranks=2, dev=0, send=0x4004000000, recv=0x4004000000, cnt=67108864, root=-1, peer=-1, stream=0x55f6e2f0b3e0, data=float, op=sum, group=0, num_host=1, algo=ring
[12:01:09][7273eb5a9391][21:163][DBG][XCCL][kl3_all_reduce.cpp:46] func traced: [all_reduce] xlink_ring_all_reduce_single_node
[12:01:09][7273eb5a9391][21:163][DBG][XCCL][kl3_all_reduce.cpp:94] send buf addr 0x4004000000/0x402408e000 count 6
[12:01:09][7273eb5a9391][21:21][DBG][XCCL][helper.cpp:301] all_reduce: ctx=0x55f6e31f7fe0, seq_id=622, rank=0, nranks=2, dev=0, send=0x4004000000, recv=0x4004000000, cnt=67108864, root=-1, peer=-1, stream=0x55f6e2f0b3e0, data=float, op=sum, group=0, num_host=1, algo=ring
[12:01:09][7273eb5a9391][21:163][DBG][XCCL][kl3_all_reduce.cpp:46] func traced: [all_reduce] xlink_ring_all_reduce_single_node
[12:01:09][7273eb5a9391][21:163][DBG][XCCL][kl3_all_reduce.cpp:94] send buf addr 0x4004000000/0x402408e000 count 6
[12:01:09][7273eb5a9391][21:21][DBG][XCCL][helper.cpp:301] all_reduce: ctx=0x55f6e31f7fe0, seq_id=623, rank=0, nranks=2, dev=0, send=0x4004000000, recv=0x4004000000, cnt=67108864, root=-1, peer=-1, stream=0x55f6e2f0b3e0, data=float, op=sum, group=0, num_host=1, algo=ring
[12:01:09][7273eb5a9391][21:163][DBG][XCCL][kl3_all_reduce.cpp:46] func traced: [all_reduce] xlink_ring_all_reduce_single_node
[12:01:09][7273eb5a9391][21:163][DBG][XCCL][kl3_all_reduce.cpp:94] send buf addr 0x4004000000/0x402408e000 count 6
[12:01:09][7273eb5a9391][21:21][DBG][XCCL][helper.cpp:301] all_reduce: ctx=0x55f6e31f7fe0, seq_id=624, rank=0, nranks=2, dev=0, send=0x4004000000, recv=0x4004000000, cnt=67108864, root=-1, peer=-1, stream=0x55f6e2f0b3e0, data=float, op=sum, group=0, num_host=1, algo=ring
[12:01:09][7273eb5a9391][21:163][DBG][XCCL][kl3_all_reduce.cpp:46] func traced: [all_reduce] xlink_ring_all_reduce_single_node
[12:01:09][7273eb5a9391][21:163][DBG][XCCL][kl3_all_reduce.cpp:94] send buf addr 0x4004000000/0x402408e000 count 6
[12:01:09][7273eb5a9391][21:21][DBG][XCCL][helper.cpp:301] all_reduce: ctx=0x55f6e31f7fe0, seq_id=625, rank=0, nranks=2, dev=0, send=0x4004000000, recv=0x4004000000, cnt=67108864, root=-1, peer=-1, stream=0x55f6e2f0b3e0, data=float, op=sum, group=0, num_host=1, algo=ring
[12:01:09][7273eb5a9391][21:163][DBG][XCCL][kl3_all_reduce.cpp:46] func traced: [all_reduce] xlink_ring_all_reduce_single_node
[12:01:09][7273eb5a9391][21:163][DBG][XCCL][kl3_all_reduce.cpp:94] send buf addr 0x4004000000/0x402408e000 count 6
[12:01:09][7273eb5a9391][21:21][DBG][XCCL][helper.cpp:301] all_reduce: ctx=0x55f6e31f7fe0, seq_id=626, rank=0, nranks=2, dev=0, send=0x4004000000, recv=0x4004000000, cnt=67108864, root=-1, peer=-1, stream=0x55f6e2f0b3e0, data=float, op=sum, group=0, num_host=1, algo=ring
[12:01:09][7273eb5a9391][21:163][DBG][XCCL][kl3_all_reduce.cpp:46] func traced: [all_reduce] xlink_ring_all_reduce_single_node
[12:01:09][7273eb5a9391][21:163][DBG][XCCL][kl3_all_reduce.cpp:94] send buf addr 0x4004000000/0x402408e000 count 6
[12:01:09][7273eb5a9391][21:21][DBG][XCCL][helper.cpp:301] all_reduce: ctx=0x55f6e31f7fe0, seq_id=627, rank=0, nranks=2, dev=0, send=0x4004000000, recv=0x4004000000, cnt=67108864, root=-1, peer=-1, stream=0x55f6e2f0b3e0, data=float, op=sum, group=0, num_host=1, algo=ring
[12:01:09][7273eb5a9391][21:163][DBG][XCCL][kl3_all_reduce.cpp:46] func traced: [all_reduce] xlink_ring_all_reduce_single_node
[12:01:09][7273eb5a9391][21:163][DBG][XCCL][kl3_all_reduce.cpp:94] send buf addr 0x4004000000/0x402408e000 count 6
[12:01:09][7273eb5a9391][21:21][DBG][XCCL][helper.cpp:301] all_reduce: ctx=0x55f6e31f7fe0, seq_id=628, rank=0, nranks=2, dev=0, send=0x4004000000, recv=0x4004000000, cnt=67108864, root=-1, peer=-1, stream=0x55f6e2f0b3e0, data=float, op=sum, group=0, num_host=1, algo=ring
[12:01:09][7273eb5a9391][21:163][DBG][XCCL][kl3_all_reduce.cpp:46] func traced: [all_reduce] xlink_ring_all_reduce_single_node
[12:01:09][7273eb5a9391][21:163][DBG][XCCL][kl3_all_reduce.cpp:94] send buf addr 0x4004000000/0x402408e000 count 6
[12:01:09][7273eb5a9391][21:21][DBG][XCCL][helper.cpp:301] all_reduce: ctx=0x55f6e31f7fe0, seq_id=629, rank=0, nranks=2, dev=0, send=0x4004000000, recv=0x4004000000, cnt=67108864, root=-1, peer=-1, stream=0x55f6e2f0b3e0, data=float, op=sum, group=0, num_host=1, algo=ring
[12:01:09][7273eb5a9391][21:163][DBG][XCCL][kl3_all_reduce.cpp:46] func traced: [all_reduce] xlink_ring_all_reduce_single_node
[12:01:09][7273eb5a9391][21:163][DBG][XCCL][kl3_all_reduce.cpp:94] send buf addr 0x4004000000/0x402408e000 count 6
[12:01:09][7273eb5a9391][21:21][DBG][XCCL][helper.cpp:301] all_reduce: ctx=0x55f6e31f7fe0, seq_id=630, rank=0, nranks=2, dev=0, send=0x4004000000, recv=0x4004000000, cnt=67108864, root=-1, peer=-1, stream=0x55f6e2f0b3e0, data=float, op=sum, group=0, num_host=1, algo=ring
[12:01:09][7273eb5a9391][21:163][DBG][XCCL][kl3_all_reduce.cpp:46] func traced: [all_reduce] xlink_ring_all_reduce_single_node
[12:01:09][7273eb5a9391][21:163][DBG][XCCL][kl3_all_reduce.cpp:94] send buf addr 0x4004000000/0x402408e000 count 6
[12:01:09][7273eb5a9391][21:21][DBG][XCCL][helper.cpp:301] all_reduce: ctx=0x55f6e31f7fe0, seq_id=631, rank=0, nranks=2, dev=0, send=0x4004000000, recv=0x4004000000, cnt=67108864, root=-1, peer=-1, stream=0x55f6e2f0b3e0, data=float, op=sum, group=0, num_host=1, algo=ring
[12:01:09][7273eb5a9391][21:163][DBG][XCCL][kl3_all_reduce.cpp:46] func traced: [all_reduce] xlink_ring_all_reduce_single_node
[12:01:09][7273eb5a9391][21:163][DBG][XCCL][kl3_all_reduce.cpp:94] send buf addr 0x4004000000/0x402408e000 count 6
[12:01:09][7273eb5a9391][21:21][DBG][XCCL][helper.cpp:301] all_reduce: ctx=0x55f6e31f7fe0, seq_id=632, rank=0, nranks=2, dev=0, send=0x4004000000, recv=0x4004000000, cnt=67108864, root=-1, peer=-1, stream=0x55f6e2f0b3e0, data=float, op=sum, group=0, num_host=1, algo=ring
[12:01:09][7273eb5a9391][21:163][DBG][XCCL][kl3_all_reduce.cpp:46] func traced: [all_reduce] xlink_ring_all_reduce_single_node
[12:01:09][7273eb5a9391][21:163][DBG][XCCL][kl3_all_reduce.cpp:94] send buf addr 0x4004000000/0x402408e000 count 6
[12:01:09][7273eb5a9391][21:21][DBG][XCCL][helper.cpp:301] all_reduce: ctx=0x55f6e31f7fe0, seq_id=633, rank=0, nranks=2, dev=0, send=0x4004000000, recv=0x4004000000, cnt=67108864, root=-1, peer=-1, stream=0x55f6e2f0b3e0, data=float, op=sum, group=0, num_host=1, algo=ring
[12:01:09][7273eb5a9391][21:163][DBG][XCCL][kl3_all_reduce.cpp:46] func traced: [all_reduce] xlink_ring_all_reduce_single_node
[12:01:09][7273eb5a9391][21:163][DBG][XCCL][kl3_all_reduce.cpp:94] send buf addr 0x4004000000/0x402408e000 count 6
[12:01:09][7273eb5a9391][21:21][DBG][XCCL][helper.cpp:301] all_reduce: ctx=0x55f6e31f7fe0, seq_id=634, rank=0, nranks=2, dev=0, send=0x4004000000, recv=0x4004000000, cnt=67108864, root=-1, peer=-1, stream=0x55f6e2f0b3e0, data=float, op=sum, group=0, num_host=1, algo=ring
[12:01:09][7273eb5a9391][21:163][DBG][XCCL][kl3_all_reduce.cpp:46] func traced: [all_reduce] xlink_ring_all_reduce_single_node
[12:01:09][7273eb5a9391][21:163][DBG][XCCL][kl3_all_reduce.cpp:94] send buf addr 0x4004000000/0x402408e000 count 6
[12:01:09][7273eb5a9391][21:21][DBG][XCCL][helper.cpp:301] all_reduce: ctx=0x55f6e31f7fe0, seq_id=635, rank=0, nranks=2, dev=0, send=0x4004000000, recv=0x4004000000, cnt=67108864, root=-1, peer=-1, stream=0x55f6e2f0b3e0, data=float, op=sum, group=0, num_host=1, algo=ring
[12:01:09][7273eb5a9391][21:163][DBG][XCCL][kl3_all_reduce.cpp:46] func traced: [all_reduce] xlink_ring_all_reduce_single_node
[12:01:09][7273eb5a9391][21:163][DBG][XCCL][kl3_all_reduce.cpp:94] send buf addr 0x4004000000/0x402408e000 count 6
[12:01:09][7273eb5a9391][21:21][DBG][XCCL][helper.cpp:301] all_reduce: ctx=0x55f6e31f7fe0, seq_id=636, rank=0, nranks=2, dev=0, send=0x4004000000, recv=0x4004000000, cnt=67108864, root=-1, peer=-1, stream=0x55f6e2f0b3e0, data=float, op=sum, group=0, num_host=1, algo=ring
[12:01:09][7273eb5a9391][21:163][DBG][XCCL][kl3_all_reduce.cpp:46] func traced: [all_reduce] xlink_ring_all_reduce_single_node
[12:01:09][7273eb5a9391][21:163][DBG][XCCL][kl3_all_reduce.cpp:94] send buf addr 0x4004000000/0x402408e000 count 6
[12:01:09][7273eb5a9391][21:21][DBG][XCCL][helper.cpp:301] all_reduce: ctx=0x55f6e31f7fe0, seq_id=637, rank=0, nranks=2, dev=0, send=0x4004000000, recv=0x4004000000, cnt=67108864, root=-1, peer=-1, stream=0x55f6e2f0b3e0, data=float, op=sum, group=0, num_host=1, algo=ring
[12:01:09][7273eb5a9391][21:163][DBG][XCCL][kl3_all_reduce.cpp:46] func traced: [all_reduce] xlink_ring_all_reduce_single_node
[12:01:09][7273eb5a9391][21:163][DBG][XCCL][kl3_all_reduce.cpp:94] send buf addr 0x4004000000/0x402408e000 count 6
[12:01:09][7273eb5a9391][21:21][DBG][XCCL][helper.cpp:301] all_reduce: ctx=0x55f6e31f7fe0, seq_id=638, rank=0, nranks=2, dev=0, send=0x4004000000, recv=0x4004000000, cnt=67108864, root=-1, peer=-1, stream=0x55f6e2f0b3e0, data=float, op=sum, group=0, num_host=1, algo=ring
[12:01:09][7273eb5a9391][21:163][DBG][XCCL][kl3_all_reduce.cpp:46] func traced: [all_reduce] xlink_ring_all_reduce_single_node
[12:01:09][7273eb5a9391][21:163][DBG][XCCL][kl3_all_reduce.cpp:94] send buf addr 0x4004000000/0x402408e000 count 6
[12:01:09][7273eb5a9391][21:21][DBG][XCCL][helper.cpp:301] all_reduce: ctx=0x55f6e31f7fe0, seq_id=639, rank=0, nranks=2, dev=0, send=0x4004000000, recv=0x4004000000, cnt=67108864, root=-1, peer=-1, stream=0x55f6e2f0b3e0, data=float, op=sum, group=0, num_host=1, algo=ring
[12:01:09][7273eb5a9391][21:163][DBG][XCCL][kl3_all_reduce.cpp:46] func traced: [all_reduce] xlink_ring_all_reduce_single_node
[12:01:09][7273eb5a9391][21:163][DBG][XCCL][kl3_all_reduce.cpp:94] send buf addr 0x4004000000/0x402408e000 count 6
[12:01:09][7273eb5a9391][21:21][DBG][XCCL][helper.cpp:301] all_reduce: ctx=0x55f6e31f7fe0, seq_id=640, rank=0, nranks=2, dev=0, send=0x4004000000, recv=0x4004000000, cnt=67108864, root=-1, peer=-1, stream=0x55f6e2f0b3e0, data=float, op=sum, group=0, num_host=1, algo=ring
[12:01:09][7273eb5a9391][21:163][DBG][XCCL][kl3_all_reduce.cpp:46] func traced: [all_reduce] xlink_ring_all_reduce_single_node
[12:01:09][7273eb5a9391][21:163][DBG][XCCL][kl3_all_reduce.cpp:94] send buf addr 0x4004000000/0x402408e000 count 6
[12:01:09][7273eb5a9391][21:21][DBG][XCCL][helper.cpp:301] all_reduce: ctx=0x55f6e31f7fe0, seq_id=641, rank=0, nranks=2, dev=0, send=0x4004000000, recv=0x4004000000, cnt=67108864, root=-1, peer=-1, stream=0x55f6e2f0b3e0, data=float, op=sum, group=0, num_host=1, algo=ring
[12:01:09][7273eb5a9391][21:163][DBG][XCCL][kl3_all_reduce.cpp:46] func traced: [all_reduce] xlink_ring_all_reduce_single_node
[12:01:09][7273eb5a9391][21:163][DBG][XCCL][kl3_all_reduce.cpp:94] send buf addr 0x4004000000/0x402408e000 count 6
[12:01:09][7273eb5a9391][21:21][DBG][XCCL][helper.cpp:301] all_reduce: ctx=0x55f6e31f7fe0, seq_id=642, rank=0, nranks=2, dev=0, send=0x4004000000, recv=0x4004000000, cnt=67108864, root=-1, peer=-1, stream=0x55f6e2f0b3e0, data=float, op=sum, group=0, num_host=1, algo=ring
[12:01:09][7273eb5a9391][21:163][DBG][XCCL][kl3_all_reduce.cpp:46] func traced: [all_reduce] xlink_ring_all_reduce_single_node
[12:01:09][7273eb5a9391][21:163][DBG][XCCL][kl3_all_reduce.cpp:94] send buf addr 0x4004000000/0x402408e000 count 6
[12:01:09][7273eb5a9391][21:21][DBG][XCCL][helper.cpp:301] all_reduce: ctx=0x55f6e31f7fe0, seq_id=643, rank=0, nranks=2, dev=0, send=0x4004000000, recv=0x4004000000, cnt=67108864, root=-1, peer=-1, stream=0x55f6e2f0b3e0, data=float, op=sum, group=0, num_host=1, algo=ring
[12:01:09][7273eb5a9391][21:163][DBG][XCCL][kl3_all_reduce.cpp:46] func traced: [all_reduce] xlink_ring_all_reduce_single_node
[12:01:09][7273eb5a9391][21:163][DBG][XCCL][kl3_all_reduce.cpp:94] send buf addr 0x4004000000/0x402408e000 count 6
[12:01:09][7273eb5a9391][21:21][DBG][XCCL][helper.cpp:301] all_reduce: ctx=0x55f6e31f7fe0, seq_id=644, rank=0, nranks=2, dev=0, send=0x4004000000, recv=0x4004000000, cnt=67108864, root=-1, peer=-1, stream=0x55f6e2f0b3e0, data=float, op=sum, group=0, num_host=1, algo=ring
[12:01:09][7273eb5a9391][21:163][DBG][XCCL][kl3_all_reduce.cpp:46] func traced: [all_reduce] xlink_ring_all_reduce_single_node
[12:01:09][7273eb5a9391][21:163][DBG][XCCL][kl3_all_reduce.cpp:94] send buf addr 0x4004000000/0x402408e000 count 6
[12:01:09][7273eb5a9391][21:21][DBG][XCCL][helper.cpp:301] all_reduce: ctx=0x55f6e31f7fe0, seq_id=645, rank=0, nranks=2, dev=0, send=0x4004000000, recv=0x4004000000, cnt=67108864, root=-1, peer=-1, stream=0x55f6e2f0b3e0, data=float, op=sum, group=0, num_host=1, algo=ring
[12:01:09][7273eb5a9391][21:163][DBG][XCCL][kl3_all_reduce.cpp:46] func traced: [all_reduce] xlink_ring_all_reduce_single_node
[12:01:09][7273eb5a9391][21:163][DBG][XCCL][kl3_all_reduce.cpp:94] send buf addr 0x4004000000/0x402408e000 count 6
[12:01:09][7273eb5a9391][21:21][DBG][XCCL][helper.cpp:301] all_reduce: ctx=0x55f6e31f7fe0, seq_id=646, rank=0, nranks=2, dev=0, send=0x4004000000, recv=0x4004000000, cnt=67108864, root=-1, peer=-1, stream=0x55f6e2f0b3e0, data=float, op=sum, group=0, num_host=1, algo=ring
[12:01:09][7273eb5a9391][21:163][DBG][XCCL][kl3_all_reduce.cpp:46] func traced: [all_reduce] xlink_ring_all_reduce_single_node
[12:01:09][7273eb5a9391][21:163][DBG][XCCL][kl3_all_reduce.cpp:94] send buf addr 0x4004000000/0x402408e000 count 6
[12:01:09][7273eb5a9391][21:21][DBG][XCCL][helper.cpp:301] all_reduce: ctx=0x55f6e31f7fe0, seq_id=647, rank=0, nranks=2, dev=0, send=0x4004000000, recv=0x4004000000, cnt=67108864, root=-1, peer=-1, stream=0x55f6e2f0b3e0, data=float, op=sum, group=0, num_host=1, algo=ring
[12:01:09][7273eb5a9391][21:163][DBG][XCCL][kl3_all_reduce.cpp:46] func traced: [all_reduce] xlink_ring_all_reduce_single_node
[12:01:09][7273eb5a9391][21:163][DBG][XCCL][kl3_all_reduce.cpp:94] send buf addr 0x4004000000/0x402408e000 count 6
[12:01:09][7273eb5a9391][21:21][DBG][XCCL][helper.cpp:301] all_reduce: ctx=0x55f6e31f7fe0, seq_id=648, rank=0, nranks=2, dev=0, send=0x4004000000, recv=0x4004000000, cnt=67108864, root=-1, peer=-1, stream=0x55f6e2f0b3e0, data=float, op=sum, group=0, num_host=1, algo=ring
[12:01:09][7273eb5a9391][21:163][DBG][XCCL][kl3_all_reduce.cpp:46] func traced: [all_reduce] xlink_ring_all_reduce_single_node
[12:01:09][7273eb5a9391][21:163][DBG][XCCL][kl3_all_reduce.cpp:94] send buf addr 0x4004000000/0x402408e000 count 6
[12:01:09][7273eb5a9391][21:21][DBG][XCCL][helper.cpp:301] all_reduce: ctx=0x55f6e31f7fe0, seq_id=649, rank=0, nranks=2, dev=0, send=0x4004000000, recv=0x4004000000, cnt=67108864, root=-1, peer=-1, stream=0x55f6e2f0b3e0, data=float, op=sum, group=0, num_host=1, algo=ring
[12:01:09][7273eb5a9391][21:163][DBG][XCCL][kl3_all_reduce.cpp:46] func traced: [all_reduce] xlink_ring_all_reduce_single_node
[12:01:09][7273eb5a9391][21:163][DBG][XCCL][kl3_all_reduce.cpp:94] send buf addr 0x4004000000/0x402408e000 count 6
[12:01:09][7273eb5a9391][21:21][DBG][XCCL][helper.cpp:301] all_reduce: ctx=0x55f6e31f7fe0, seq_id=650, rank=0, nranks=2, dev=0, send=0x4004000000, recv=0x4004000000, cnt=67108864, root=-1, peer=-1, stream=0x55f6e2f0b3e0, data=float, op=sum, group=0, num_host=1, algo=ring
[12:01:09][7273eb5a9391][21:163][DBG][XCCL][kl3_all_reduce.cpp:46] func traced: [all_reduce] xlink_ring_all_reduce_single_node
[12:01:09][7273eb5a9391][21:163][DBG][XCCL][kl3_all_reduce.cpp:94] send buf addr 0x4004000000/0x402408e000 count 6
[12:01:09][7273eb5a9391][21:21][DBG][XCCL][helper.cpp:301] all_reduce: ctx=0x55f6e31f7fe0, seq_id=651, rank=0, nranks=2, dev=0, send=0x4004000000, recv=0x4004000000, cnt=67108864, root=-1, peer=-1, stream=0x55f6e2f0b3e0, data=float, op=sum, group=0, num_host=1, algo=ring
[12:01:09][7273eb5a9391][21:163][DBG][XCCL][kl3_all_reduce.cpp:46] func traced: [all_reduce] xlink_ring_all_reduce_single_node
[12:01:09][7273eb5a9391][21:163][DBG][XCCL][kl3_all_reduce.cpp:94] send buf addr 0x4004000000/0x402408e000 count 6
[12:01:09][7273eb5a9391][21:21][DBG][XCCL][helper.cpp:301] all_reduce: ctx=0x55f6e31f7fe0, seq_id=652, rank=0, nranks=2, dev=0, send=0x4004000000, recv=0x4004000000, cnt=67108864, root=-1, peer=-1, stream=0x55f6e2f0b3e0, data=float, op=sum, group=0, num_host=1, algo=ring
[12:01:09][7273eb5a9391][21:163][DBG][XCCL][kl3_all_reduce.cpp:46] func traced: [all_reduce] xlink_ring_all_reduce_single_node
[12:01:09][7273eb5a9391][21:163][DBG][XCCL][kl3_all_reduce.cpp:94] send buf addr 0x4004000000/0x402408e000 count 6
[12:01:09][7273eb5a9391][21:21][DBG][XCCL][helper.cpp:301] all_reduce: ctx=0x55f6e31f7fe0, seq_id=653, rank=0, nranks=2, dev=0, send=0x4004000000, recv=0x4004000000, cnt=67108864, root=-1, peer=-1, stream=0x55f6e2f0b3e0, data=float, op=sum, group=0, num_host=1, algo=ring
[12:01:09][7273eb5a9391][21:163][DBG][XCCL][kl3_all_reduce.cpp:46] func traced: [all_reduce] xlink_ring_all_reduce_single_node
[12:01:09][7273eb5a9391][21:163][DBG][XCCL][kl3_all_reduce.cpp:94] send buf addr 0x4004000000/0x402408e000 count 6
[12:01:09][7273eb5a9391][21:21][DBG][XCCL][helper.cpp:301] all_reduce: ctx=0x55f6e31f7fe0, seq_id=654, rank=0, nranks=2, dev=0, send=0x4004000000, recv=0x4004000000, cnt=67108864, root=-1, peer=-1, stream=0x55f6e2f0b3e0, data=float, op=sum, group=0, num_host=1, algo=ring
[12:01:09][7273eb5a9391][21:163][DBG][XCCL][kl3_all_reduce.cpp:46] func traced: [all_reduce] xlink_ring_all_reduce_single_node
[12:01:09][7273eb5a9391][21:163][DBG][XCCL][kl3_all_reduce.cpp:94] send buf addr 0x4004000000/0x402408e000 count 6
[12:01:09][7273eb5a9391][21:21][DBG][XCCL][helper.cpp:301] all_reduce: ctx=0x55f6e31f7fe0, seq_id=655, rank=0, nranks=2, dev=0, send=0x4004000000, recv=0x4004000000, cnt=67108864, root=-1, peer=-1, stream=0x55f6e2f0b3e0, data=float, op=sum, group=0, num_host=1, algo=ring
[12:01:09][7273eb5a9391][21:163][DBG][XCCL][kl3_all_reduce.cpp:46] func traced: [all_reduce] xlink_ring_all_reduce_single_node
[12:01:09][7273eb5a9391][21:163][DBG][XCCL][kl3_all_reduce.cpp:94] send buf addr 0x4004000000/0x402408e000 count 6
[12:01:09][7273eb5a9391][21:21][DBG][XCCL][helper.cpp:301] all_reduce: ctx=0x55f6e31f7fe0, seq_id=656, rank=0, nranks=2, dev=0, send=0x4004000000, recv=0x4004000000, cnt=67108864, root=-1, peer=-1, stream=0x55f6e2f0b3e0, data=float, op=sum, group=0, num_host=1, algo=ring
[12:01:09][7273eb5a9391][21:163][DBG][XCCL][kl3_all_reduce.cpp:46] func traced: [all_reduce] xlink_ring_all_reduce_single_node
[12:01:09][7273eb5a9391][21:163][DBG][XCCL][kl3_all_reduce.cpp:94] send buf addr 0x4004000000/0x402408e000 count 6
[12:01:09][7273eb5a9391][21:21][DBG][XCCL][helper.cpp:301] all_reduce: ctx=0x55f6e31f7fe0, seq_id=657, rank=0, nranks=2, dev=0, send=0x4004000000, recv=0x4004000000, cnt=67108864, root=-1, peer=-1, stream=0x55f6e2f0b3e0, data=float, op=sum, group=0, num_host=1, algo=ring
[12:01:09][7273eb5a9391][21:163][DBG][XCCL][kl3_all_reduce.cpp:46] func traced: [all_reduce] xlink_ring_all_reduce_single_node
[12:01:09][7273eb5a9391][21:163][DBG][XCCL][kl3_all_reduce.cpp:94] send buf addr 0x4004000000/0x402408e000 count 6
[12:01:09][7273eb5a9391][21:21][DBG][XCCL][helper.cpp:301] all_reduce: ctx=0x55f6e31f7fe0, seq_id=658, rank=0, nranks=2, dev=0, send=0x4004000000, recv=0x4004000000, cnt=67108864, root=-1, peer=-1, stream=0x55f6e2f0b3e0, data=float, op=sum, group=0, num_host=1, algo=ring
[12:01:09][7273eb5a9391][21:163][DBG][XCCL][kl3_all_reduce.cpp:46] func traced: [all_reduce] xlink_ring_all_reduce_single_node
[12:01:09][7273eb5a9391][21:163][DBG][XCCL][kl3_all_reduce.cpp:94] send buf addr 0x4004000000/0x402408e000 count 6
[12:01:09][7273eb5a9391][21:21][DBG][XCCL][helper.cpp:301] all_reduce: ctx=0x55f6e31f7fe0, seq_id=659, rank=0, nranks=2, dev=0, send=0x4004000000, recv=0x4004000000, cnt=67108864, root=-1, peer=-1, stream=0x55f6e2f0b3e0, data=float, op=sum, group=0, num_host=1, algo=ring
[12:01:09][7273eb5a9391][21:163][DBG][XCCL][kl3_all_reduce.cpp:46] func traced: [all_reduce] xlink_ring_all_reduce_single_node
[12:01:09][7273eb5a9391][21:163][DBG][XCCL][kl3_all_reduce.cpp:94] send buf addr 0x4004000000/0x402408e000 count 6
[12:01:09][7273eb5a9391][21:21][DBG][XCCL][helper.cpp:301] all_reduce: ctx=0x55f6e31f7fe0, seq_id=660, rank=0, nranks=2, dev=0, send=0x4004000000, recv=0x4004000000, cnt=67108864, root=-1, peer=-1, stream=0x55f6e2f0b3e0, data=float, op=sum, group=0, num_host=1, algo=ring
[12:01:09][7273eb5a9391][21:163][DBG][XCCL][kl3_all_reduce.cpp:46] func traced: [all_reduce] xlink_ring_all_reduce_single_node
[12:01:09][7273eb5a9391][21:163][DBG][XCCL][kl3_all_reduce.cpp:94] send buf addr 0x4004000000/0x402408e000 count 6
[12:01:09][7273eb5a9391][21:21][DBG][XCCL][helper.cpp:301] all_reduce: ctx=0x55f6e31f7fe0, seq_id=661, rank=0, nranks=2, dev=0, send=0x4004000000, recv=0x4004000000, cnt=67108864, root=-1, peer=-1, stream=0x55f6e2f0b3e0, data=float, op=sum, group=0, num_host=1, algo=ring
[12:01:09][7273eb5a9391][21:163][DBG][XCCL][kl3_all_reduce.cpp:46] func traced: [all_reduce] xlink_ring_all_reduce_single_node
[12:01:09][7273eb5a9391][21:163][DBG][XCCL][kl3_all_reduce.cpp:94] send buf addr 0x4004000000/0x402408e000 count 6
[12:01:09][7273eb5a9391][21:21][DBG][XCCL][helper.cpp:301] all_reduce: ctx=0x55f6e31f7fe0, seq_id=662, rank=0, nranks=2, dev=0, send=0x4004000000, recv=0x4004000000, cnt=67108864, root=-1, peer=-1, stream=0x55f6e2f0b3e0, data=float, op=sum, group=0, num_host=1, algo=ring
[12:01:09][7273eb5a9391][21:163][DBG][XCCL][kl3_all_reduce.cpp:46] func traced: [all_reduce] xlink_ring_all_reduce_single_node
[12:01:09][7273eb5a9391][21:163][DBG][XCCL][kl3_all_reduce.cpp:94] send buf addr 0x4004000000/0x402408e000 count 6
[12:01:09][7273eb5a9391][21:21][DBG][XCCL][helper.cpp:301] all_reduce: ctx=0x55f6e31f7fe0, seq_id=663, rank=0, nranks=2, dev=0, send=0x4004000000, recv=0x4004000000, cnt=67108864, root=-1, peer=-1, stream=0x55f6e2f0b3e0, data=float, op=sum, group=0, num_host=1, algo=ring
[12:01:09][7273eb5a9391][21:163][DBG][XCCL][kl3_all_reduce.cpp:46] func traced: [all_reduce] xlink_ring_all_reduce_single_node
[12:01:09][7273eb5a9391][21:163][DBG][XCCL][kl3_all_reduce.cpp:94] send buf addr 0x4004000000/0x402408e000 count 6
[12:01:09][7273eb5a9391][21:21][DBG][XCCL][helper.cpp:301] all_reduce: ctx=0x55f6e31f7fe0, seq_id=664, rank=0, nranks=2, dev=0, send=0x4004000000, recv=0x4004000000, cnt=67108864, root=-1, peer=-1, stream=0x55f6e2f0b3e0, data=float, op=sum, group=0, num_host=1, algo=ring
[12:01:09][7273eb5a9391][21:163][DBG][XCCL][kl3_all_reduce.cpp:46] func traced: [all_reduce] xlink_ring_all_reduce_single_node
[12:01:09][7273eb5a9391][21:163][DBG][XCCL][kl3_all_reduce.cpp:94] send buf addr 0x4004000000/0x402408e000 count 6
[12:01:09][7273eb5a9391][21:21][DBG][XCCL][helper.cpp:301] all_reduce: ctx=0x55f6e31f7fe0, seq_id=665, rank=0, nranks=2, dev=0, send=0x4004000000, recv=0x4004000000, cnt=67108864, root=-1, peer=-1, stream=0x55f6e2f0b3e0, data=float, op=sum, group=0, num_host=1, algo=ring
[12:01:09][7273eb5a9391][21:163][DBG][XCCL][kl3_all_reduce.cpp:46] func traced: [all_reduce] xlink_ring_all_reduce_single_node
[12:01:09][7273eb5a9391][21:163][DBG][XCCL][kl3_all_reduce.cpp:94] send buf addr 0x4004000000/0x402408e000 count 6
[12:01:09][7273eb5a9391][21:21][DBG][XCCL][helper.cpp:301] all_reduce: ctx=0x55f6e31f7fe0, seq_id=666, rank=0, nranks=2, dev=0, send=0x4004000000, recv=0x4004000000, cnt=67108864, root=-1, peer=-1, stream=0x55f6e2f0b3e0, data=float, op=sum, group=0, num_host=1, algo=ring
[12:01:09][7273eb5a9391][21:163][DBG][XCCL][kl3_all_reduce.cpp:46] func traced: [all_reduce] xlink_ring_all_reduce_single_node
[12:01:09][7273eb5a9391][21:163][DBG][XCCL][kl3_all_reduce.cpp:94] send buf addr 0x4004000000/0x402408e000 count 6
[12:01:09][7273eb5a9391][21:21][DBG][XCCL][helper.cpp:301] all_reduce: ctx=0x55f6e31f7fe0, seq_id=667, rank=0, nranks=2, dev=0, send=0x4004000000, recv=0x4004000000, cnt=67108864, root=-1, peer=-1, stream=0x55f6e2f0b3e0, data=float, op=sum, group=0, num_host=1, algo=ring
[12:01:09][7273eb5a9391][21:163][DBG][XCCL][kl3_all_reduce.cpp:46] func traced: [all_reduce] xlink_ring_all_reduce_single_node
[12:01:09][7273eb5a9391][21:163][DBG][XCCL][kl3_all_reduce.cpp:94] send buf addr 0x4004000000/0x402408e000 count 6
[12:01:09][7273eb5a9391][21:21][DBG][XCCL][helper.cpp:301] all_reduce: ctx=0x55f6e31f7fe0, seq_id=668, rank=0, nranks=2, dev=0, send=0x4004000000, recv=0x4004000000, cnt=67108864, root=-1, peer=-1, stream=0x55f6e2f0b3e0, data=float, op=sum, group=0, num_host=1, algo=ring
[12:01:09][7273eb5a9391][21:163][DBG][XCCL][kl3_all_reduce.cpp:46] func traced: [all_reduce] xlink_ring_all_reduce_single_node
[12:01:09][7273eb5a9391][21:163][DBG][XCCL][kl3_all_reduce.cpp:94] send buf addr 0x4004000000/0x402408e000 count 6
[12:01:09][7273eb5a9391][21:21][DBG][XCCL][helper.cpp:301] all_reduce: ctx=0x55f6e31f7fe0, seq_id=669, rank=0, nranks=2, dev=0, send=0x4004000000, recv=0x4004000000, cnt=67108864, root=-1, peer=-1, stream=0x55f6e2f0b3e0, data=float, op=sum, group=0, num_host=1, algo=ring
[12:01:09][7273eb5a9391][21:163][DBG][XCCL][kl3_all_reduce.cpp:46] func traced: [all_reduce] xlink_ring_all_reduce_single_node
[12:01:09][7273eb5a9391][21:163][DBG][XCCL][kl3_all_reduce.cpp:94] send buf addr 0x4004000000/0x402408e000 count 6
[12:01:09][7273eb5a9391][21:21][DBG][XCCL][helper.cpp:301] all_reduce: ctx=0x55f6e31f7fe0, seq_id=670, rank=0, nranks=2, dev=0, send=0x4004000000, recv=0x4004000000, cnt=67108864, root=-1, peer=-1, stream=0x55f6e2f0b3e0, data=float, op=sum, group=0, num_host=1, algo=ring
[12:01:09][7273eb5a9391][21:163][DBG][XCCL][kl3_all_reduce.cpp:46] func traced: [all_reduce] xlink_ring_all_reduce_single_node
[12:01:09][7273eb5a9391][21:163][DBG][XCCL][kl3_all_reduce.cpp:94] send buf addr 0x4004000000/0x402408e000 count 6
[12:01:09][7273eb5a9391][21:21][DBG][XCCL][helper.cpp:301] all_reduce: ctx=0x55f6e31f7fe0, seq_id=671, rank=0, nranks=2, dev=0, send=0x4004000000, recv=0x4004000000, cnt=67108864, root=-1, peer=-1, stream=0x55f6e2f0b3e0, data=float, op=sum, group=0, num_host=1, algo=ring
[12:01:09][7273eb5a9391][21:163][DBG][XCCL][kl3_all_reduce.cpp:46] func traced: [all_reduce] xlink_ring_all_reduce_single_node
[12:01:09][7273eb5a9391][21:163][DBG][XCCL][kl3_all_reduce.cpp:94] send buf addr 0x4004000000/0x402408e000 count 6
[12:01:09][7273eb5a9391][21:21][DBG][XCCL][helper.cpp:301] all_reduce: ctx=0x55f6e31f7fe0, seq_id=672, rank=0, nranks=2, dev=0, send=0x4004000000, recv=0x4004000000, cnt=67108864, root=-1, peer=-1, stream=0x55f6e2f0b3e0, data=float, op=sum, group=0, num_host=1, algo=ring
[12:01:09][7273eb5a9391][21:163][DBG][XCCL][kl3_all_reduce.cpp:46] func traced: [all_reduce] xlink_ring_all_reduce_single_node
[12:01:09][7273eb5a9391][21:163][DBG][XCCL][kl3_all_reduce.cpp:94] send buf addr 0x4004000000/0x402408e000 count 6
[12:01:09][7273eb5a9391][21:21][DBG][XCCL][helper.cpp:301] all_reduce: ctx=0x55f6e31f7fe0, seq_id=673, rank=0, nranks=2, dev=0, send=0x4004000000, recv=0x4004000000, cnt=67108864, root=-1, peer=-1, stream=0x55f6e2f0b3e0, data=float, op=sum, group=0, num_host=1, algo=ring
[12:01:09][7273eb5a9391][21:163][DBG][XCCL][kl3_all_reduce.cpp:46] func traced: [all_reduce] xlink_ring_all_reduce_single_node
[12:01:09][7273eb5a9391][21:163][DBG][XCCL][kl3_all_reduce.cpp:94] send buf addr 0x4004000000/0x402408e000 count 6
[12:01:09][7273eb5a9391][21:21][DBG][XCCL][helper.cpp:301] all_reduce: ctx=0x55f6e31f7fe0, seq_id=674, rank=0, nranks=2, dev=0, send=0x4004000000, recv=0x4004000000, cnt=67108864, root=-1, peer=-1, stream=0x55f6e2f0b3e0, data=float, op=sum, group=0, num_host=1, algo=ring
[12:01:09][7273eb5a9391][21:163][DBG][XCCL][kl3_all_reduce.cpp:46] func traced: [all_reduce] xlink_ring_all_reduce_single_node
[12:01:09][7273eb5a9391][21:163][DBG][XCCL][kl3_all_reduce.cpp:94] send buf addr 0x4004000000/0x402408e000 count 6
[12:01:09][7273eb5a9391][21:21][DBG][XCCL][helper.cpp:301] all_reduce: ctx=0x55f6e31f7fe0, seq_id=675, rank=0, nranks=2, dev=0, send=0x4004000000, recv=0x4004000000, cnt=67108864, root=-1, peer=-1, stream=0x55f6e2f0b3e0, data=float, op=sum, group=0, num_host=1, algo=ring
[12:01:09][7273eb5a9391][21:163][DBG][XCCL][kl3_all_reduce.cpp:46] func traced: [all_reduce] xlink_ring_all_reduce_single_node
[12:01:09][7273eb5a9391][21:163][DBG][XCCL][kl3_all_reduce.cpp:94] send buf addr 0x4004000000/0x402408e000 count 6
[12:01:09][7273eb5a9391][21:21][DBG][XCCL][helper.cpp:301] all_reduce: ctx=0x55f6e31f7fe0, seq_id=676, rank=0, nranks=2, dev=0, send=0x4004000000, recv=0x4004000000, cnt=67108864, root=-1, peer=-1, stream=0x55f6e2f0b3e0, data=float, op=sum, group=0, num_host=1, algo=ring
[12:01:09][7273eb5a9391][21:163][DBG][XCCL][kl3_all_reduce.cpp:46] func traced: [all_reduce] xlink_ring_all_reduce_single_node
[12:01:09][7273eb5a9391][21:163][DBG][XCCL][kl3_all_reduce.cpp:94] send buf addr 0x4004000000/0x402408e000 count 6
[12:01:09][7273eb5a9391][21:21][DBG][XCCL][helper.cpp:301] all_reduce: ctx=0x55f6e31f7fe0, seq_id=677, rank=0, nranks=2, dev=0, send=0x4004000000, recv=0x4004000000, cnt=67108864, root=-1, peer=-1, stream=0x55f6e2f0b3e0, data=float, op=sum, group=0, num_host=1, algo=ring
[12:01:09][7273eb5a9391][21:163][DBG][XCCL][kl3_all_reduce.cpp:46] func traced: [all_reduce] xlink_ring_all_reduce_single_node
[12:01:09][7273eb5a9391][21:163][DBG][XCCL][kl3_all_reduce.cpp:94] send buf addr 0x4004000000/0x402408e000 count 6
[12:01:09][7273eb5a9391][21:21][DBG][XCCL][helper.cpp:301] all_reduce: ctx=0x55f6e31f7fe0, seq_id=678, rank=0, nranks=2, dev=0, send=0x4004000000, recv=0x4004000000, cnt=67108864, root=-1, peer=-1, stream=0x55f6e2f0b3e0, data=float, op=sum, group=0, num_host=1, algo=ring
[12:01:09][7273eb5a9391][21:163][DBG][XCCL][kl3_all_reduce.cpp:46] func traced: [all_reduce] xlink_ring_all_reduce_single_node
[12:01:09][7273eb5a9391][21:163][DBG][XCCL][kl3_all_reduce.cpp:94] send buf addr 0x4004000000/0x402408e000 count 6
[12:01:09][7273eb5a9391][21:21][DBG][XCCL][helper.cpp:301] all_reduce: ctx=0x55f6e31f7fe0, seq_id=679, rank=0, nranks=2, dev=0, send=0x4004000000, recv=0x4004000000, cnt=67108864, root=-1, peer=-1, stream=0x55f6e2f0b3e0, data=float, op=sum, group=0, num_host=1, algo=ring
[12:01:09][7273eb5a9391][21:163][DBG][XCCL][kl3_all_reduce.cpp:46] func traced: [all_reduce] xlink_ring_all_reduce_single_node
[12:01:09][7273eb5a9391][21:163][DBG][XCCL][kl3_all_reduce.cpp:94] send buf addr 0x4004000000/0x402408e000 count 6
[12:01:09][7273eb5a9391][21:21][DBG][XCCL][helper.cpp:301] all_reduce: ctx=0x55f6e31f7fe0, seq_id=680, rank=0, nranks=2, dev=0, send=0x4004000000, recv=0x4004000000, cnt=67108864, root=-1, peer=-1, stream=0x55f6e2f0b3e0, data=float, op=sum, group=0, num_host=1, algo=ring
[12:01:09][7273eb5a9391][21:163][DBG][XCCL][kl3_all_reduce.cpp:46] func traced: [all_reduce] xlink_ring_all_reduce_single_node
[12:01:09][7273eb5a9391][21:163][DBG][XCCL][kl3_all_reduce.cpp:94] send buf addr 0x4004000000/0x402408e000 count 6
[12:01:09][7273eb5a9391][21:21][DBG][XCCL][helper.cpp:301] all_reduce: ctx=0x55f6e31f7fe0, seq_id=681, rank=0, nranks=2, dev=0, send=0x4004000000, recv=0x4004000000, cnt=67108864, root=-1, peer=-1, stream=0x55f6e2f0b3e0, data=float, op=sum, group=0, num_host=1, algo=ring
[12:01:09][7273eb5a9391][21:163][DBG][XCCL][kl3_all_reduce.cpp:46] func traced: [all_reduce] xlink_ring_all_reduce_single_node
[12:01:09][7273eb5a9391][21:163][DBG][XCCL][kl3_all_reduce.cpp:94] send buf addr 0x4004000000/0x402408e000 count 6
[12:01:09][7273eb5a9391][21:21][DBG][XCCL][helper.cpp:301] all_reduce: ctx=0x55f6e31f7fe0, seq_id=682, rank=0, nranks=2, dev=0, send=0x4004000000, recv=0x4004000000, cnt=67108864, root=-1, peer=-1, stream=0x55f6e2f0b3e0, data=float, op=sum, group=0, num_host=1, algo=ring
[12:01:09][7273eb5a9391][21:163][DBG][XCCL][kl3_all_reduce.cpp:46] func traced: [all_reduce] xlink_ring_all_reduce_single_node
[12:01:09][7273eb5a9391][21:163][DBG][XCCL][kl3_all_reduce.cpp:94] send buf addr 0x4004000000/0x402408e000 count 6
[12:01:09][7273eb5a9391][21:21][DBG][XCCL][helper.cpp:301] all_reduce: ctx=0x55f6e31f7fe0, seq_id=683, rank=0, nranks=2, dev=0, send=0x4004000000, recv=0x4004000000, cnt=67108864, root=-1, peer=-1, stream=0x55f6e2f0b3e0, data=float, op=sum, group=0, num_host=1, algo=ring
[12:01:09][7273eb5a9391][21:163][DBG][XCCL][kl3_all_reduce.cpp:46] func traced: [all_reduce] xlink_ring_all_reduce_single_node
[12:01:09][7273eb5a9391][21:163][DBG][XCCL][kl3_all_reduce.cpp:94] send buf addr 0x4004000000/0x402408e000 count 6
[12:01:09][7273eb5a9391][21:21][DBG][XCCL][helper.cpp:301] all_reduce: ctx=0x55f6e31f7fe0, seq_id=684, rank=0, nranks=2, dev=0, send=0x4004000000, recv=0x4004000000, cnt=67108864, root=-1, peer=-1, stream=0x55f6e2f0b3e0, data=float, op=sum, group=0, num_host=1, algo=ring
[12:01:09][7273eb5a9391][21:163][DBG][XCCL][kl3_all_reduce.cpp:46] func traced: [all_reduce] xlink_ring_all_reduce_single_node
[12:01:09][7273eb5a9391][21:163][DBG][XCCL][kl3_all_reduce.cpp:94] send buf addr 0x4004000000/0x402408e000 count 6
[12:01:09][7273eb5a9391][21:21][DBG][XCCL][helper.cpp:301] all_reduce: ctx=0x55f6e31f7fe0, seq_id=685, rank=0, nranks=2, dev=0, send=0x4004000000, recv=0x4004000000, cnt=67108864, root=-1, peer=-1, stream=0x55f6e2f0b3e0, data=float, op=sum, group=0, num_host=1, algo=ring
[12:01:09][7273eb5a9391][21:163][DBG][XCCL][kl3_all_reduce.cpp:46] func traced: [all_reduce] xlink_ring_all_reduce_single_node
[12:01:09][7273eb5a9391][21:163][DBG][XCCL][kl3_all_reduce.cpp:94] send buf addr 0x4004000000/0x402408e000 count 6
[12:01:09][7273eb5a9391][21:21][DBG][XCCL][helper.cpp:301] all_reduce: ctx=0x55f6e31f7fe0, seq_id=686, rank=0, nranks=2, dev=0, send=0x4004000000, recv=0x4004000000, cnt=67108864, root=-1, peer=-1, stream=0x55f6e2f0b3e0, data=float, op=sum, group=0, num_host=1, algo=ring
[12:01:09][7273eb5a9391][21:163][DBG][XCCL][kl3_all_reduce.cpp:46] func traced: [all_reduce] xlink_ring_all_reduce_single_node
[12:01:09][7273eb5a9391][21:163][DBG][XCCL][kl3_all_reduce.cpp:94] send buf addr 0x4004000000/0x402408e000 count 6
[12:01:09][7273eb5a9391][21:21][DBG][XCCL][helper.cpp:301] all_reduce: ctx=0x55f6e31f7fe0, seq_id=687, rank=0, nranks=2, dev=0, send=0x4004000000, recv=0x4004000000, cnt=67108864, root=-1, peer=-1, stream=0x55f6e2f0b3e0, data=float, op=sum, group=0, num_host=1, algo=ring
[12:01:09][7273eb5a9391][21:163][DBG][XCCL][kl3_all_reduce.cpp:46] func traced: [all_reduce] xlink_ring_all_reduce_single_node
[12:01:09][7273eb5a9391][21:163][DBG][XCCL][kl3_all_reduce.cpp:94] send buf addr 0x4004000000/0x402408e000 count 6
[12:01:09][7273eb5a9391][21:21][DBG][XCCL][helper.cpp:301] all_reduce: ctx=0x55f6e31f7fe0, seq_id=688, rank=0, nranks=2, dev=0, send=0x4004000000, recv=0x4004000000, cnt=67108864, root=-1, peer=-1, stream=0x55f6e2f0b3e0, data=float, op=sum, group=0, num_host=1, algo=ring
[12:01:09][7273eb5a9391][21:163][DBG][XCCL][kl3_all_reduce.cpp:46] func traced: [all_reduce] xlink_ring_all_reduce_single_node
[12:01:09][7273eb5a9391][21:163][DBG][XCCL][kl3_all_reduce.cpp:94] send buf addr 0x4004000000/0x402408e000 count 6
[12:01:09][7273eb5a9391][21:21][DBG][XCCL][helper.cpp:301] all_reduce: ctx=0x55f6e31f7fe0, seq_id=689, rank=0, nranks=2, dev=0, send=0x4004000000, recv=0x4004000000, cnt=67108864, root=-1, peer=-1, stream=0x55f6e2f0b3e0, data=float, op=sum, group=0, num_host=1, algo=ring
[12:01:09][7273eb5a9391][21:163][DBG][XCCL][kl3_all_reduce.cpp:46] func traced: [all_reduce] xlink_ring_all_reduce_single_node
[12:01:09][7273eb5a9391][21:163][DBG][XCCL][kl3_all_reduce.cpp:94] send buf addr 0x4004000000/0x402408e000 count 6
[12:01:09][7273eb5a9391][21:21][DBG][XCCL][helper.cpp:301] all_reduce: ctx=0x55f6e31f7fe0, seq_id=690, rank=0, nranks=2, dev=0, send=0x4004000000, recv=0x4004000000, cnt=67108864, root=-1, peer=-1, stream=0x55f6e2f0b3e0, data=float, op=sum, group=0, num_host=1, algo=ring
[12:01:09][7273eb5a9391][21:163][DBG][XCCL][kl3_all_reduce.cpp:46] func traced: [all_reduce] xlink_ring_all_reduce_single_node
[12:01:09][7273eb5a9391][21:163][DBG][XCCL][kl3_all_reduce.cpp:94] send buf addr 0x4004000000/0x402408e000 count 6
[12:01:09][7273eb5a9391][21:21][DBG][XCCL][helper.cpp:301] all_reduce: ctx=0x55f6e31f7fe0, seq_id=691, rank=0, nranks=2, dev=0, send=0x4004000000, recv=0x4004000000, cnt=67108864, root=-1, peer=-1, stream=0x55f6e2f0b3e0, data=float, op=sum, group=0, num_host=1, algo=ring
[12:01:09][7273eb5a9391][21:163][DBG][XCCL][kl3_all_reduce.cpp:46] func traced: [all_reduce] xlink_ring_all_reduce_single_node
[12:01:09][7273eb5a9391][21:163][DBG][XCCL][kl3_all_reduce.cpp:94] send buf addr 0x4004000000/0x402408e000 count 6
[12:01:09][7273eb5a9391][21:21][DBG][XCCL][helper.cpp:301] all_reduce: ctx=0x55f6e31f7fe0, seq_id=692, rank=0, nranks=2, dev=0, send=0x4004000000, recv=0x4004000000, cnt=67108864, root=-1, peer=-1, stream=0x55f6e2f0b3e0, data=float, op=sum, group=0, num_host=1, algo=ring
[12:01:09][7273eb5a9391][21:163][DBG][XCCL][kl3_all_reduce.cpp:46] func traced: [all_reduce] xlink_ring_all_reduce_single_node
[12:01:09][7273eb5a9391][21:163][DBG][XCCL][kl3_all_reduce.cpp:94] send buf addr 0x4004000000/0x402408e000 count 6
[12:01:09][7273eb5a9391][21:21][DBG][XCCL][helper.cpp:301] all_reduce: ctx=0x55f6e31f7fe0, seq_id=693, rank=0, nranks=2, dev=0, send=0x4004000000, recv=0x4004000000, cnt=67108864, root=-1, peer=-1, stream=0x55f6e2f0b3e0, data=float, op=sum, group=0, num_host=1, algo=ring
[12:01:09][7273eb5a9391][21:163][DBG][XCCL][kl3_all_reduce.cpp:46] func traced: [all_reduce] xlink_ring_all_reduce_single_node
[12:01:09][7273eb5a9391][21:163][DBG][XCCL][kl3_all_reduce.cpp:94] send buf addr 0x4004000000/0x402408e000 count 6
[12:01:09][7273eb5a9391][21:21][DBG][XCCL][helper.cpp:301] all_reduce: ctx=0x55f6e31f7fe0, seq_id=694, rank=0, nranks=2, dev=0, send=0x4004000000, recv=0x4004000000, cnt=67108864, root=-1, peer=-1, stream=0x55f6e2f0b3e0, data=float, op=sum, group=0, num_host=1, algo=ring
[12:01:09][7273eb5a9391][21:163][DBG][XCCL][kl3_all_reduce.cpp:46] func traced: [all_reduce] xlink_ring_all_reduce_single_node
[12:01:09][7273eb5a9391][21:163][DBG][XCCL][kl3_all_reduce.cpp:94] send buf addr 0x4004000000/0x402408e000 count 6
[12:01:09][7273eb5a9391][21:21][DBG][XCCL][helper.cpp:301] all_reduce: ctx=0x55f6e31f7fe0, seq_id=695, rank=0, nranks=2, dev=0, send=0x4004000000, recv=0x4004000000, cnt=67108864, root=-1, peer=-1, stream=0x55f6e2f0b3e0, data=float, op=sum, group=0, num_host=1, algo=ring
[12:01:09][7273eb5a9391][21:163][DBG][XCCL][kl3_all_reduce.cpp:46] func traced: [all_reduce] xlink_ring_all_reduce_single_node
[12:01:09][7273eb5a9391][21:163][DBG][XCCL][kl3_all_reduce.cpp:94] send buf addr 0x4004000000/0x402408e000 count 6
[12:01:09][7273eb5a9391][21:21][DBG][XCCL][helper.cpp:301] all_reduce: ctx=0x55f6e31f7fe0, seq_id=696, rank=0, nranks=2, dev=0, send=0x4004000000, recv=0x4004000000, cnt=67108864, root=-1, peer=-1, stream=0x55f6e2f0b3e0, data=float, op=sum, group=0, num_host=1, algo=ring
[12:01:09][7273eb5a9391][21:163][DBG][XCCL][kl3_all_reduce.cpp:46] func traced: [all_reduce] xlink_ring_all_reduce_single_node
[12:01:09][7273eb5a9391][21:163][DBG][XCCL][kl3_all_reduce.cpp:94] send buf addr 0x4004000000/0x402408e000 count 6
[12:01:09][7273eb5a9391][21:21][DBG][XCCL][helper.cpp:301] all_reduce: ctx=0x55f6e31f7fe0, seq_id=697, rank=0, nranks=2, dev=0, send=0x4004000000, recv=0x4004000000, cnt=67108864, root=-1, peer=-1, stream=0x55f6e2f0b3e0, data=float, op=sum, group=0, num_host=1, algo=ring
[12:01:09][7273eb5a9391][21:163][DBG][XCCL][kl3_all_reduce.cpp:46] func traced: [all_reduce] xlink_ring_all_reduce_single_node
[12:01:09][7273eb5a9391][21:163][DBG][XCCL][kl3_all_reduce.cpp:94] send buf addr 0x4004000000/0x402408e000 count 6
[12:01:09][7273eb5a9391][21:21][DBG][XCCL][helper.cpp:301] all_reduce: ctx=0x55f6e31f7fe0, seq_id=698, rank=0, nranks=2, dev=0, send=0x4004000000, recv=0x4004000000, cnt=67108864, root=-1, peer=-1, stream=0x55f6e2f0b3e0, data=float, op=sum, group=0, num_host=1, algo=ring
[12:01:09][7273eb5a9391][21:163][DBG][XCCL][kl3_all_reduce.cpp:46] func traced: [all_reduce] xlink_ring_all_reduce_single_node
[12:01:09][7273eb5a9391][21:163][DBG][XCCL][kl3_all_reduce.cpp:94] send buf addr 0x4004000000/0x402408e000 count 6
[rank0] RESULT algbw 28.21 GB/s over 696 iters of 256MiB
[rank0]:[W924 12:01:11.341264405 ProcessGroup.hpp:941] Warning: No backend of type 0 found for Process Group with name undefined. Assuming no hooks are registered. (function hasHooks)
[12:01:11][7273eb5a9391][21:21][DBG][XCCL][init.cpp:540] free p2p param
