XCCL /root/miniconda/envs/python310_torch29_cuda/lib/python3.10/site-packages/torch_xmlir/xccl//so/libbkcl.so loaded
[35mSYMBOL_REWRITE [0m[32mtorch success[0m
[rank1] device uuid = b7942319-362e-5a53-a8eb-a2d06fbe84f6
[rank1] backend = cpu:gloo,cuda:flagcx
[Gloo] Rank 1 is connected to 1 peer ranks. Expected number of connected peer ranks is : 1
can not open config file: /etc/xccl.conf. skipping...
[11:54:56][ddbff3a86679][22:22][INFO][XCCL][globals.cpp:299] xccl version: 0792b03 [rdma] [[BKCL-1245] allow masking GC signal handlers via BKCL_GC_SIGNAL_MASK] build data: Feb  9 2026 13:05:11
[11:54:56][ddbff3a86679][22:22][DBG][XCCL][globals.cpp:300] set BKCL timeout to 600 seconds
[11:54:56][ddbff3a86679][22:22][DBG][XCCL][globals.cpp:301] set BKCL RING BUFFER SIZE to 4194304
[11:54:56][ddbff3a86679][22:22][DBG][XCCL][globals.cpp:302] set BKCL ASYNC BUFFER SIZE to 134217728
[11:54:56][ddbff3a86679][22:22][DBG][XCCL][globals.cpp:303] set BKCL TREE THRESHOLD to 30720
[11:54:56][ddbff3a86679][22:22][DBG][XCCL][globals.cpp:305] set BKCL MAX CLUSTERS to 12
[11:54:56][ddbff3a86679][22:22][DBG][XCCL][globals.cpp:306] set BKCL xshmem symmetric size to 2147483648
[11:54:56][ddbff3a86679][22:22][DBG][XCCL][init.cpp:1167] xccl init_rank, comm_id 109fb46a00000000de310d000000000027000000020086b3 rank 1 nranks 2 xpuDev 1 - Init START
[11:54:56][ddbff3a86679][22:22][DBG][XCCL][net_socket.cpp:38] NET/Socket : ipv4 net card [eth0], ip[172.31.254.4]
[11:54:56][ddbff3a86679][22:22][DBG][XCCL][init.cpp:416] devid 1, bus id 84000, 0000:84:00.0, 84000
[11:54:56][ddbff3a86679][22:22][DBG][XCCL][init.cpp:316] rank 1 hostid 0
[11:54:56][ddbff3a86679][22:22][DBG][XCCL][init.cpp:1237] xccl init_rank, comm_id 109fb46a00000000de310d000000000027000000020086b3 rank 1 nranks 2 xpuDev 1 - init_bkcl_context start
[11:54:56][ddbff3a86679][22:22][DBG][XCCL][topo.cpp:274] 0000:bb:00.0 vendor=1d22 device=3688 class=0780 irq=0 (pin 0) base0=2a804000000c
[11:54:56][ddbff3a86679][22:22][DBG][XCCL][topo.cpp:274] 0000:16:00.0 vendor=1d22 device=3688 class=0780 irq=0 (pin 1) base0=1c804000000c
[11:54:56][ddbff3a86679][22:22][DBG][XCCL][topo.cpp:274] 0000:9c:00.0 vendor=1d22 device=3688 class=0780 irq=0 (pin 2) base0=39604000000c
[11:54:56][ddbff3a86679][22:22][DBG][XCCL][topo.cpp:274] 0000:1c:00.0 vendor=1d22 device=3688 class=0780 irq=0 (pin 3) base0=1d604000000c
[11:54:56][ddbff3a86679][22:22][DBG][XCCL][topo.cpp:274] 0000:b6:00.0 vendor=1d22 device=3688 class=0780 irq=0 (pin 4) base0=2b604000000c
[11:54:56][ddbff3a86679][22:22][DBG][XCCL][topo.cpp:274] 0000:2e:00.0 vendor=1d22 device=3688 class=0780 irq=0 (pin 5) base0=f604000000c
[11:54:56][ddbff3a86679][22:22][DBG][XCCL][topo.cpp:274] 0000:84:00.0 vendor=1d22 device=3688 class=0780 irq=0 (pin 6) base0=32804000000c
[11:54:56][ddbff3a86679][22:22][DBG][XCCL][topo.cpp:274] 0000:03:00.0 vendor=1d22 device=3688 class=0780 irq=0 (pin 7) base0=16804000000c
[11:54:56][ddbff3a86679][22:22][DBG][XCCL][topo.cpp:118] 0x7ffcf08991a8 enum BDF 0000:03:00.0.
[11:54:56][ddbff3a86679][22:22][DBG][XCCL][topo.cpp:118] 0x7ffcf08987b8 enum BDF 0000:16:00.0.
[11:54:56][ddbff3a86679][22:22][DBG][XCCL][topo.cpp:118] 0x7ffcf0898b08 enum BDF 0000:1c:00.0.
[11:54:56][ddbff3a86679][22:22][DBG][XCCL][topo.cpp:118] 0x7ffcf0898e58 enum BDF 0000:2e:00.0.
[11:54:56][ddbff3a86679][22:22][DBG][XCCL][topo.cpp:118] 0x7ffcf0899000 enum BDF 0000:84:00.0.
[11:54:56][ddbff3a86679][22:22][DBG][XCCL][topo.cpp:118] 0x7ffcf0898960 enum BDF 0000:9c:00.0.
[11:54:56][ddbff3a86679][22:22][DBG][XCCL][topo.cpp:118] 0x7ffcf0898cb0 enum BDF 0000:b6:00.0.
[11:54:56][ddbff3a86679][22:22][DBG][XCCL][topo.cpp:118] 0x7ffcf0898610 enum BDF 0000:bb:00.0.
[11:54:56][ddbff3a86679][22:22][DBG][XCCL][init.cpp:920] xdr copy env disabled
[11:54:56][ddbff3a86679][22:22][DBG][XCCL][init_common.cpp:230] p2p: rank 1 pre_rank 0 next_rank 0
[11:54:56][ddbff3a86679][22:22][DBG][XCCL][init_common.cpp:329] ipc open mem handle succeed 1 to 0: 0x1000000000
[11:54:56][ddbff3a86679][22:22][DBG][XCCL][kl3_init.cpp:1392] is_pcie_topo 0 is_switch_topo 0, is_pcie_4card 0, is_pcie_16card 0 is_pcie_16card_tp8 0
[11:54:56][ddbff3a86679][22:22][DBG][XCCL][kl3_init.cpp:879] xpu_device_get_attr= 0, dev= 0, oam id= 0
[11:54:56][ddbff3a86679][22:22][DBG][XCCL][kl3_init.cpp:879] xpu_device_get_attr= 0, dev= 1, oam id= 6
[11:54:56][ddbff3a86679][22:22][DBG][XCCL][kl3_init.cpp:1926] ctx 0x592d9ccea130, rank 1(dev=1): found 0 rings
[11:54:56][ddbff3a86679][22:22][DBG][XCCL][kl3_init.cpp:1987] ctx 0x592d9ccea130: found 12 pcie rings, total 12 rings
[11:54:56][ddbff3a86679][22:22][DBG][XCCL][kl3_init.cpp:1894] ctx=0x592d9ccea130 local peer devs: 0 1
[11:54:56][ddbff3a86679][22:22][DBG][XCCL][kl3_init.cpp:1897] ctx=0x592d9ccea130 global peer devs: 0 1
[11:54:56][ddbff3a86679][22:22][DBG][XCCL][kl3_init.cpp:4369] topo search done
[11:54:56][ddbff3a86679][22:22][DBG][XCCL][kl3_init.cpp:4248]  channel [0] rank 1 dev_id 1 2 4194304 1 0x401e800000 0x1000f4022800000 0x1000f4000000000 0x90000000 0x90001000 0x1000f4000001000
[11:54:56][ddbff3a86679][22:22][DBG][XCCL][kl3_init.cpp:4248]  channel [1] rank 1 dev_id 1 2 4194304 1 0x401ec00000 0x1000f4022c00000 0x1000f4000002000 0x90002000 0x90003000 0x1000f4000003000
[11:54:56][ddbff3a86679][22:22][DBG][XCCL][kl3_init.cpp:4248]  channel [2] rank 1 dev_id 1 2 4194304 1 0x401f000000 0x1000f4023000000 0x1000f4000004000 0x90004000 0x90005000 0x1000f4000005000
[11:54:56][ddbff3a86679][22:22][DBG][XCCL][kl3_init.cpp:4248]  channel [3] rank 1 dev_id 1 2 4194304 1 0x401f400000 0x1000f4023400000 0x1000f4000006000 0x90006000 0x90007000 0x1000f4000007000
[11:54:56][ddbff3a86679][22:22][DBG][XCCL][kl3_init.cpp:4248]  channel [4] rank 1 dev_id 1 2 4194304 1 0x401f800000 0x1000f4023800000 0x1000f4000008000 0x90008000 0x90009000 0x1000f4000009000
[11:54:56][ddbff3a86679][22:22][DBG][XCCL][kl3_init.cpp:4248]  channel [5] rank 1 dev_id 1 2 4194304 1 0x401fc00000 0x1000f4023c00000 0x1000f400000a000 0x9000a000 0x9000b000 0x1000f400000b000
[11:54:56][ddbff3a86679][22:22][DBG][XCCL][kl3_init.cpp:4248]  channel [6] rank 1 dev_id 1 2 4194304 1 0x4020000000 0x1000f4024000000 0x1000f400000c000 0x9000c000 0x9000d000 0x1000f400000d000
[11:54:56][ddbff3a86679][22:22][DBG][XCCL][kl3_init.cpp:4248]  channel [7] rank 1 dev_id 1 2 4194304 1 0x4020400000 0x1000f4024400000 0x1000f400000e000 0x9000e000 0x9000f000 0x1000f400000f000
[11:54:56][ddbff3a86679][22:22][DBG][XCCL][kl3_init.cpp:4248]  channel [8] rank 1 dev_id 1 2 4194304 1 0x4020800000 0x1000f4024800000 0x1000f4000010000 0x90010000 0x90011000 0x1000f4000011000
[11:54:56][ddbff3a86679][22:22][DBG][XCCL][kl3_init.cpp:4248]  channel [9] rank 1 dev_id 1 2 4194304 1 0x4020c00000 0x1000f4024c00000 0x1000f4000012000 0x90012000 0x90013000 0x1000f4000013000
[11:54:56][ddbff3a86679][22:22][DBG][XCCL][kl3_init.cpp:4248]  channel [10] rank 1 dev_id 1 2 4194304 1 0x4021000000 0x1000f4025000000 0x1000f4000014000 0x90014000 0x90015000 0x1000f4000015000
[11:54:56][ddbff3a86679][22:22][DBG][XCCL][kl3_init.cpp:4248]  channel [11] rank 1 dev_id 1 2 4194304 1 0x4021400000 0x1000f4025400000 0x1000f4000016000 0x90016000 0x90017000 0x1000f4000017000
[11:54:56][ddbff3a86679][22:22][DBG][XCCL][init.cpp:1107] ctx=[0x592d9ccea130]: dev_id=1, rank=1, nranks=2
[11:54:56][ddbff3a86679][22:22][DBG][XCCL][init.cpp:1249] xccl init_rank, comm_id 109fb46a00000000de310d000000000027000000020086b3 rank 1 nranks 2 xpuDev 1 - init_bkcl_context complete
[11:54:56][ddbff3a86679][22:22][DBG][XCCL][init.cpp:1262] ctx=[0x592d9ccea130]: bkcl_unique_id=109fb46a00000000de310d000000000027000000020086b3ac1ffe04
[11:54:56][ddbff3a86679][22:22][DBG][XCCL][init.cpp:1411] xccl init_rank, comm_id 109fb46a00000000de310d000000000027000000020086b3 rank 1 nranks 2 xpuDev 1 - Init COMPLETE
[11:54:56][ddbff3a86679][22:22][DBG][XCCL][helper.cpp:301] all_reduce: ctx=0x592d9ccea130, seq_id=0, rank=1, nranks=2, dev=1, send=0x4004000000, recv=0x4004000000, cnt=67108864, root=-1, peer=-1, stream=0x592d9cce12e0, data=float, op=sum, group=0, num_host=1, algo=ring
[11:54:56][ddbff3a86679][22:22][DBG][XCCL][helper.cpp:2237] ctx 0x592d9ccea130: input stream change from (nil) to 0x592d9cce12e0
[11:54:57][ddbff3a86679][22:164][DBG][XCCL][kl3_all_reduce.cpp:94] send buf addr 0x4004000000/0x402408e000 count 12
[11:54:57][ddbff3a86679][22:22][DBG][XCCL][helper.cpp:301] all_reduce: ctx=0x592d9ccea130, seq_id=1, rank=1, nranks=2, dev=1, send=0x4004000000, recv=0x4004000000, cnt=67108864, root=-1, peer=-1, stream=0x592d9cce12e0, data=float, op=sum, group=0, num_host=1, algo=ring
[11:54:57][ddbff3a86679][22:164][DBG][XCCL][kl3_all_reduce.cpp:94] send buf addr 0x4004000000/0x402408e000 count 12
[11:54:57][ddbff3a86679][22:22][DBG][XCCL][helper.cpp:301] all_reduce: ctx=0x592d9ccea130, seq_id=2, rank=1, nranks=2, dev=1, send=0x4004000000, recv=0x4004000000, cnt=67108864, root=-1, peer=-1, stream=0x592d9cce12e0, data=float, op=sum, group=0, num_host=1, algo=ring
[11:54:57][ddbff3a86679][22:164][DBG][XCCL][kl3_all_reduce.cpp:94] send buf addr 0x4004000000/0x402408e000 count 12
[11:54:57][ddbff3a86679][22:22][DBG][XCCL][helper.cpp:301] all_reduce: ctx=0x592d9ccea130, seq_id=3, rank=1, nranks=2, dev=1, send=0x4004000000, recv=0x4004000000, cnt=67108864, root=-1, peer=-1, stream=0x592d9cce12e0, data=float, op=sum, group=0, num_host=1, algo=ring
[11:54:57][ddbff3a86679][22:164][DBG][XCCL][kl3_all_reduce.cpp:94] send buf addr 0x4004000000/0x402408e000 count 12
[11:54:57][ddbff3a86679][22:22][DBG][XCCL][helper.cpp:301] all_reduce: ctx=0x592d9ccea130, seq_id=4, rank=1, nranks=2, dev=1, send=0x4004000000, recv=0x4004000000, cnt=67108864, root=-1, peer=-1, stream=0x592d9cce12e0, data=float, op=sum, group=0, num_host=1, algo=ring
[11:54:57][ddbff3a86679][22:164][DBG][XCCL][kl3_all_reduce.cpp:94] send buf addr 0x4004000000/0x402408e000 count 12
[11:54:57][ddbff3a86679][22:22][DBG][XCCL][helper.cpp:301] all_reduce: ctx=0x592d9ccea130, seq_id=5, rank=1, nranks=2, dev=1, send=0x4004000000, recv=0x4004000000, cnt=67108864, root=-1, peer=-1, stream=0x592d9cce12e0, data=float, op=sum, group=0, num_host=1, algo=ring
[11:54:57][ddbff3a86679][22:164][DBG][XCCL][kl3_all_reduce.cpp:94] send buf addr 0x4004000000/0x402408e000 count 12
[11:54:57][ddbff3a86679][22:22][DBG][XCCL][helper.cpp:301] all_reduce: ctx=0x592d9ccea130, seq_id=6, rank=1, nranks=2, dev=1, send=0x4004000000, recv=0x4004000000, cnt=67108864, root=-1, peer=-1, stream=0x592d9cce12e0, data=float, op=sum, group=0, num_host=1, algo=ring
[11:54:57][ddbff3a86679][22:164][DBG][XCCL][kl3_all_reduce.cpp:94] send buf addr 0x4004000000/0x402408e000 count 12
[11:54:57][ddbff3a86679][22:22][DBG][XCCL][helper.cpp:301] all_reduce: ctx=0x592d9ccea130, seq_id=7, rank=1, nranks=2, dev=1, send=0x4004000000, recv=0x4004000000, cnt=67108864, root=-1, peer=-1, stream=0x592d9cce12e0, data=float, op=sum, group=0, num_host=1, algo=ring
[11:54:57][ddbff3a86679][22:164][DBG][XCCL][kl3_all_reduce.cpp:94] send buf addr 0x4004000000/0x402408e000 count 12
[11:54:57][ddbff3a86679][22:22][DBG][XCCL][helper.cpp:301] all_reduce: ctx=0x592d9ccea130, seq_id=8, rank=1, nranks=2, dev=1, send=0x4004000000, recv=0x4004000000, cnt=67108864, root=-1, peer=-1, stream=0x592d9cce12e0, data=float, op=sum, group=0, num_host=1, algo=ring
[11:54:57][ddbff3a86679][22:164][DBG][XCCL][kl3_all_reduce.cpp:94] send buf addr 0x4004000000/0x402408e000 count 12
[11:54:57][ddbff3a86679][22:22][DBG][XCCL][helper.cpp:301] all_reduce: ctx=0x592d9ccea130, seq_id=9, rank=1, nranks=2, dev=1, send=0x4004000000, recv=0x4004000000, cnt=67108864, root=-1, peer=-1, stream=0x592d9cce12e0, data=float, op=sum, group=0, num_host=1, algo=ring
[11:54:57][ddbff3a86679][22:164][DBG][XCCL][kl3_all_reduce.cpp:94] send buf addr 0x4004000000/0x402408e000 count 12
[11:54:57][ddbff3a86679][22:22][DBG][XCCL][helper.cpp:301] all_reduce: ctx=0x592d9ccea130, seq_id=10, rank=1, nranks=2, dev=1, send=0x4004000000, recv=0x4004000000, cnt=67108864, root=-1, peer=-1, stream=0x592d9cce12e0, data=float, op=sum, group=0, num_host=1, algo=ring
[11:54:57][ddbff3a86679][22:164][DBG][XCCL][kl3_all_reduce.cpp:94] send buf addr 0x4004000000/0x402408e000 count 12
[11:54:57][ddbff3a86679][22:22][DBG][XCCL][helper.cpp:301] all_reduce: ctx=0x592d9ccea130, seq_id=11, rank=1, nranks=2, dev=1, send=0x4004000000, recv=0x4004000000, cnt=67108864, root=-1, peer=-1, stream=0x592d9cce12e0, data=float, op=sum, group=0, num_host=1, algo=ring
[11:54:57][ddbff3a86679][22:164][DBG][XCCL][kl3_all_reduce.cpp:94] send buf addr 0x4004000000/0x402408e000 count 12
[11:54:57][ddbff3a86679][22:22][DBG][XCCL][helper.cpp:301] all_reduce: ctx=0x592d9ccea130, seq_id=12, rank=1, nranks=2, dev=1, send=0x4004000000, recv=0x4004000000, cnt=67108864, root=-1, peer=-1, stream=0x592d9cce12e0, data=float, op=sum, group=0, num_host=1, algo=ring
[11:54:57][ddbff3a86679][22:164][DBG][XCCL][kl3_all_reduce.cpp:94] send buf addr 0x4004000000/0x402408e000 count 12
[11:54:57][ddbff3a86679][22:22][DBG][XCCL][helper.cpp:301] all_reduce: ctx=0x592d9ccea130, seq_id=13, rank=1, nranks=2, dev=1, send=0x4004000000, recv=0x4004000000, cnt=67108864, root=-1, peer=-1, stream=0x592d9cce12e0, data=float, op=sum, group=0, num_host=1, algo=ring
[11:54:57][ddbff3a86679][22:164][DBG][XCCL][kl3_all_reduce.cpp:94] send buf addr 0x4004000000/0x402408e000 count 12
[11:54:57][ddbff3a86679][22:22][DBG][XCCL][helper.cpp:301] all_reduce: ctx=0x592d9ccea130, seq_id=14, rank=1, nranks=2, dev=1, send=0x4004000000, recv=0x4004000000, cnt=67108864, root=-1, peer=-1, stream=0x592d9cce12e0, data=float, op=sum, group=0, num_host=1, algo=ring
[11:54:57][ddbff3a86679][22:164][DBG][XCCL][kl3_all_reduce.cpp:94] send buf addr 0x4004000000/0x402408e000 count 12
[11:54:57][ddbff3a86679][22:22][DBG][XCCL][helper.cpp:301] all_reduce: ctx=0x592d9ccea130, seq_id=15, rank=1, nranks=2, dev=1, send=0x4004000000, recv=0x4004000000, cnt=67108864, root=-1, peer=-1, stream=0x592d9cce12e0, data=float, op=sum, group=0, num_host=1, algo=ring
[11:54:57][ddbff3a86679][22:164][DBG][XCCL][kl3_all_reduce.cpp:94] send buf addr 0x4004000000/0x402408e000 count 12
[11:54:57][ddbff3a86679][22:22][DBG][XCCL][helper.cpp:301] all_reduce: ctx=0x592d9ccea130, seq_id=16, rank=1, nranks=2, dev=1, send=0x4004000000, recv=0x4004000000, cnt=67108864, root=-1, peer=-1, stream=0x592d9cce12e0, data=float, op=sum, group=0, num_host=1, algo=ring
[11:54:57][ddbff3a86679][22:164][DBG][XCCL][kl3_all_reduce.cpp:94] send buf addr 0x4004000000/0x402408e000 count 12
[11:54:57][ddbff3a86679][22:22][DBG][XCCL][helper.cpp:301] all_reduce: ctx=0x592d9ccea130, seq_id=17, rank=1, nranks=2, dev=1, send=0x4004000000, recv=0x4004000000, cnt=67108864, root=-1, peer=-1, stream=0x592d9cce12e0, data=float, op=sum, group=0, num_host=1, algo=ring
[11:54:57][ddbff3a86679][22:164][DBG][XCCL][kl3_all_reduce.cpp:94] send buf addr 0x4004000000/0x402408e000 count 12
[11:54:57][ddbff3a86679][22:22][DBG][XCCL][helper.cpp:301] all_reduce: ctx=0x592d9ccea130, seq_id=18, rank=1, nranks=2, dev=1, send=0x4004000000, recv=0x4004000000, cnt=67108864, root=-1, peer=-1, stream=0x592d9cce12e0, data=float, op=sum, group=0, num_host=1, algo=ring
[11:54:57][ddbff3a86679][22:164][DBG][XCCL][kl3_all_reduce.cpp:94] send buf addr 0x4004000000/0x402408e000 count 12
[11:54:57][ddbff3a86679][22:22][DBG][XCCL][helper.cpp:301] all_reduce: ctx=0x592d9ccea130, seq_id=19, rank=1, nranks=2, dev=1, send=0x4004000000, recv=0x4004000000, cnt=67108864, root=-1, peer=-1, stream=0x592d9cce12e0, data=float, op=sum, group=0, num_host=1, algo=ring
[11:54:57][ddbff3a86679][22:164][DBG][XCCL][kl3_all_reduce.cpp:94] send buf addr 0x4004000000/0x402408e000 count 12
[11:54:57][ddbff3a86679][22:22][DBG][XCCL][helper.cpp:301] all_reduce: ctx=0x592d9ccea130, seq_id=20, rank=1, nranks=2, dev=1, send=0x4004000000, recv=0x4004000000, cnt=67108864, root=-1, peer=-1, stream=0x592d9cce12e0, data=float, op=sum, group=0, num_host=1, algo=ring
[11:54:57][ddbff3a86679][22:164][DBG][XCCL][kl3_all_reduce.cpp:94] send buf addr 0x4004000000/0x402408e000 count 12
[11:54:57][ddbff3a86679][22:22][DBG][XCCL][helper.cpp:301] all_reduce: ctx=0x592d9ccea130, seq_id=21, rank=1, nranks=2, dev=1, send=0x4004000000, recv=0x4004000000, cnt=67108864, root=-1, peer=-1, stream=0x592d9cce12e0, data=float, op=sum, group=0, num_host=1, algo=ring
[11:54:57][ddbff3a86679][22:164][DBG][XCCL][kl3_all_reduce.cpp:94] send buf addr 0x4004000000/0x402408e000 count 12
[11:54:57][ddbff3a86679][22:22][DBG][XCCL][helper.cpp:301] all_reduce: ctx=0x592d9ccea130, seq_id=22, rank=1, nranks=2, dev=1, send=0x4004000000, recv=0x4004000000, cnt=67108864, root=-1, peer=-1, stream=0x592d9cce12e0, data=float, op=sum, group=0, num_host=1, algo=ring
[11:54:57][ddbff3a86679][22:164][DBG][XCCL][kl3_all_reduce.cpp:94] send buf addr 0x4004000000/0x402408e000 count 12
[11:54:57][ddbff3a86679][22:22][DBG][XCCL][helper.cpp:301] all_reduce: ctx=0x592d9ccea130, seq_id=23, rank=1, nranks=2, dev=1, send=0x4004000000, recv=0x4004000000, cnt=67108864, root=-1, peer=-1, stream=0x592d9cce12e0, data=float, op=sum, group=0, num_host=1, algo=ring
[11:54:57][ddbff3a86679][22:164][DBG][XCCL][kl3_all_reduce.cpp:94] send buf addr 0x4004000000/0x402408e000 count 12
[11:54:57][ddbff3a86679][22:22][DBG][XCCL][helper.cpp:301] all_reduce: ctx=0x592d9ccea130, seq_id=24, rank=1, nranks=2, dev=1, send=0x4004000000, recv=0x4004000000, cnt=67108864, root=-1, peer=-1, stream=0x592d9cce12e0, data=float, op=sum, group=0, num_host=1, algo=ring
[11:54:57][ddbff3a86679][22:164][DBG][XCCL][kl3_all_reduce.cpp:94] send buf addr 0x4004000000/0x402408e000 count 12
[11:54:57][ddbff3a86679][22:22][DBG][XCCL][helper.cpp:301] all_reduce: ctx=0x592d9ccea130, seq_id=25, rank=1, nranks=2, dev=1, send=0x4004000000, recv=0x4004000000, cnt=67108864, root=-1, peer=-1, stream=0x592d9cce12e0, data=float, op=sum, group=0, num_host=1, algo=ring
[11:54:57][ddbff3a86679][22:164][DBG][XCCL][kl3_all_reduce.cpp:94] send buf addr 0x4004000000/0x402408e000 count 12
[11:54:57][ddbff3a86679][22:22][DBG][XCCL][helper.cpp:301] all_reduce: ctx=0x592d9ccea130, seq_id=26, rank=1, nranks=2, dev=1, send=0x4004000000, recv=0x4004000000, cnt=67108864, root=-1, peer=-1, stream=0x592d9cce12e0, data=float, op=sum, group=0, num_host=1, algo=ring
[11:54:57][ddbff3a86679][22:164][DBG][XCCL][kl3_all_reduce.cpp:94] send buf addr 0x4004000000/0x402408e000 count 12
[11:54:57][ddbff3a86679][22:22][DBG][XCCL][helper.cpp:301] all_reduce: ctx=0x592d9ccea130, seq_id=27, rank=1, nranks=2, dev=1, send=0x4004000000, recv=0x4004000000, cnt=67108864, root=-1, peer=-1, stream=0x592d9cce12e0, data=float, op=sum, group=0, num_host=1, algo=ring
[11:54:57][ddbff3a86679][22:164][DBG][XCCL][kl3_all_reduce.cpp:94] send buf addr 0x4004000000/0x402408e000 count 12
[11:54:57][ddbff3a86679][22:22][DBG][XCCL][helper.cpp:301] all_reduce: ctx=0x592d9ccea130, seq_id=28, rank=1, nranks=2, dev=1, send=0x4004000000, recv=0x4004000000, cnt=67108864, root=-1, peer=-1, stream=0x592d9cce12e0, data=float, op=sum, group=0, num_host=1, algo=ring
[11:54:57][ddbff3a86679][22:164][DBG][XCCL][kl3_all_reduce.cpp:94] send buf addr 0x4004000000/0x402408e000 count 12
[11:54:57][ddbff3a86679][22:22][DBG][XCCL][helper.cpp:301] all_reduce: ctx=0x592d9ccea130, seq_id=29, rank=1, nranks=2, dev=1, send=0x4004000000, recv=0x4004000000, cnt=67108864, root=-1, peer=-1, stream=0x592d9cce12e0, data=float, op=sum, group=0, num_host=1, algo=ring
[11:54:57][ddbff3a86679][22:164][DBG][XCCL][kl3_all_reduce.cpp:94] send buf addr 0x4004000000/0x402408e000 count 12
[11:54:57][ddbff3a86679][22:22][DBG][XCCL][helper.cpp:301] all_reduce: ctx=0x592d9ccea130, seq_id=30, rank=1, nranks=2, dev=1, send=0x4004000000, recv=0x4004000000, cnt=67108864, root=-1, peer=-1, stream=0x592d9cce12e0, data=float, op=sum, group=0, num_host=1, algo=ring
[11:54:57][ddbff3a86679][22:164][DBG][XCCL][kl3_all_reduce.cpp:94] send buf addr 0x4004000000/0x402408e000 count 12
[11:54:57][ddbff3a86679][22:22][DBG][XCCL][helper.cpp:301] all_reduce: ctx=0x592d9ccea130, seq_id=31, rank=1, nranks=2, dev=1, send=0x4004000000, recv=0x4004000000, cnt=67108864, root=-1, peer=-1, stream=0x592d9cce12e0, data=float, op=sum, group=0, num_host=1, algo=ring
[11:54:57][ddbff3a86679][22:164][DBG][XCCL][kl3_all_reduce.cpp:94] send buf addr 0x4004000000/0x402408e000 count 12
[11:54:57][ddbff3a86679][22:22][DBG][XCCL][helper.cpp:301] all_reduce: ctx=0x592d9ccea130, seq_id=32, rank=1, nranks=2, dev=1, send=0x4004000000, recv=0x4004000000, cnt=67108864, root=-1, peer=-1, stream=0x592d9cce12e0, data=float, op=sum, group=0, num_host=1, algo=ring
[11:54:57][ddbff3a86679][22:164][DBG][XCCL][kl3_all_reduce.cpp:94] send buf addr 0x4004000000/0x402408e000 count 12
[11:54:57][ddbff3a86679][22:22][DBG][XCCL][helper.cpp:301] all_reduce: ctx=0x592d9ccea130, seq_id=33, rank=1, nranks=2, dev=1, send=0x4004000000, recv=0x4004000000, cnt=67108864, root=-1, peer=-1, stream=0x592d9cce12e0, data=float, op=sum, group=0, num_host=1, algo=ring
[11:54:57][ddbff3a86679][22:164][DBG][XCCL][kl3_all_reduce.cpp:94] send buf addr 0x4004000000/0x402408e000 count 12
[11:54:57][ddbff3a86679][22:22][DBG][XCCL][helper.cpp:301] all_reduce: ctx=0x592d9ccea130, seq_id=34, rank=1, nranks=2, dev=1, send=0x4004000000, recv=0x4004000000, cnt=67108864, root=-1, peer=-1, stream=0x592d9cce12e0, data=float, op=sum, group=0, num_host=1, algo=ring
[11:54:57][ddbff3a86679][22:164][DBG][XCCL][kl3_all_reduce.cpp:94] send buf addr 0x4004000000/0x402408e000 count 12
[11:54:57][ddbff3a86679][22:22][DBG][XCCL][helper.cpp:301] all_reduce: ctx=0x592d9ccea130, seq_id=35, rank=1, nranks=2, dev=1, send=0x4004000000, recv=0x4004000000, cnt=67108864, root=-1, peer=-1, stream=0x592d9cce12e0, data=float, op=sum, group=0, num_host=1, algo=ring
[11:54:57][ddbff3a86679][22:164][DBG][XCCL][kl3_all_reduce.cpp:94] send buf addr 0x4004000000/0x402408e000 count 12
[11:54:57][ddbff3a86679][22:22][DBG][XCCL][helper.cpp:301] all_reduce: ctx=0x592d9ccea130, seq_id=36, rank=1, nranks=2, dev=1, send=0x4004000000, recv=0x4004000000, cnt=67108864, root=-1, peer=-1, stream=0x592d9cce12e0, data=float, op=sum, group=0, num_host=1, algo=ring
[11:54:57][ddbff3a86679][22:164][DBG][XCCL][kl3_all_reduce.cpp:94] send buf addr 0x4004000000/0x402408e000 count 12
[11:54:57][ddbff3a86679][22:22][DBG][XCCL][helper.cpp:301] all_reduce: ctx=0x592d9ccea130, seq_id=37, rank=1, nranks=2, dev=1, send=0x4004000000, recv=0x4004000000, cnt=67108864, root=-1, peer=-1, stream=0x592d9cce12e0, data=float, op=sum, group=0, num_host=1, algo=ring
[11:54:57][ddbff3a86679][22:164][DBG][XCCL][kl3_all_reduce.cpp:94] send buf addr 0x4004000000/0x402408e000 count 12
[11:54:57][ddbff3a86679][22:22][DBG][XCCL][helper.cpp:301] all_reduce: ctx=0x592d9ccea130, seq_id=38, rank=1, nranks=2, dev=1, send=0x4004000000, recv=0x4004000000, cnt=67108864, root=-1, peer=-1, stream=0x592d9cce12e0, data=float, op=sum, group=0, num_host=1, algo=ring
[11:54:57][ddbff3a86679][22:164][DBG][XCCL][kl3_all_reduce.cpp:94] send buf addr 0x4004000000/0x402408e000 count 12
[11:54:57][ddbff3a86679][22:22][DBG][XCCL][helper.cpp:301] all_reduce: ctx=0x592d9ccea130, seq_id=39, rank=1, nranks=2, dev=1, send=0x4004000000, recv=0x4004000000, cnt=67108864, root=-1, peer=-1, stream=0x592d9cce12e0, data=float, op=sum, group=0, num_host=1, algo=ring
[11:54:57][ddbff3a86679][22:164][DBG][XCCL][kl3_all_reduce.cpp:94] send buf addr 0x4004000000/0x402408e000 count 12
[11:54:57][ddbff3a86679][22:22][DBG][XCCL][helper.cpp:301] all_reduce: ctx=0x592d9ccea130, seq_id=40, rank=1, nranks=2, dev=1, send=0x4004000000, recv=0x4004000000, cnt=67108864, root=-1, peer=-1, stream=0x592d9cce12e0, data=float, op=sum, group=0, num_host=1, algo=ring
[11:54:57][ddbff3a86679][22:164][DBG][XCCL][kl3_all_reduce.cpp:94] send buf addr 0x4004000000/0x402408e000 count 12
[11:54:57][ddbff3a86679][22:22][DBG][XCCL][helper.cpp:301] all_reduce: ctx=0x592d9ccea130, seq_id=41, rank=1, nranks=2, dev=1, send=0x4004000000, recv=0x4004000000, cnt=67108864, root=-1, peer=-1, stream=0x592d9cce12e0, data=float, op=sum, group=0, num_host=1, algo=ring
[11:54:57][ddbff3a86679][22:164][DBG][XCCL][kl3_all_reduce.cpp:94] send buf addr 0x4004000000/0x402408e000 count 12
[11:54:57][ddbff3a86679][22:22][DBG][XCCL][helper.cpp:301] all_reduce: ctx=0x592d9ccea130, seq_id=42, rank=1, nranks=2, dev=1, send=0x4004000000, recv=0x4004000000, cnt=67108864, root=-1, peer=-1, stream=0x592d9cce12e0, data=float, op=sum, group=0, num_host=1, algo=ring
[11:54:57][ddbff3a86679][22:164][DBG][XCCL][kl3_all_reduce.cpp:94] send buf addr 0x4004000000/0x402408e000 count 12
[11:54:57][ddbff3a86679][22:22][DBG][XCCL][helper.cpp:301] all_reduce: ctx=0x592d9ccea130, seq_id=43, rank=1, nranks=2, dev=1, send=0x4004000000, recv=0x4004000000, cnt=67108864, root=-1, peer=-1, stream=0x592d9cce12e0, data=float, op=sum, group=0, num_host=1, algo=ring
[11:54:57][ddbff3a86679][22:164][DBG][XCCL][kl3_all_reduce.cpp:94] send buf addr 0x4004000000/0x402408e000 count 12
[11:54:57][ddbff3a86679][22:22][DBG][XCCL][helper.cpp:301] all_reduce: ctx=0x592d9ccea130, seq_id=44, rank=1, nranks=2, dev=1, send=0x4004000000, recv=0x4004000000, cnt=67108864, root=-1, peer=-1, stream=0x592d9cce12e0, data=float, op=sum, group=0, num_host=1, algo=ring
[11:54:57][ddbff3a86679][22:164][DBG][XCCL][kl3_all_reduce.cpp:94] send buf addr 0x4004000000/0x402408e000 count 12
[11:54:57][ddbff3a86679][22:22][DBG][XCCL][helper.cpp:301] all_reduce: ctx=0x592d9ccea130, seq_id=45, rank=1, nranks=2, dev=1, send=0x4004000000, recv=0x4004000000, cnt=67108864, root=-1, peer=-1, stream=0x592d9cce12e0, data=float, op=sum, group=0, num_host=1, algo=ring
[11:54:57][ddbff3a86679][22:164][DBG][XCCL][kl3_all_reduce.cpp:94] send buf addr 0x4004000000/0x402408e000 count 12
[11:54:57][ddbff3a86679][22:22][DBG][XCCL][helper.cpp:301] all_reduce: ctx=0x592d9ccea130, seq_id=46, rank=1, nranks=2, dev=1, send=0x4004000000, recv=0x4004000000, cnt=67108864, root=-1, peer=-1, stream=0x592d9cce12e0, data=float, op=sum, group=0, num_host=1, algo=ring
[11:54:57][ddbff3a86679][22:164][DBG][XCCL][kl3_all_reduce.cpp:94] send buf addr 0x4004000000/0x402408e000 count 12
[11:54:57][ddbff3a86679][22:22][DBG][XCCL][helper.cpp:301] all_reduce: ctx=0x592d9ccea130, seq_id=47, rank=1, nranks=2, dev=1, send=0x4004000000, recv=0x4004000000, cnt=67108864, root=-1, peer=-1, stream=0x592d9cce12e0, data=float, op=sum, group=0, num_host=1, algo=ring
[11:54:57][ddbff3a86679][22:164][DBG][XCCL][kl3_all_reduce.cpp:94] send buf addr 0x4004000000/0x402408e000 count 12
[11:54:57][ddbff3a86679][22:22][DBG][XCCL][helper.cpp:301] all_reduce: ctx=0x592d9ccea130, seq_id=48, rank=1, nranks=2, dev=1, send=0x4004000000, recv=0x4004000000, cnt=67108864, root=-1, peer=-1, stream=0x592d9cce12e0, data=float, op=sum, group=0, num_host=1, algo=ring
[11:54:57][ddbff3a86679][22:164][DBG][XCCL][kl3_all_reduce.cpp:94] send buf addr 0x4004000000/0x402408e000 count 12
[11:54:57][ddbff3a86679][22:22][DBG][XCCL][helper.cpp:301] all_reduce: ctx=0x592d9ccea130, seq_id=49, rank=1, nranks=2, dev=1, send=0x4004000000, recv=0x4004000000, cnt=67108864, root=-1, peer=-1, stream=0x592d9cce12e0, data=float, op=sum, group=0, num_host=1, algo=ring
[11:54:57][ddbff3a86679][22:164][DBG][XCCL][kl3_all_reduce.cpp:94] send buf addr 0x4004000000/0x402408e000 count 12
[11:54:57][ddbff3a86679][22:22][DBG][XCCL][helper.cpp:301] all_reduce: ctx=0x592d9ccea130, seq_id=50, rank=1, nranks=2, dev=1, send=0x4004000000, recv=0x4004000000, cnt=67108864, root=-1, peer=-1, stream=0x592d9cce12e0, data=float, op=sum, group=0, num_host=1, algo=ring
[11:54:57][ddbff3a86679][22:164][DBG][XCCL][kl3_all_reduce.cpp:94] send buf addr 0x4004000000/0x402408e000 count 12
[11:54:57][ddbff3a86679][22:22][DBG][XCCL][helper.cpp:301] all_reduce: ctx=0x592d9ccea130, seq_id=51, rank=1, nranks=2, dev=1, send=0x4004000000, recv=0x4004000000, cnt=67108864, root=-1, peer=-1, stream=0x592d9cce12e0, data=float, op=sum, group=0, num_host=1, algo=ring
[11:54:57][ddbff3a86679][22:164][DBG][XCCL][kl3_all_reduce.cpp:94] send buf addr 0x4004000000/0x402408e000 count 12
[11:54:57][ddbff3a86679][22:22][DBG][XCCL][helper.cpp:301] all_reduce: ctx=0x592d9ccea130, seq_id=52, rank=1, nranks=2, dev=1, send=0x4004000000, recv=0x4004000000, cnt=67108864, root=-1, peer=-1, stream=0x592d9cce12e0, data=float, op=sum, group=0, num_host=1, algo=ring
[11:54:57][ddbff3a86679][22:164][DBG][XCCL][kl3_all_reduce.cpp:94] send buf addr 0x4004000000/0x402408e000 count 12
[11:54:57][ddbff3a86679][22:22][DBG][XCCL][helper.cpp:301] all_reduce: ctx=0x592d9ccea130, seq_id=53, rank=1, nranks=2, dev=1, send=0x4004000000, recv=0x4004000000, cnt=67108864, root=-1, peer=-1, stream=0x592d9cce12e0, data=float, op=sum, group=0, num_host=1, algo=ring
[11:54:57][ddbff3a86679][22:164][DBG][XCCL][kl3_all_reduce.cpp:94] send buf addr 0x4004000000/0x402408e000 count 12
[11:54:57][ddbff3a86679][22:22][DBG][XCCL][helper.cpp:301] all_reduce: ctx=0x592d9ccea130, seq_id=54, rank=1, nranks=2, dev=1, send=0x4004000000, recv=0x4004000000, cnt=67108864, root=-1, peer=-1, stream=0x592d9cce12e0, data=float, op=sum, group=0, num_host=1, algo=ring
[11:54:57][ddbff3a86679][22:164][DBG][XCCL][kl3_all_reduce.cpp:94] send buf addr 0x4004000000/0x402408e000 count 12
[11:54:57][ddbff3a86679][22:22][DBG][XCCL][helper.cpp:301] all_reduce: ctx=0x592d9ccea130, seq_id=55, rank=1, nranks=2, dev=1, send=0x4004000000, recv=0x4004000000, cnt=67108864, root=-1, peer=-1, stream=0x592d9cce12e0, data=float, op=sum, group=0, num_host=1, algo=ring
[11:54:57][ddbff3a86679][22:164][DBG][XCCL][kl3_all_reduce.cpp:94] send buf addr 0x4004000000/0x402408e000 count 12
[11:54:57][ddbff3a86679][22:22][DBG][XCCL][helper.cpp:301] all_reduce: ctx=0x592d9ccea130, seq_id=56, rank=1, nranks=2, dev=1, send=0x4004000000, recv=0x4004000000, cnt=67108864, root=-1, peer=-1, stream=0x592d9cce12e0, data=float, op=sum, group=0, num_host=1, algo=ring
[11:54:57][ddbff3a86679][22:164][DBG][XCCL][kl3_all_reduce.cpp:94] send buf addr 0x4004000000/0x402408e000 count 12
[11:54:57][ddbff3a86679][22:22][DBG][XCCL][helper.cpp:301] all_reduce: ctx=0x592d9ccea130, seq_id=57, rank=1, nranks=2, dev=1, send=0x4004000000, recv=0x4004000000, cnt=67108864, root=-1, peer=-1, stream=0x592d9cce12e0, data=float, op=sum, group=0, num_host=1, algo=ring
[11:54:57][ddbff3a86679][22:164][DBG][XCCL][kl3_all_reduce.cpp:94] send buf addr 0x4004000000/0x402408e000 count 12
[11:54:57][ddbff3a86679][22:22][DBG][XCCL][helper.cpp:301] all_reduce: ctx=0x592d9ccea130, seq_id=58, rank=1, nranks=2, dev=1, send=0x4004000000, recv=0x4004000000, cnt=67108864, root=-1, peer=-1, stream=0x592d9cce12e0, data=float, op=sum, group=0, num_host=1, algo=ring
[11:54:57][ddbff3a86679][22:164][DBG][XCCL][kl3_all_reduce.cpp:94] send buf addr 0x4004000000/0x402408e000 count 12
[11:54:57][ddbff3a86679][22:22][DBG][XCCL][helper.cpp:301] all_reduce: ctx=0x592d9ccea130, seq_id=59, rank=1, nranks=2, dev=1, send=0x4004000000, recv=0x4004000000, cnt=67108864, root=-1, peer=-1, stream=0x592d9cce12e0, data=float, op=sum, group=0, num_host=1, algo=ring
[11:54:57][ddbff3a86679][22:164][DBG][XCCL][kl3_all_reduce.cpp:94] send buf addr 0x4004000000/0x402408e000 count 12
[11:54:57][ddbff3a86679][22:22][DBG][XCCL][helper.cpp:301] all_reduce: ctx=0x592d9ccea130, seq_id=60, rank=1, nranks=2, dev=1, send=0x4004000000, recv=0x4004000000, cnt=67108864, root=-1, peer=-1, stream=0x592d9cce12e0, data=float, op=sum, group=0, num_host=1, algo=ring
[11:54:57][ddbff3a86679][22:164][DBG][XCCL][kl3_all_reduce.cpp:94] send buf addr 0x4004000000/0x402408e000 count 12
[11:54:57][ddbff3a86679][22:22][DBG][XCCL][helper.cpp:301] all_reduce: ctx=0x592d9ccea130, seq_id=61, rank=1, nranks=2, dev=1, send=0x4004000000, recv=0x4004000000, cnt=67108864, root=-1, peer=-1, stream=0x592d9cce12e0, data=float, op=sum, group=0, num_host=1, algo=ring
[11:54:57][ddbff3a86679][22:164][DBG][XCCL][kl3_all_reduce.cpp:94] send buf addr 0x4004000000/0x402408e000 count 12
[11:54:57][ddbff3a86679][22:22][DBG][XCCL][helper.cpp:301] all_reduce: ctx=0x592d9ccea130, seq_id=62, rank=1, nranks=2, dev=1, send=0x4004000000, recv=0x4004000000, cnt=67108864, root=-1, peer=-1, stream=0x592d9cce12e0, data=float, op=sum, group=0, num_host=1, algo=ring
[11:54:57][ddbff3a86679][22:164][DBG][XCCL][kl3_all_reduce.cpp:94] send buf addr 0x4004000000/0x402408e000 count 12
[11:54:57][ddbff3a86679][22:22][DBG][XCCL][helper.cpp:301] all_reduce: ctx=0x592d9ccea130, seq_id=63, rank=1, nranks=2, dev=1, send=0x4004000000, recv=0x4004000000, cnt=67108864, root=-1, peer=-1, stream=0x592d9cce12e0, data=float, op=sum, group=0, num_host=1, algo=ring
[11:54:57][ddbff3a86679][22:164][DBG][XCCL][kl3_all_reduce.cpp:94] send buf addr 0x4004000000/0x402408e000 count 12
[11:54:57][ddbff3a86679][22:22][DBG][XCCL][helper.cpp:301] all_reduce: ctx=0x592d9ccea130, seq_id=64, rank=1, nranks=2, dev=1, send=0x4004000000, recv=0x4004000000, cnt=67108864, root=-1, peer=-1, stream=0x592d9cce12e0, data=float, op=sum, group=0, num_host=1, algo=ring
[11:54:57][ddbff3a86679][22:164][DBG][XCCL][kl3_all_reduce.cpp:94] send buf addr 0x4004000000/0x402408e000 count 12
[11:54:57][ddbff3a86679][22:22][DBG][XCCL][helper.cpp:301] all_reduce: ctx=0x592d9ccea130, seq_id=65, rank=1, nranks=2, dev=1, send=0x4004000000, recv=0x4004000000, cnt=67108864, root=-1, peer=-1, stream=0x592d9cce12e0, data=float, op=sum, group=0, num_host=1, algo=ring
[11:54:57][ddbff3a86679][22:164][DBG][XCCL][kl3_all_reduce.cpp:94] send buf addr 0x4004000000/0x402408e000 count 12
[11:54:57][ddbff3a86679][22:22][DBG][XCCL][helper.cpp:301] all_reduce: ctx=0x592d9ccea130, seq_id=66, rank=1, nranks=2, dev=1, send=0x4004000000, recv=0x4004000000, cnt=67108864, root=-1, peer=-1, stream=0x592d9cce12e0, data=float, op=sum, group=0, num_host=1, algo=ring
[11:54:57][ddbff3a86679][22:164][DBG][XCCL][kl3_all_reduce.cpp:94] send buf addr 0x4004000000/0x402408e000 count 12
[11:54:57][ddbff3a86679][22:22][DBG][XCCL][helper.cpp:301] all_reduce: ctx=0x592d9ccea130, seq_id=67, rank=1, nranks=2, dev=1, send=0x4004000000, recv=0x4004000000, cnt=67108864, root=-1, peer=-1, stream=0x592d9cce12e0, data=float, op=sum, group=0, num_host=1, algo=ring
[11:54:57][ddbff3a86679][22:164][DBG][XCCL][kl3_all_reduce.cpp:94] send buf addr 0x4004000000/0x402408e000 count 12
[11:54:57][ddbff3a86679][22:22][DBG][XCCL][helper.cpp:301] all_reduce: ctx=0x592d9ccea130, seq_id=68, rank=1, nranks=2, dev=1, send=0x4004000000, recv=0x4004000000, cnt=67108864, root=-1, peer=-1, stream=0x592d9cce12e0, data=float, op=sum, group=0, num_host=1, algo=ring
[11:54:57][ddbff3a86679][22:164][DBG][XCCL][kl3_all_reduce.cpp:94] send buf addr 0x4004000000/0x402408e000 count 12
[11:54:57][ddbff3a86679][22:22][DBG][XCCL][helper.cpp:301] all_reduce: ctx=0x592d9ccea130, seq_id=69, rank=1, nranks=2, dev=1, send=0x4004000000, recv=0x4004000000, cnt=67108864, root=-1, peer=-1, stream=0x592d9cce12e0, data=float, op=sum, group=0, num_host=1, algo=ring
[11:54:57][ddbff3a86679][22:164][DBG][XCCL][kl3_all_reduce.cpp:94] send buf addr 0x4004000000/0x402408e000 count 12
[11:54:57][ddbff3a86679][22:22][DBG][XCCL][helper.cpp:301] all_reduce: ctx=0x592d9ccea130, seq_id=70, rank=1, nranks=2, dev=1, send=0x4004000000, recv=0x4004000000, cnt=67108864, root=-1, peer=-1, stream=0x592d9cce12e0, data=float, op=sum, group=0, num_host=1, algo=ring
[11:54:57][ddbff3a86679][22:164][DBG][XCCL][kl3_all_reduce.cpp:94] send buf addr 0x4004000000/0x402408e000 count 12
[11:54:57][ddbff3a86679][22:22][DBG][XCCL][helper.cpp:301] all_reduce: ctx=0x592d9ccea130, seq_id=71, rank=1, nranks=2, dev=1, send=0x4004000000, recv=0x4004000000, cnt=67108864, root=-1, peer=-1, stream=0x592d9cce12e0, data=float, op=sum, group=0, num_host=1, algo=ring
[11:54:57][ddbff3a86679][22:164][DBG][XCCL][kl3_all_reduce.cpp:94] send buf addr 0x4004000000/0x402408e000 count 12
[11:54:57][ddbff3a86679][22:22][DBG][XCCL][helper.cpp:301] all_reduce: ctx=0x592d9ccea130, seq_id=72, rank=1, nranks=2, dev=1, send=0x4004000000, recv=0x4004000000, cnt=67108864, root=-1, peer=-1, stream=0x592d9cce12e0, data=float, op=sum, group=0, num_host=1, algo=ring
[11:54:57][ddbff3a86679][22:164][DBG][XCCL][kl3_all_reduce.cpp:94] send buf addr 0x4004000000/0x402408e000 count 12
[11:54:57][ddbff3a86679][22:22][DBG][XCCL][helper.cpp:301] all_reduce: ctx=0x592d9ccea130, seq_id=73, rank=1, nranks=2, dev=1, send=0x4004000000, recv=0x4004000000, cnt=67108864, root=-1, peer=-1, stream=0x592d9cce12e0, data=float, op=sum, group=0, num_host=1, algo=ring
[11:54:57][ddbff3a86679][22:164][DBG][XCCL][kl3_all_reduce.cpp:94] send buf addr 0x4004000000/0x402408e000 count 12
[11:54:57][ddbff3a86679][22:22][DBG][XCCL][helper.cpp:301] all_reduce: ctx=0x592d9ccea130, seq_id=74, rank=1, nranks=2, dev=1, send=0x4004000000, recv=0x4004000000, cnt=67108864, root=-1, peer=-1, stream=0x592d9cce12e0, data=float, op=sum, group=0, num_host=1, algo=ring
[11:54:57][ddbff3a86679][22:164][DBG][XCCL][kl3_all_reduce.cpp:94] send buf addr 0x4004000000/0x402408e000 count 12
[11:54:57][ddbff3a86679][22:22][DBG][XCCL][helper.cpp:301] all_reduce: ctx=0x592d9ccea130, seq_id=75, rank=1, nranks=2, dev=1, send=0x4004000000, recv=0x4004000000, cnt=67108864, root=-1, peer=-1, stream=0x592d9cce12e0, data=float, op=sum, group=0, num_host=1, algo=ring
[11:54:57][ddbff3a86679][22:164][DBG][XCCL][kl3_all_reduce.cpp:94] send buf addr 0x4004000000/0x402408e000 count 12
[11:54:57][ddbff3a86679][22:22][DBG][XCCL][helper.cpp:301] all_reduce: ctx=0x592d9ccea130, seq_id=76, rank=1, nranks=2, dev=1, send=0x4004000000, recv=0x4004000000, cnt=67108864, root=-1, peer=-1, stream=0x592d9cce12e0, data=float, op=sum, group=0, num_host=1, algo=ring
[11:54:57][ddbff3a86679][22:164][DBG][XCCL][kl3_all_reduce.cpp:94] send buf addr 0x4004000000/0x402408e000 count 12
[11:54:57][ddbff3a86679][22:22][DBG][XCCL][helper.cpp:301] all_reduce: ctx=0x592d9ccea130, seq_id=77, rank=1, nranks=2, dev=1, send=0x4004000000, recv=0x4004000000, cnt=67108864, root=-1, peer=-1, stream=0x592d9cce12e0, data=float, op=sum, group=0, num_host=1, algo=ring
[11:54:57][ddbff3a86679][22:164][DBG][XCCL][kl3_all_reduce.cpp:94] send buf addr 0x4004000000/0x402408e000 count 12
[11:54:57][ddbff3a86679][22:22][DBG][XCCL][helper.cpp:301] all_reduce: ctx=0x592d9ccea130, seq_id=78, rank=1, nranks=2, dev=1, send=0x4004000000, recv=0x4004000000, cnt=67108864, root=-1, peer=-1, stream=0x592d9cce12e0, data=float, op=sum, group=0, num_host=1, algo=ring
[11:54:57][ddbff3a86679][22:164][DBG][XCCL][kl3_all_reduce.cpp:94] send buf addr 0x4004000000/0x402408e000 count 12
[11:54:57][ddbff3a86679][22:22][DBG][XCCL][helper.cpp:301] all_reduce: ctx=0x592d9ccea130, seq_id=79, rank=1, nranks=2, dev=1, send=0x4004000000, recv=0x4004000000, cnt=67108864, root=-1, peer=-1, stream=0x592d9cce12e0, data=float, op=sum, group=0, num_host=1, algo=ring
[11:54:57][ddbff3a86679][22:164][DBG][XCCL][kl3_all_reduce.cpp:94] send buf addr 0x4004000000/0x402408e000 count 12
[11:54:57][ddbff3a86679][22:22][DBG][XCCL][helper.cpp:301] all_reduce: ctx=0x592d9ccea130, seq_id=80, rank=1, nranks=2, dev=1, send=0x4004000000, recv=0x4004000000, cnt=67108864, root=-1, peer=-1, stream=0x592d9cce12e0, data=float, op=sum, group=0, num_host=1, algo=ring
[11:54:57][ddbff3a86679][22:164][DBG][XCCL][kl3_all_reduce.cpp:94] send buf addr 0x4004000000/0x402408e000 count 12
[11:54:57][ddbff3a86679][22:22][DBG][XCCL][helper.cpp:301] all_reduce: ctx=0x592d9ccea130, seq_id=81, rank=1, nranks=2, dev=1, send=0x4004000000, recv=0x4004000000, cnt=67108864, root=-1, peer=-1, stream=0x592d9cce12e0, data=float, op=sum, group=0, num_host=1, algo=ring
[11:54:57][ddbff3a86679][22:164][DBG][XCCL][kl3_all_reduce.cpp:94] send buf addr 0x4004000000/0x402408e000 count 12
[11:54:57][ddbff3a86679][22:22][DBG][XCCL][helper.cpp:301] all_reduce: ctx=0x592d9ccea130, seq_id=82, rank=1, nranks=2, dev=1, send=0x4004000000, recv=0x4004000000, cnt=67108864, root=-1, peer=-1, stream=0x592d9cce12e0, data=float, op=sum, group=0, num_host=1, algo=ring
[11:54:57][ddbff3a86679][22:164][DBG][XCCL][kl3_all_reduce.cpp:94] send buf addr 0x4004000000/0x402408e000 count 12
[11:54:57][ddbff3a86679][22:22][DBG][XCCL][helper.cpp:301] all_reduce: ctx=0x592d9ccea130, seq_id=83, rank=1, nranks=2, dev=1, send=0x4004000000, recv=0x4004000000, cnt=67108864, root=-1, peer=-1, stream=0x592d9cce12e0, data=float, op=sum, group=0, num_host=1, algo=ring
[11:54:57][ddbff3a86679][22:164][DBG][XCCL][kl3_all_reduce.cpp:94] send buf addr 0x4004000000/0x402408e000 count 12
[11:54:57][ddbff3a86679][22:22][DBG][XCCL][helper.cpp:301] all_reduce: ctx=0x592d9ccea130, seq_id=84, rank=1, nranks=2, dev=1, send=0x4004000000, recv=0x4004000000, cnt=67108864, root=-1, peer=-1, stream=0x592d9cce12e0, data=float, op=sum, group=0, num_host=1, algo=ring
[11:54:57][ddbff3a86679][22:164][DBG][XCCL][kl3_all_reduce.cpp:94] send buf addr 0x4004000000/0x402408e000 count 12
[11:54:57][ddbff3a86679][22:22][DBG][XCCL][helper.cpp:301] all_reduce: ctx=0x592d9ccea130, seq_id=85, rank=1, nranks=2, dev=1, send=0x4004000000, recv=0x4004000000, cnt=67108864, root=-1, peer=-1, stream=0x592d9cce12e0, data=float, op=sum, group=0, num_host=1, algo=ring
[11:54:57][ddbff3a86679][22:164][DBG][XCCL][kl3_all_reduce.cpp:94] send buf addr 0x4004000000/0x402408e000 count 12
[11:54:57][ddbff3a86679][22:22][DBG][XCCL][helper.cpp:301] all_reduce: ctx=0x592d9ccea130, seq_id=86, rank=1, nranks=2, dev=1, send=0x4004000000, recv=0x4004000000, cnt=67108864, root=-1, peer=-1, stream=0x592d9cce12e0, data=float, op=sum, group=0, num_host=1, algo=ring
[11:54:57][ddbff3a86679][22:164][DBG][XCCL][kl3_all_reduce.cpp:94] send buf addr 0x4004000000/0x402408e000 count 12
[11:54:57][ddbff3a86679][22:22][DBG][XCCL][helper.cpp:301] all_reduce: ctx=0x592d9ccea130, seq_id=87, rank=1, nranks=2, dev=1, send=0x4004000000, recv=0x4004000000, cnt=67108864, root=-1, peer=-1, stream=0x592d9cce12e0, data=float, op=sum, group=0, num_host=1, algo=ring
[11:54:57][ddbff3a86679][22:164][DBG][XCCL][kl3_all_reduce.cpp:94] send buf addr 0x4004000000/0x402408e000 count 12
[11:54:57][ddbff3a86679][22:22][DBG][XCCL][helper.cpp:301] all_reduce: ctx=0x592d9ccea130, seq_id=88, rank=1, nranks=2, dev=1, send=0x4004000000, recv=0x4004000000, cnt=67108864, root=-1, peer=-1, stream=0x592d9cce12e0, data=float, op=sum, group=0, num_host=1, algo=ring
[11:54:57][ddbff3a86679][22:164][DBG][XCCL][kl3_all_reduce.cpp:94] send buf addr 0x4004000000/0x402408e000 count 12
[11:54:57][ddbff3a86679][22:22][DBG][XCCL][helper.cpp:301] all_reduce: ctx=0x592d9ccea130, seq_id=89, rank=1, nranks=2, dev=1, send=0x4004000000, recv=0x4004000000, cnt=67108864, root=-1, peer=-1, stream=0x592d9cce12e0, data=float, op=sum, group=0, num_host=1, algo=ring
[11:54:57][ddbff3a86679][22:164][DBG][XCCL][kl3_all_reduce.cpp:94] send buf addr 0x4004000000/0x402408e000 count 12
[11:54:57][ddbff3a86679][22:22][DBG][XCCL][helper.cpp:301] all_reduce: ctx=0x592d9ccea130, seq_id=90, rank=1, nranks=2, dev=1, send=0x4004000000, recv=0x4004000000, cnt=67108864, root=-1, peer=-1, stream=0x592d9cce12e0, data=float, op=sum, group=0, num_host=1, algo=ring
[11:54:57][ddbff3a86679][22:164][DBG][XCCL][kl3_all_reduce.cpp:94] send buf addr 0x4004000000/0x402408e000 count 12
[11:54:57][ddbff3a86679][22:22][DBG][XCCL][helper.cpp:301] all_reduce: ctx=0x592d9ccea130, seq_id=91, rank=1, nranks=2, dev=1, send=0x4004000000, recv=0x4004000000, cnt=67108864, root=-1, peer=-1, stream=0x592d9cce12e0, data=float, op=sum, group=0, num_host=1, algo=ring
[11:54:57][ddbff3a86679][22:164][DBG][XCCL][kl3_all_reduce.cpp:94] send buf addr 0x4004000000/0x402408e000 count 12
[11:54:57][ddbff3a86679][22:22][DBG][XCCL][helper.cpp:301] all_reduce: ctx=0x592d9ccea130, seq_id=92, rank=1, nranks=2, dev=1, send=0x4004000000, recv=0x4004000000, cnt=67108864, root=-1, peer=-1, stream=0x592d9cce12e0, data=float, op=sum, group=0, num_host=1, algo=ring
[11:54:57][ddbff3a86679][22:164][DBG][XCCL][kl3_all_reduce.cpp:94] send buf addr 0x4004000000/0x402408e000 count 12
[11:54:57][ddbff3a86679][22:22][DBG][XCCL][helper.cpp:301] all_reduce: ctx=0x592d9ccea130, seq_id=93, rank=1, nranks=2, dev=1, send=0x4004000000, recv=0x4004000000, cnt=67108864, root=-1, peer=-1, stream=0x592d9cce12e0, data=float, op=sum, group=0, num_host=1, algo=ring
[11:54:57][ddbff3a86679][22:164][DBG][XCCL][kl3_all_reduce.cpp:94] send buf addr 0x4004000000/0x402408e000 count 12
[11:54:57][ddbff3a86679][22:22][DBG][XCCL][helper.cpp:301] all_reduce: ctx=0x592d9ccea130, seq_id=94, rank=1, nranks=2, dev=1, send=0x4004000000, recv=0x4004000000, cnt=67108864, root=-1, peer=-1, stream=0x592d9cce12e0, data=float, op=sum, group=0, num_host=1, algo=ring
[11:54:57][ddbff3a86679][22:164][DBG][XCCL][kl3_all_reduce.cpp:94] send buf addr 0x4004000000/0x402408e000 count 12
[11:54:57][ddbff3a86679][22:22][DBG][XCCL][helper.cpp:301] all_reduce: ctx=0x592d9ccea130, seq_id=95, rank=1, nranks=2, dev=1, send=0x4004000000, recv=0x4004000000, cnt=67108864, root=-1, peer=-1, stream=0x592d9cce12e0, data=float, op=sum, group=0, num_host=1, algo=ring
[11:54:57][ddbff3a86679][22:164][DBG][XCCL][kl3_all_reduce.cpp:94] send buf addr 0x4004000000/0x402408e000 count 12
[11:54:57][ddbff3a86679][22:22][DBG][XCCL][helper.cpp:301] all_reduce: ctx=0x592d9ccea130, seq_id=96, rank=1, nranks=2, dev=1, send=0x4004000000, recv=0x4004000000, cnt=67108864, root=-1, peer=-1, stream=0x592d9cce12e0, data=float, op=sum, group=0, num_host=1, algo=ring
[11:54:57][ddbff3a86679][22:164][DBG][XCCL][kl3_all_reduce.cpp:94] send buf addr 0x4004000000/0x402408e000 count 12
[11:54:57][ddbff3a86679][22:22][DBG][XCCL][helper.cpp:301] all_reduce: ctx=0x592d9ccea130, seq_id=97, rank=1, nranks=2, dev=1, send=0x4004000000, recv=0x4004000000, cnt=67108864, root=-1, peer=-1, stream=0x592d9cce12e0, data=float, op=sum, group=0, num_host=1, algo=ring
[11:54:57][ddbff3a86679][22:164][DBG][XCCL][kl3_all_reduce.cpp:94] send buf addr 0x4004000000/0x402408e000 count 12
[11:54:57][ddbff3a86679][22:22][DBG][XCCL][helper.cpp:301] all_reduce: ctx=0x592d9ccea130, seq_id=98, rank=1, nranks=2, dev=1, send=0x4004000000, recv=0x4004000000, cnt=67108864, root=-1, peer=-1, stream=0x592d9cce12e0, data=float, op=sum, group=0, num_host=1, algo=ring
[11:54:57][ddbff3a86679][22:164][DBG][XCCL][kl3_all_reduce.cpp:94] send buf addr 0x4004000000/0x402408e000 count 12
[11:54:57][ddbff3a86679][22:22][DBG][XCCL][helper.cpp:301] all_reduce: ctx=0x592d9ccea130, seq_id=99, rank=1, nranks=2, dev=1, send=0x4004000000, recv=0x4004000000, cnt=67108864, root=-1, peer=-1, stream=0x592d9cce12e0, data=float, op=sum, group=0, num_host=1, algo=ring
[11:54:57][ddbff3a86679][22:164][DBG][XCCL][kl3_all_reduce.cpp:94] send buf addr 0x4004000000/0x402408e000 count 12
[11:54:57][ddbff3a86679][22:22][DBG][XCCL][helper.cpp:301] all_reduce: ctx=0x592d9ccea130, seq_id=100, rank=1, nranks=2, dev=1, send=0x4004000000, recv=0x4004000000, cnt=67108864, root=-1, peer=-1, stream=0x592d9cce12e0, data=float, op=sum, group=0, num_host=1, algo=ring
[11:54:57][ddbff3a86679][22:164][DBG][XCCL][kl3_all_reduce.cpp:94] send buf addr 0x4004000000/0x402408e000 count 12
[11:54:57][ddbff3a86679][22:22][DBG][XCCL][helper.cpp:301] all_reduce: ctx=0x592d9ccea130, seq_id=101, rank=1, nranks=2, dev=1, send=0x4004000000, recv=0x4004000000, cnt=67108864, root=-1, peer=-1, stream=0x592d9cce12e0, data=float, op=sum, group=0, num_host=1, algo=ring
[11:54:57][ddbff3a86679][22:164][DBG][XCCL][kl3_all_reduce.cpp:94] send buf addr 0x4004000000/0x402408e000 count 12
[11:54:57][ddbff3a86679][22:22][DBG][XCCL][helper.cpp:301] all_reduce: ctx=0x592d9ccea130, seq_id=102, rank=1, nranks=2, dev=1, send=0x4004000000, recv=0x4004000000, cnt=67108864, root=-1, peer=-1, stream=0x592d9cce12e0, data=float, op=sum, group=0, num_host=1, algo=ring
[11:54:57][ddbff3a86679][22:164][DBG][XCCL][kl3_all_reduce.cpp:94] send buf addr 0x4004000000/0x402408e000 count 12
[11:54:57][ddbff3a86679][22:22][DBG][XCCL][helper.cpp:301] all_reduce: ctx=0x592d9ccea130, seq_id=103, rank=1, nranks=2, dev=1, send=0x4004000000, recv=0x4004000000, cnt=67108864, root=-1, peer=-1, stream=0x592d9cce12e0, data=float, op=sum, group=0, num_host=1, algo=ring
[11:54:57][ddbff3a86679][22:164][DBG][XCCL][kl3_all_reduce.cpp:94] send buf addr 0x4004000000/0x402408e000 count 12
[11:54:57][ddbff3a86679][22:22][DBG][XCCL][helper.cpp:301] all_reduce: ctx=0x592d9ccea130, seq_id=104, rank=1, nranks=2, dev=1, send=0x4004000000, recv=0x4004000000, cnt=67108864, root=-1, peer=-1, stream=0x592d9cce12e0, data=float, op=sum, group=0, num_host=1, algo=ring
[11:54:57][ddbff3a86679][22:164][DBG][XCCL][kl3_all_reduce.cpp:94] send buf addr 0x4004000000/0x402408e000 count 12
[11:54:57][ddbff3a86679][22:22][DBG][XCCL][helper.cpp:301] all_reduce: ctx=0x592d9ccea130, seq_id=105, rank=1, nranks=2, dev=1, send=0x4004000000, recv=0x4004000000, cnt=67108864, root=-1, peer=-1, stream=0x592d9cce12e0, data=float, op=sum, group=0, num_host=1, algo=ring
[11:54:57][ddbff3a86679][22:164][DBG][XCCL][kl3_all_reduce.cpp:94] send buf addr 0x4004000000/0x402408e000 count 12
[11:54:57][ddbff3a86679][22:22][DBG][XCCL][helper.cpp:301] all_reduce: ctx=0x592d9ccea130, seq_id=106, rank=1, nranks=2, dev=1, send=0x4004000000, recv=0x4004000000, cnt=67108864, root=-1, peer=-1, stream=0x592d9cce12e0, data=float, op=sum, group=0, num_host=1, algo=ring
[11:54:57][ddbff3a86679][22:164][DBG][XCCL][kl3_all_reduce.cpp:94] send buf addr 0x4004000000/0x402408e000 count 12
[11:54:57][ddbff3a86679][22:22][DBG][XCCL][helper.cpp:301] all_reduce: ctx=0x592d9ccea130, seq_id=107, rank=1, nranks=2, dev=1, send=0x4004000000, recv=0x4004000000, cnt=67108864, root=-1, peer=-1, stream=0x592d9cce12e0, data=float, op=sum, group=0, num_host=1, algo=ring
[11:54:57][ddbff3a86679][22:164][DBG][XCCL][kl3_all_reduce.cpp:94] send buf addr 0x4004000000/0x402408e000 count 12
[11:54:57][ddbff3a86679][22:22][DBG][XCCL][helper.cpp:301] all_reduce: ctx=0x592d9ccea130, seq_id=108, rank=1, nranks=2, dev=1, send=0x4004000000, recv=0x4004000000, cnt=67108864, root=-1, peer=-1, stream=0x592d9cce12e0, data=float, op=sum, group=0, num_host=1, algo=ring
[11:54:57][ddbff3a86679][22:164][DBG][XCCL][kl3_all_reduce.cpp:94] send buf addr 0x4004000000/0x402408e000 count 12
[11:54:57][ddbff3a86679][22:22][DBG][XCCL][helper.cpp:301] all_reduce: ctx=0x592d9ccea130, seq_id=109, rank=1, nranks=2, dev=1, send=0x4004000000, recv=0x4004000000, cnt=67108864, root=-1, peer=-1, stream=0x592d9cce12e0, data=float, op=sum, group=0, num_host=1, algo=ring
[11:54:57][ddbff3a86679][22:164][DBG][XCCL][kl3_all_reduce.cpp:94] send buf addr 0x4004000000/0x402408e000 count 12
[11:54:57][ddbff3a86679][22:22][DBG][XCCL][helper.cpp:301] all_reduce: ctx=0x592d9ccea130, seq_id=110, rank=1, nranks=2, dev=1, send=0x4004000000, recv=0x4004000000, cnt=67108864, root=-1, peer=-1, stream=0x592d9cce12e0, data=float, op=sum, group=0, num_host=1, algo=ring
[11:54:57][ddbff3a86679][22:164][DBG][XCCL][kl3_all_reduce.cpp:94] send buf addr 0x4004000000/0x402408e000 count 12
[11:54:57][ddbff3a86679][22:22][DBG][XCCL][helper.cpp:301] all_reduce: ctx=0x592d9ccea130, seq_id=111, rank=1, nranks=2, dev=1, send=0x4004000000, recv=0x4004000000, cnt=67108864, root=-1, peer=-1, stream=0x592d9cce12e0, data=float, op=sum, group=0, num_host=1, algo=ring
[11:54:57][ddbff3a86679][22:164][DBG][XCCL][kl3_all_reduce.cpp:94] send buf addr 0x4004000000/0x402408e000 count 12
[11:54:57][ddbff3a86679][22:22][DBG][XCCL][helper.cpp:301] all_reduce: ctx=0x592d9ccea130, seq_id=112, rank=1, nranks=2, dev=1, send=0x4004000000, recv=0x4004000000, cnt=67108864, root=-1, peer=-1, stream=0x592d9cce12e0, data=float, op=sum, group=0, num_host=1, algo=ring
[11:54:57][ddbff3a86679][22:164][DBG][XCCL][kl3_all_reduce.cpp:94] send buf addr 0x4004000000/0x402408e000 count 12
[11:54:57][ddbff3a86679][22:22][DBG][XCCL][helper.cpp:301] all_reduce: ctx=0x592d9ccea130, seq_id=113, rank=1, nranks=2, dev=1, send=0x4004000000, recv=0x4004000000, cnt=67108864, root=-1, peer=-1, stream=0x592d9cce12e0, data=float, op=sum, group=0, num_host=1, algo=ring
[11:54:57][ddbff3a86679][22:164][DBG][XCCL][kl3_all_reduce.cpp:94] send buf addr 0x4004000000/0x402408e000 count 12
[11:54:57][ddbff3a86679][22:22][DBG][XCCL][helper.cpp:301] all_reduce: ctx=0x592d9ccea130, seq_id=114, rank=1, nranks=2, dev=1, send=0x4004000000, recv=0x4004000000, cnt=67108864, root=-1, peer=-1, stream=0x592d9cce12e0, data=float, op=sum, group=0, num_host=1, algo=ring
[11:54:57][ddbff3a86679][22:164][DBG][XCCL][kl3_all_reduce.cpp:94] send buf addr 0x4004000000/0x402408e000 count 12
[11:54:57][ddbff3a86679][22:22][DBG][XCCL][helper.cpp:301] all_reduce: ctx=0x592d9ccea130, seq_id=115, rank=1, nranks=2, dev=1, send=0x4004000000, recv=0x4004000000, cnt=67108864, root=-1, peer=-1, stream=0x592d9cce12e0, data=float, op=sum, group=0, num_host=1, algo=ring
[11:54:57][ddbff3a86679][22:164][DBG][XCCL][kl3_all_reduce.cpp:94] send buf addr 0x4004000000/0x402408e000 count 12
[11:54:57][ddbff3a86679][22:22][DBG][XCCL][helper.cpp:301] all_reduce: ctx=0x592d9ccea130, seq_id=116, rank=1, nranks=2, dev=1, send=0x4004000000, recv=0x4004000000, cnt=67108864, root=-1, peer=-1, stream=0x592d9cce12e0, data=float, op=sum, group=0, num_host=1, algo=ring
[11:54:57][ddbff3a86679][22:164][DBG][XCCL][kl3_all_reduce.cpp:94] send buf addr 0x4004000000/0x402408e000 count 12
[11:54:57][ddbff3a86679][22:22][DBG][XCCL][helper.cpp:301] all_reduce: ctx=0x592d9ccea130, seq_id=117, rank=1, nranks=2, dev=1, send=0x4004000000, recv=0x4004000000, cnt=67108864, root=-1, peer=-1, stream=0x592d9cce12e0, data=float, op=sum, group=0, num_host=1, algo=ring
[11:54:57][ddbff3a86679][22:164][DBG][XCCL][kl3_all_reduce.cpp:94] send buf addr 0x4004000000/0x402408e000 count 12
[11:54:57][ddbff3a86679][22:22][DBG][XCCL][helper.cpp:301] all_reduce: ctx=0x592d9ccea130, seq_id=118, rank=1, nranks=2, dev=1, send=0x4004000000, recv=0x4004000000, cnt=67108864, root=-1, peer=-1, stream=0x592d9cce12e0, data=float, op=sum, group=0, num_host=1, algo=ring
[11:54:57][ddbff3a86679][22:164][DBG][XCCL][kl3_all_reduce.cpp:94] send buf addr 0x4004000000/0x402408e000 count 12
[11:54:57][ddbff3a86679][22:22][DBG][XCCL][helper.cpp:301] all_reduce: ctx=0x592d9ccea130, seq_id=119, rank=1, nranks=2, dev=1, send=0x4004000000, recv=0x4004000000, cnt=67108864, root=-1, peer=-1, stream=0x592d9cce12e0, data=float, op=sum, group=0, num_host=1, algo=ring
[11:54:57][ddbff3a86679][22:164][DBG][XCCL][kl3_all_reduce.cpp:94] send buf addr 0x4004000000/0x402408e000 count 12
[11:54:57][ddbff3a86679][22:22][DBG][XCCL][helper.cpp:301] all_reduce: ctx=0x592d9ccea130, seq_id=120, rank=1, nranks=2, dev=1, send=0x4004000000, recv=0x4004000000, cnt=67108864, root=-1, peer=-1, stream=0x592d9cce12e0, data=float, op=sum, group=0, num_host=1, algo=ring
[11:54:57][ddbff3a86679][22:164][DBG][XCCL][kl3_all_reduce.cpp:94] send buf addr 0x4004000000/0x402408e000 count 12
[11:54:57][ddbff3a86679][22:22][DBG][XCCL][helper.cpp:301] all_reduce: ctx=0x592d9ccea130, seq_id=121, rank=1, nranks=2, dev=1, send=0x4004000000, recv=0x4004000000, cnt=67108864, root=-1, peer=-1, stream=0x592d9cce12e0, data=float, op=sum, group=0, num_host=1, algo=ring
[11:54:57][ddbff3a86679][22:164][DBG][XCCL][kl3_all_reduce.cpp:94] send buf addr 0x4004000000/0x402408e000 count 12
[11:54:57][ddbff3a86679][22:22][DBG][XCCL][helper.cpp:301] all_reduce: ctx=0x592d9ccea130, seq_id=122, rank=1, nranks=2, dev=1, send=0x4004000000, recv=0x4004000000, cnt=67108864, root=-1, peer=-1, stream=0x592d9cce12e0, data=float, op=sum, group=0, num_host=1, algo=ring
[11:54:57][ddbff3a86679][22:164][DBG][XCCL][kl3_all_reduce.cpp:94] send buf addr 0x4004000000/0x402408e000 count 12
[11:54:57][ddbff3a86679][22:22][DBG][XCCL][helper.cpp:301] all_reduce: ctx=0x592d9ccea130, seq_id=123, rank=1, nranks=2, dev=1, send=0x4004000000, recv=0x4004000000, cnt=67108864, root=-1, peer=-1, stream=0x592d9cce12e0, data=float, op=sum, group=0, num_host=1, algo=ring
[11:54:57][ddbff3a86679][22:164][DBG][XCCL][kl3_all_reduce.cpp:94] send buf addr 0x4004000000/0x402408e000 count 12
[11:54:57][ddbff3a86679][22:22][DBG][XCCL][helper.cpp:301] all_reduce: ctx=0x592d9ccea130, seq_id=124, rank=1, nranks=2, dev=1, send=0x4004000000, recv=0x4004000000, cnt=67108864, root=-1, peer=-1, stream=0x592d9cce12e0, data=float, op=sum, group=0, num_host=1, algo=ring
[11:54:57][ddbff3a86679][22:164][DBG][XCCL][kl3_all_reduce.cpp:94] send buf addr 0x4004000000/0x402408e000 count 12
[11:54:57][ddbff3a86679][22:22][DBG][XCCL][helper.cpp:301] all_reduce: ctx=0x592d9ccea130, seq_id=125, rank=1, nranks=2, dev=1, send=0x4004000000, recv=0x4004000000, cnt=67108864, root=-1, peer=-1, stream=0x592d9cce12e0, data=float, op=sum, group=0, num_host=1, algo=ring
[11:54:57][ddbff3a86679][22:164][DBG][XCCL][kl3_all_reduce.cpp:94] send buf addr 0x4004000000/0x402408e000 count 12
[11:54:57][ddbff3a86679][22:22][DBG][XCCL][helper.cpp:301] all_reduce: ctx=0x592d9ccea130, seq_id=126, rank=1, nranks=2, dev=1, send=0x4004000000, recv=0x4004000000, cnt=67108864, root=-1, peer=-1, stream=0x592d9cce12e0, data=float, op=sum, group=0, num_host=1, algo=ring
[11:54:57][ddbff3a86679][22:164][DBG][XCCL][kl3_all_reduce.cpp:94] send buf addr 0x4004000000/0x402408e000 count 12
[11:54:57][ddbff3a86679][22:22][DBG][XCCL][helper.cpp:301] all_reduce: ctx=0x592d9ccea130, seq_id=127, rank=1, nranks=2, dev=1, send=0x4004000000, recv=0x4004000000, cnt=67108864, root=-1, peer=-1, stream=0x592d9cce12e0, data=float, op=sum, group=0, num_host=1, algo=ring
[11:54:57][ddbff3a86679][22:164][DBG][XCCL][kl3_all_reduce.cpp:94] send buf addr 0x4004000000/0x402408e000 count 12
[11:54:57][ddbff3a86679][22:22][DBG][XCCL][helper.cpp:301] all_reduce: ctx=0x592d9ccea130, seq_id=128, rank=1, nranks=2, dev=1, send=0x4004000000, recv=0x4004000000, cnt=67108864, root=-1, peer=-1, stream=0x592d9cce12e0, data=float, op=sum, group=0, num_host=1, algo=ring
[11:54:57][ddbff3a86679][22:164][DBG][XCCL][kl3_all_reduce.cpp:94] send buf addr 0x4004000000/0x402408e000 count 12
[11:54:57][ddbff3a86679][22:22][DBG][XCCL][helper.cpp:301] all_reduce: ctx=0x592d9ccea130, seq_id=129, rank=1, nranks=2, dev=1, send=0x4004000000, recv=0x4004000000, cnt=67108864, root=-1, peer=-1, stream=0x592d9cce12e0, data=float, op=sum, group=0, num_host=1, algo=ring
[11:54:57][ddbff3a86679][22:164][DBG][XCCL][kl3_all_reduce.cpp:94] send buf addr 0x4004000000/0x402408e000 count 12
[11:54:57][ddbff3a86679][22:22][DBG][XCCL][helper.cpp:301] all_reduce: ctx=0x592d9ccea130, seq_id=130, rank=1, nranks=2, dev=1, send=0x4004000000, recv=0x4004000000, cnt=67108864, root=-1, peer=-1, stream=0x592d9cce12e0, data=float, op=sum, group=0, num_host=1, algo=ring
[11:54:57][ddbff3a86679][22:164][DBG][XCCL][kl3_all_reduce.cpp:94] send buf addr 0x4004000000/0x402408e000 count 12
[11:54:57][ddbff3a86679][22:22][DBG][XCCL][helper.cpp:301] all_reduce: ctx=0x592d9ccea130, seq_id=131, rank=1, nranks=2, dev=1, send=0x4004000000, recv=0x4004000000, cnt=67108864, root=-1, peer=-1, stream=0x592d9cce12e0, data=float, op=sum, group=0, num_host=1, algo=ring
[11:54:57][ddbff3a86679][22:164][DBG][XCCL][kl3_all_reduce.cpp:94] send buf addr 0x4004000000/0x402408e000 count 12
[11:54:57][ddbff3a86679][22:22][DBG][XCCL][helper.cpp:301] all_reduce: ctx=0x592d9ccea130, seq_id=132, rank=1, nranks=2, dev=1, send=0x4004000000, recv=0x4004000000, cnt=67108864, root=-1, peer=-1, stream=0x592d9cce12e0, data=float, op=sum, group=0, num_host=1, algo=ring
[11:54:57][ddbff3a86679][22:164][DBG][XCCL][kl3_all_reduce.cpp:94] send buf addr 0x4004000000/0x402408e000 count 12
[11:54:57][ddbff3a86679][22:22][DBG][XCCL][helper.cpp:301] all_reduce: ctx=0x592d9ccea130, seq_id=133, rank=1, nranks=2, dev=1, send=0x4004000000, recv=0x4004000000, cnt=67108864, root=-1, peer=-1, stream=0x592d9cce12e0, data=float, op=sum, group=0, num_host=1, algo=ring
[11:54:57][ddbff3a86679][22:164][DBG][XCCL][kl3_all_reduce.cpp:94] send buf addr 0x4004000000/0x402408e000 count 12
[11:54:57][ddbff3a86679][22:22][DBG][XCCL][helper.cpp:301] all_reduce: ctx=0x592d9ccea130, seq_id=134, rank=1, nranks=2, dev=1, send=0x4004000000, recv=0x4004000000, cnt=67108864, root=-1, peer=-1, stream=0x592d9cce12e0, data=float, op=sum, group=0, num_host=1, algo=ring
[11:54:57][ddbff3a86679][22:164][DBG][XCCL][kl3_all_reduce.cpp:94] send buf addr 0x4004000000/0x402408e000 count 12
[11:54:57][ddbff3a86679][22:22][DBG][XCCL][helper.cpp:301] all_reduce: ctx=0x592d9ccea130, seq_id=135, rank=1, nranks=2, dev=1, send=0x4004000000, recv=0x4004000000, cnt=67108864, root=-1, peer=-1, stream=0x592d9cce12e0, data=float, op=sum, group=0, num_host=1, algo=ring
[11:54:57][ddbff3a86679][22:164][DBG][XCCL][kl3_all_reduce.cpp:94] send buf addr 0x4004000000/0x402408e000 count 12
[11:54:57][ddbff3a86679][22:22][DBG][XCCL][helper.cpp:301] all_reduce: ctx=0x592d9ccea130, seq_id=136, rank=1, nranks=2, dev=1, send=0x4004000000, recv=0x4004000000, cnt=67108864, root=-1, peer=-1, stream=0x592d9cce12e0, data=float, op=sum, group=0, num_host=1, algo=ring
[11:54:57][ddbff3a86679][22:164][DBG][XCCL][kl3_all_reduce.cpp:94] send buf addr 0x4004000000/0x402408e000 count 12
[11:54:57][ddbff3a86679][22:22][DBG][XCCL][helper.cpp:301] all_reduce: ctx=0x592d9ccea130, seq_id=137, rank=1, nranks=2, dev=1, send=0x4004000000, recv=0x4004000000, cnt=67108864, root=-1, peer=-1, stream=0x592d9cce12e0, data=float, op=sum, group=0, num_host=1, algo=ring
[11:54:57][ddbff3a86679][22:164][DBG][XCCL][kl3_all_reduce.cpp:94] send buf addr 0x4004000000/0x402408e000 count 12
[11:54:57][ddbff3a86679][22:22][DBG][XCCL][helper.cpp:301] all_reduce: ctx=0x592d9ccea130, seq_id=138, rank=1, nranks=2, dev=1, send=0x4004000000, recv=0x4004000000, cnt=67108864, root=-1, peer=-1, stream=0x592d9cce12e0, data=float, op=sum, group=0, num_host=1, algo=ring
[11:54:57][ddbff3a86679][22:164][DBG][XCCL][kl3_all_reduce.cpp:94] send buf addr 0x4004000000/0x402408e000 count 12
[11:54:57][ddbff3a86679][22:22][DBG][XCCL][helper.cpp:301] all_reduce: ctx=0x592d9ccea130, seq_id=139, rank=1, nranks=2, dev=1, send=0x4004000000, recv=0x4004000000, cnt=67108864, root=-1, peer=-1, stream=0x592d9cce12e0, data=float, op=sum, group=0, num_host=1, algo=ring
[11:54:57][ddbff3a86679][22:164][DBG][XCCL][kl3_all_reduce.cpp:94] send buf addr 0x4004000000/0x402408e000 count 12
[11:54:57][ddbff3a86679][22:22][DBG][XCCL][helper.cpp:301] all_reduce: ctx=0x592d9ccea130, seq_id=140, rank=1, nranks=2, dev=1, send=0x4004000000, recv=0x4004000000, cnt=67108864, root=-1, peer=-1, stream=0x592d9cce12e0, data=float, op=sum, group=0, num_host=1, algo=ring
[11:54:57][ddbff3a86679][22:164][DBG][XCCL][kl3_all_reduce.cpp:94] send buf addr 0x4004000000/0x402408e000 count 12
[11:54:57][ddbff3a86679][22:22][DBG][XCCL][helper.cpp:301] all_reduce: ctx=0x592d9ccea130, seq_id=141, rank=1, nranks=2, dev=1, send=0x4004000000, recv=0x4004000000, cnt=67108864, root=-1, peer=-1, stream=0x592d9cce12e0, data=float, op=sum, group=0, num_host=1, algo=ring
[11:54:57][ddbff3a86679][22:164][DBG][XCCL][kl3_all_reduce.cpp:94] send buf addr 0x4004000000/0x402408e000 count 12
[11:54:57][ddbff3a86679][22:22][DBG][XCCL][helper.cpp:301] all_reduce: ctx=0x592d9ccea130, seq_id=142, rank=1, nranks=2, dev=1, send=0x4004000000, recv=0x4004000000, cnt=67108864, root=-1, peer=-1, stream=0x592d9cce12e0, data=float, op=sum, group=0, num_host=1, algo=ring
[11:54:57][ddbff3a86679][22:164][DBG][XCCL][kl3_all_reduce.cpp:94] send buf addr 0x4004000000/0x402408e000 count 12
[11:54:57][ddbff3a86679][22:22][DBG][XCCL][helper.cpp:301] all_reduce: ctx=0x592d9ccea130, seq_id=143, rank=1, nranks=2, dev=1, send=0x4004000000, recv=0x4004000000, cnt=67108864, root=-1, peer=-1, stream=0x592d9cce12e0, data=float, op=sum, group=0, num_host=1, algo=ring
[11:54:57][ddbff3a86679][22:164][DBG][XCCL][kl3_all_reduce.cpp:94] send buf addr 0x4004000000/0x402408e000 count 12
[11:54:57][ddbff3a86679][22:22][DBG][XCCL][helper.cpp:301] all_reduce: ctx=0x592d9ccea130, seq_id=144, rank=1, nranks=2, dev=1, send=0x4004000000, recv=0x4004000000, cnt=67108864, root=-1, peer=-1, stream=0x592d9cce12e0, data=float, op=sum, group=0, num_host=1, algo=ring
[11:54:57][ddbff3a86679][22:164][DBG][XCCL][kl3_all_reduce.cpp:94] send buf addr 0x4004000000/0x402408e000 count 12
[11:54:57][ddbff3a86679][22:22][DBG][XCCL][helper.cpp:301] all_reduce: ctx=0x592d9ccea130, seq_id=145, rank=1, nranks=2, dev=1, send=0x4004000000, recv=0x4004000000, cnt=67108864, root=-1, peer=-1, stream=0x592d9cce12e0, data=float, op=sum, group=0, num_host=1, algo=ring
[11:54:57][ddbff3a86679][22:164][DBG][XCCL][kl3_all_reduce.cpp:94] send buf addr 0x4004000000/0x402408e000 count 12
[11:54:57][ddbff3a86679][22:22][DBG][XCCL][helper.cpp:301] all_reduce: ctx=0x592d9ccea130, seq_id=146, rank=1, nranks=2, dev=1, send=0x4004000000, recv=0x4004000000, cnt=67108864, root=-1, peer=-1, stream=0x592d9cce12e0, data=float, op=sum, group=0, num_host=1, algo=ring
[11:54:57][ddbff3a86679][22:164][DBG][XCCL][kl3_all_reduce.cpp:94] send buf addr 0x4004000000/0x402408e000 count 12
[11:54:57][ddbff3a86679][22:22][DBG][XCCL][helper.cpp:301] all_reduce: ctx=0x592d9ccea130, seq_id=147, rank=1, nranks=2, dev=1, send=0x4004000000, recv=0x4004000000, cnt=67108864, root=-1, peer=-1, stream=0x592d9cce12e0, data=float, op=sum, group=0, num_host=1, algo=ring
[11:54:57][ddbff3a86679][22:164][DBG][XCCL][kl3_all_reduce.cpp:94] send buf addr 0x4004000000/0x402408e000 count 12
[11:54:57][ddbff3a86679][22:22][DBG][XCCL][helper.cpp:301] all_reduce: ctx=0x592d9ccea130, seq_id=148, rank=1, nranks=2, dev=1, send=0x4004000000, recv=0x4004000000, cnt=67108864, root=-1, peer=-1, stream=0x592d9cce12e0, data=float, op=sum, group=0, num_host=1, algo=ring
[11:54:57][ddbff3a86679][22:164][DBG][XCCL][kl3_all_reduce.cpp:94] send buf addr 0x4004000000/0x402408e000 count 12
[11:54:57][ddbff3a86679][22:22][DBG][XCCL][helper.cpp:301] all_reduce: ctx=0x592d9ccea130, seq_id=149, rank=1, nranks=2, dev=1, send=0x4004000000, recv=0x4004000000, cnt=67108864, root=-1, peer=-1, stream=0x592d9cce12e0, data=float, op=sum, group=0, num_host=1, algo=ring
[11:54:57][ddbff3a86679][22:164][DBG][XCCL][kl3_all_reduce.cpp:94] send buf addr 0x4004000000/0x402408e000 count 12
[11:54:57][ddbff3a86679][22:22][DBG][XCCL][helper.cpp:301] all_reduce: ctx=0x592d9ccea130, seq_id=150, rank=1, nranks=2, dev=1, send=0x4004000000, recv=0x4004000000, cnt=67108864, root=-1, peer=-1, stream=0x592d9cce12e0, data=float, op=sum, group=0, num_host=1, algo=ring
[11:54:57][ddbff3a86679][22:164][DBG][XCCL][kl3_all_reduce.cpp:94] send buf addr 0x4004000000/0x402408e000 count 12
[11:54:57][ddbff3a86679][22:22][DBG][XCCL][helper.cpp:301] all_reduce: ctx=0x592d9ccea130, seq_id=151, rank=1, nranks=2, dev=1, send=0x4004000000, recv=0x4004000000, cnt=67108864, root=-1, peer=-1, stream=0x592d9cce12e0, data=float, op=sum, group=0, num_host=1, algo=ring
[11:54:57][ddbff3a86679][22:164][DBG][XCCL][kl3_all_reduce.cpp:94] send buf addr 0x4004000000/0x402408e000 count 12
[11:54:57][ddbff3a86679][22:22][DBG][XCCL][helper.cpp:301] all_reduce: ctx=0x592d9ccea130, seq_id=152, rank=1, nranks=2, dev=1, send=0x4004000000, recv=0x4004000000, cnt=67108864, root=-1, peer=-1, stream=0x592d9cce12e0, data=float, op=sum, group=0, num_host=1, algo=ring
[11:54:57][ddbff3a86679][22:164][DBG][XCCL][kl3_all_reduce.cpp:94] send buf addr 0x4004000000/0x402408e000 count 12
[11:54:57][ddbff3a86679][22:22][DBG][XCCL][helper.cpp:301] all_reduce: ctx=0x592d9ccea130, seq_id=153, rank=1, nranks=2, dev=1, send=0x4004000000, recv=0x4004000000, cnt=67108864, root=-1, peer=-1, stream=0x592d9cce12e0, data=float, op=sum, group=0, num_host=1, algo=ring
[11:54:57][ddbff3a86679][22:164][DBG][XCCL][kl3_all_reduce.cpp:94] send buf addr 0x4004000000/0x402408e000 count 12
[11:54:57][ddbff3a86679][22:22][DBG][XCCL][helper.cpp:301] all_reduce: ctx=0x592d9ccea130, seq_id=154, rank=1, nranks=2, dev=1, send=0x4004000000, recv=0x4004000000, cnt=67108864, root=-1, peer=-1, stream=0x592d9cce12e0, data=float, op=sum, group=0, num_host=1, algo=ring
[11:54:57][ddbff3a86679][22:164][DBG][XCCL][kl3_all_reduce.cpp:94] send buf addr 0x4004000000/0x402408e000 count 12
[11:54:57][ddbff3a86679][22:22][DBG][XCCL][helper.cpp:301] all_reduce: ctx=0x592d9ccea130, seq_id=155, rank=1, nranks=2, dev=1, send=0x4004000000, recv=0x4004000000, cnt=67108864, root=-1, peer=-1, stream=0x592d9cce12e0, data=float, op=sum, group=0, num_host=1, algo=ring
[11:54:57][ddbff3a86679][22:164][DBG][XCCL][kl3_all_reduce.cpp:94] send buf addr 0x4004000000/0x402408e000 count 12
[11:54:57][ddbff3a86679][22:22][DBG][XCCL][helper.cpp:301] all_reduce: ctx=0x592d9ccea130, seq_id=156, rank=1, nranks=2, dev=1, send=0x4004000000, recv=0x4004000000, cnt=67108864, root=-1, peer=-1, stream=0x592d9cce12e0, data=float, op=sum, group=0, num_host=1, algo=ring
[11:54:57][ddbff3a86679][22:164][DBG][XCCL][kl3_all_reduce.cpp:94] send buf addr 0x4004000000/0x402408e000 count 12
[11:54:57][ddbff3a86679][22:22][DBG][XCCL][helper.cpp:301] all_reduce: ctx=0x592d9ccea130, seq_id=157, rank=1, nranks=2, dev=1, send=0x4004000000, recv=0x4004000000, cnt=67108864, root=-1, peer=-1, stream=0x592d9cce12e0, data=float, op=sum, group=0, num_host=1, algo=ring
[11:54:57][ddbff3a86679][22:164][DBG][XCCL][kl3_all_reduce.cpp:94] send buf addr 0x4004000000/0x402408e000 count 12
[11:54:57][ddbff3a86679][22:22][DBG][XCCL][helper.cpp:301] all_reduce: ctx=0x592d9ccea130, seq_id=158, rank=1, nranks=2, dev=1, send=0x4004000000, recv=0x4004000000, cnt=67108864, root=-1, peer=-1, stream=0x592d9cce12e0, data=float, op=sum, group=0, num_host=1, algo=ring
[11:54:57][ddbff3a86679][22:164][DBG][XCCL][kl3_all_reduce.cpp:94] send buf addr 0x4004000000/0x402408e000 count 12
[11:54:57][ddbff3a86679][22:22][DBG][XCCL][helper.cpp:301] all_reduce: ctx=0x592d9ccea130, seq_id=159, rank=1, nranks=2, dev=1, send=0x4004000000, recv=0x4004000000, cnt=67108864, root=-1, peer=-1, stream=0x592d9cce12e0, data=float, op=sum, group=0, num_host=1, algo=ring
[11:54:57][ddbff3a86679][22:164][DBG][XCCL][kl3_all_reduce.cpp:94] send buf addr 0x4004000000/0x402408e000 count 12
[11:54:57][ddbff3a86679][22:22][DBG][XCCL][helper.cpp:301] all_reduce: ctx=0x592d9ccea130, seq_id=160, rank=1, nranks=2, dev=1, send=0x4004000000, recv=0x4004000000, cnt=67108864, root=-1, peer=-1, stream=0x592d9cce12e0, data=float, op=sum, group=0, num_host=1, algo=ring
[11:54:57][ddbff3a86679][22:164][DBG][XCCL][kl3_all_reduce.cpp:94] send buf addr 0x4004000000/0x402408e000 count 12
[11:54:57][ddbff3a86679][22:22][DBG][XCCL][helper.cpp:301] all_reduce: ctx=0x592d9ccea130, seq_id=161, rank=1, nranks=2, dev=1, send=0x4004000000, recv=0x4004000000, cnt=67108864, root=-1, peer=-1, stream=0x592d9cce12e0, data=float, op=sum, group=0, num_host=1, algo=ring
[11:54:57][ddbff3a86679][22:164][DBG][XCCL][kl3_all_reduce.cpp:94] send buf addr 0x4004000000/0x402408e000 count 12
[11:54:57][ddbff3a86679][22:22][DBG][XCCL][helper.cpp:301] all_reduce: ctx=0x592d9ccea130, seq_id=162, rank=1, nranks=2, dev=1, send=0x4004000000, recv=0x4004000000, cnt=67108864, root=-1, peer=-1, stream=0x592d9cce12e0, data=float, op=sum, group=0, num_host=1, algo=ring
[11:54:57][ddbff3a86679][22:164][DBG][XCCL][kl3_all_reduce.cpp:94] send buf addr 0x4004000000/0x402408e000 count 12
[11:54:57][ddbff3a86679][22:22][DBG][XCCL][helper.cpp:301] all_reduce: ctx=0x592d9ccea130, seq_id=163, rank=1, nranks=2, dev=1, send=0x4004000000, recv=0x4004000000, cnt=67108864, root=-1, peer=-1, stream=0x592d9cce12e0, data=float, op=sum, group=0, num_host=1, algo=ring
[11:54:57][ddbff3a86679][22:164][DBG][XCCL][kl3_all_reduce.cpp:94] send buf addr 0x4004000000/0x402408e000 count 12
[11:54:57][ddbff3a86679][22:22][DBG][XCCL][helper.cpp:301] all_reduce: ctx=0x592d9ccea130, seq_id=164, rank=1, nranks=2, dev=1, send=0x4004000000, recv=0x4004000000, cnt=67108864, root=-1, peer=-1, stream=0x592d9cce12e0, data=float, op=sum, group=0, num_host=1, algo=ring
[11:54:57][ddbff3a86679][22:164][DBG][XCCL][kl3_all_reduce.cpp:94] send buf addr 0x4004000000/0x402408e000 count 12
[11:54:57][ddbff3a86679][22:22][DBG][XCCL][helper.cpp:301] all_reduce: ctx=0x592d9ccea130, seq_id=165, rank=1, nranks=2, dev=1, send=0x4004000000, recv=0x4004000000, cnt=67108864, root=-1, peer=-1, stream=0x592d9cce12e0, data=float, op=sum, group=0, num_host=1, algo=ring
[11:54:57][ddbff3a86679][22:164][DBG][XCCL][kl3_all_reduce.cpp:94] send buf addr 0x4004000000/0x402408e000 count 12
[11:54:57][ddbff3a86679][22:22][DBG][XCCL][helper.cpp:301] all_reduce: ctx=0x592d9ccea130, seq_id=166, rank=1, nranks=2, dev=1, send=0x4004000000, recv=0x4004000000, cnt=67108864, root=-1, peer=-1, stream=0x592d9cce12e0, data=float, op=sum, group=0, num_host=1, algo=ring
[11:54:57][ddbff3a86679][22:164][DBG][XCCL][kl3_all_reduce.cpp:94] send buf addr 0x4004000000/0x402408e000 count 12
[11:54:57][ddbff3a86679][22:22][DBG][XCCL][helper.cpp:301] all_reduce: ctx=0x592d9ccea130, seq_id=167, rank=1, nranks=2, dev=1, send=0x4004000000, recv=0x4004000000, cnt=67108864, root=-1, peer=-1, stream=0x592d9cce12e0, data=float, op=sum, group=0, num_host=1, algo=ring
[11:54:57][ddbff3a86679][22:164][DBG][XCCL][kl3_all_reduce.cpp:94] send buf addr 0x4004000000/0x402408e000 count 12
[11:54:57][ddbff3a86679][22:22][DBG][XCCL][helper.cpp:301] all_reduce: ctx=0x592d9ccea130, seq_id=168, rank=1, nranks=2, dev=1, send=0x4004000000, recv=0x4004000000, cnt=67108864, root=-1, peer=-1, stream=0x592d9cce12e0, data=float, op=sum, group=0, num_host=1, algo=ring
[11:54:57][ddbff3a86679][22:164][DBG][XCCL][kl3_all_reduce.cpp:94] send buf addr 0x4004000000/0x402408e000 count 12
[11:54:57][ddbff3a86679][22:22][DBG][XCCL][helper.cpp:301] all_reduce: ctx=0x592d9ccea130, seq_id=169, rank=1, nranks=2, dev=1, send=0x4004000000, recv=0x4004000000, cnt=67108864, root=-1, peer=-1, stream=0x592d9cce12e0, data=float, op=sum, group=0, num_host=1, algo=ring
[11:54:57][ddbff3a86679][22:164][DBG][XCCL][kl3_all_reduce.cpp:94] send buf addr 0x4004000000/0x402408e000 count 12
[11:54:57][ddbff3a86679][22:22][DBG][XCCL][helper.cpp:301] all_reduce: ctx=0x592d9ccea130, seq_id=170, rank=1, nranks=2, dev=1, send=0x4004000000, recv=0x4004000000, cnt=67108864, root=-1, peer=-1, stream=0x592d9cce12e0, data=float, op=sum, group=0, num_host=1, algo=ring
[11:54:57][ddbff3a86679][22:164][DBG][XCCL][kl3_all_reduce.cpp:94] send buf addr 0x4004000000/0x402408e000 count 12
[11:54:57][ddbff3a86679][22:22][DBG][XCCL][helper.cpp:301] all_reduce: ctx=0x592d9ccea130, seq_id=171, rank=1, nranks=2, dev=1, send=0x4004000000, recv=0x4004000000, cnt=67108864, root=-1, peer=-1, stream=0x592d9cce12e0, data=float, op=sum, group=0, num_host=1, algo=ring
[11:54:57][ddbff3a86679][22:164][DBG][XCCL][kl3_all_reduce.cpp:94] send buf addr 0x4004000000/0x402408e000 count 12
[11:54:57][ddbff3a86679][22:22][DBG][XCCL][helper.cpp:301] all_reduce: ctx=0x592d9ccea130, seq_id=172, rank=1, nranks=2, dev=1, send=0x4004000000, recv=0x4004000000, cnt=67108864, root=-1, peer=-1, stream=0x592d9cce12e0, data=float, op=sum, group=0, num_host=1, algo=ring
[11:54:57][ddbff3a86679][22:164][DBG][XCCL][kl3_all_reduce.cpp:94] send buf addr 0x4004000000/0x402408e000 count 12
[11:54:57][ddbff3a86679][22:22][DBG][XCCL][helper.cpp:301] all_reduce: ctx=0x592d9ccea130, seq_id=173, rank=1, nranks=2, dev=1, send=0x4004000000, recv=0x4004000000, cnt=67108864, root=-1, peer=-1, stream=0x592d9cce12e0, data=float, op=sum, group=0, num_host=1, algo=ring
[11:54:57][ddbff3a86679][22:164][DBG][XCCL][kl3_all_reduce.cpp:94] send buf addr 0x4004000000/0x402408e000 count 12
[11:54:57][ddbff3a86679][22:22][DBG][XCCL][helper.cpp:301] all_reduce: ctx=0x592d9ccea130, seq_id=174, rank=1, nranks=2, dev=1, send=0x4004000000, recv=0x4004000000, cnt=67108864, root=-1, peer=-1, stream=0x592d9cce12e0, data=float, op=sum, group=0, num_host=1, algo=ring
[11:54:57][ddbff3a86679][22:164][DBG][XCCL][kl3_all_reduce.cpp:94] send buf addr 0x4004000000/0x402408e000 count 12
[11:54:57][ddbff3a86679][22:22][DBG][XCCL][helper.cpp:301] all_reduce: ctx=0x592d9ccea130, seq_id=175, rank=1, nranks=2, dev=1, send=0x4004000000, recv=0x4004000000, cnt=67108864, root=-1, peer=-1, stream=0x592d9cce12e0, data=float, op=sum, group=0, num_host=1, algo=ring
[11:54:57][ddbff3a86679][22:164][DBG][XCCL][kl3_all_reduce.cpp:94] send buf addr 0x4004000000/0x402408e000 count 12
[11:54:57][ddbff3a86679][22:22][DBG][XCCL][helper.cpp:301] all_reduce: ctx=0x592d9ccea130, seq_id=176, rank=1, nranks=2, dev=1, send=0x4004000000, recv=0x4004000000, cnt=67108864, root=-1, peer=-1, stream=0x592d9cce12e0, data=float, op=sum, group=0, num_host=1, algo=ring
[11:54:57][ddbff3a86679][22:164][DBG][XCCL][kl3_all_reduce.cpp:94] send buf addr 0x4004000000/0x402408e000 count 12
[11:54:57][ddbff3a86679][22:22][DBG][XCCL][helper.cpp:301] all_reduce: ctx=0x592d9ccea130, seq_id=177, rank=1, nranks=2, dev=1, send=0x4004000000, recv=0x4004000000, cnt=67108864, root=-1, peer=-1, stream=0x592d9cce12e0, data=float, op=sum, group=0, num_host=1, algo=ring
[11:54:57][ddbff3a86679][22:164][DBG][XCCL][kl3_all_reduce.cpp:94] send buf addr 0x4004000000/0x402408e000 count 12
[11:54:57][ddbff3a86679][22:22][DBG][XCCL][helper.cpp:301] all_reduce: ctx=0x592d9ccea130, seq_id=178, rank=1, nranks=2, dev=1, send=0x4004000000, recv=0x4004000000, cnt=67108864, root=-1, peer=-1, stream=0x592d9cce12e0, data=float, op=sum, group=0, num_host=1, algo=ring
[11:54:57][ddbff3a86679][22:164][DBG][XCCL][kl3_all_reduce.cpp:94] send buf addr 0x4004000000/0x402408e000 count 12
[11:54:57][ddbff3a86679][22:22][DBG][XCCL][helper.cpp:301] all_reduce: ctx=0x592d9ccea130, seq_id=179, rank=1, nranks=2, dev=1, send=0x4004000000, recv=0x4004000000, cnt=67108864, root=-1, peer=-1, stream=0x592d9cce12e0, data=float, op=sum, group=0, num_host=1, algo=ring
[11:54:57][ddbff3a86679][22:164][DBG][XCCL][kl3_all_reduce.cpp:94] send buf addr 0x4004000000/0x402408e000 count 12
[11:54:57][ddbff3a86679][22:22][DBG][XCCL][helper.cpp:301] all_reduce: ctx=0x592d9ccea130, seq_id=180, rank=1, nranks=2, dev=1, send=0x4004000000, recv=0x4004000000, cnt=67108864, root=-1, peer=-1, stream=0x592d9cce12e0, data=float, op=sum, group=0, num_host=1, algo=ring
[11:54:57][ddbff3a86679][22:164][DBG][XCCL][kl3_all_reduce.cpp:94] send buf addr 0x4004000000/0x402408e000 count 12
[11:54:57][ddbff3a86679][22:22][DBG][XCCL][helper.cpp:301] all_reduce: ctx=0x592d9ccea130, seq_id=181, rank=1, nranks=2, dev=1, send=0x4004000000, recv=0x4004000000, cnt=67108864, root=-1, peer=-1, stream=0x592d9cce12e0, data=float, op=sum, group=0, num_host=1, algo=ring
[11:54:57][ddbff3a86679][22:164][DBG][XCCL][kl3_all_reduce.cpp:94] send buf addr 0x4004000000/0x402408e000 count 12
[11:54:57][ddbff3a86679][22:22][DBG][XCCL][helper.cpp:301] all_reduce: ctx=0x592d9ccea130, seq_id=182, rank=1, nranks=2, dev=1, send=0x4004000000, recv=0x4004000000, cnt=67108864, root=-1, peer=-1, stream=0x592d9cce12e0, data=float, op=sum, group=0, num_host=1, algo=ring
[11:54:57][ddbff3a86679][22:164][DBG][XCCL][kl3_all_reduce.cpp:94] send buf addr 0x4004000000/0x402408e000 count 12
[11:54:57][ddbff3a86679][22:22][DBG][XCCL][helper.cpp:301] all_reduce: ctx=0x592d9ccea130, seq_id=183, rank=1, nranks=2, dev=1, send=0x4004000000, recv=0x4004000000, cnt=67108864, root=-1, peer=-1, stream=0x592d9cce12e0, data=float, op=sum, group=0, num_host=1, algo=ring
[11:54:57][ddbff3a86679][22:164][DBG][XCCL][kl3_all_reduce.cpp:94] send buf addr 0x4004000000/0x402408e000 count 12
[11:54:57][ddbff3a86679][22:22][DBG][XCCL][helper.cpp:301] all_reduce: ctx=0x592d9ccea130, seq_id=184, rank=1, nranks=2, dev=1, send=0x4004000000, recv=0x4004000000, cnt=67108864, root=-1, peer=-1, stream=0x592d9cce12e0, data=float, op=sum, group=0, num_host=1, algo=ring
[11:54:57][ddbff3a86679][22:164][DBG][XCCL][kl3_all_reduce.cpp:94] send buf addr 0x4004000000/0x402408e000 count 12
[11:54:57][ddbff3a86679][22:22][DBG][XCCL][helper.cpp:301] all_reduce: ctx=0x592d9ccea130, seq_id=185, rank=1, nranks=2, dev=1, send=0x4004000000, recv=0x4004000000, cnt=67108864, root=-1, peer=-1, stream=0x592d9cce12e0, data=float, op=sum, group=0, num_host=1, algo=ring
[11:54:57][ddbff3a86679][22:164][DBG][XCCL][kl3_all_reduce.cpp:94] send buf addr 0x4004000000/0x402408e000 count 12
[11:54:57][ddbff3a86679][22:22][DBG][XCCL][helper.cpp:301] all_reduce: ctx=0x592d9ccea130, seq_id=186, rank=1, nranks=2, dev=1, send=0x4004000000, recv=0x4004000000, cnt=67108864, root=-1, peer=-1, stream=0x592d9cce12e0, data=float, op=sum, group=0, num_host=1, algo=ring
[11:54:57][ddbff3a86679][22:164][DBG][XCCL][kl3_all_reduce.cpp:94] send buf addr 0x4004000000/0x402408e000 count 12
[11:54:57][ddbff3a86679][22:22][DBG][XCCL][helper.cpp:301] all_reduce: ctx=0x592d9ccea130, seq_id=187, rank=1, nranks=2, dev=1, send=0x4004000000, recv=0x4004000000, cnt=67108864, root=-1, peer=-1, stream=0x592d9cce12e0, data=float, op=sum, group=0, num_host=1, algo=ring
[11:54:57][ddbff3a86679][22:164][DBG][XCCL][kl3_all_reduce.cpp:94] send buf addr 0x4004000000/0x402408e000 count 12
[11:54:57][ddbff3a86679][22:22][DBG][XCCL][helper.cpp:301] all_reduce: ctx=0x592d9ccea130, seq_id=188, rank=1, nranks=2, dev=1, send=0x4004000000, recv=0x4004000000, cnt=67108864, root=-1, peer=-1, stream=0x592d9cce12e0, data=float, op=sum, group=0, num_host=1, algo=ring
[11:54:57][ddbff3a86679][22:164][DBG][XCCL][kl3_all_reduce.cpp:94] send buf addr 0x4004000000/0x402408e000 count 12
[11:54:57][ddbff3a86679][22:22][DBG][XCCL][helper.cpp:301] all_reduce: ctx=0x592d9ccea130, seq_id=189, rank=1, nranks=2, dev=1, send=0x4004000000, recv=0x4004000000, cnt=67108864, root=-1, peer=-1, stream=0x592d9cce12e0, data=float, op=sum, group=0, num_host=1, algo=ring
[11:54:57][ddbff3a86679][22:164][DBG][XCCL][kl3_all_reduce.cpp:94] send buf addr 0x4004000000/0x402408e000 count 12
[11:54:57][ddbff3a86679][22:22][DBG][XCCL][helper.cpp:301] all_reduce: ctx=0x592d9ccea130, seq_id=190, rank=1, nranks=2, dev=1, send=0x4004000000, recv=0x4004000000, cnt=67108864, root=-1, peer=-1, stream=0x592d9cce12e0, data=float, op=sum, group=0, num_host=1, algo=ring
[11:54:57][ddbff3a86679][22:164][DBG][XCCL][kl3_all_reduce.cpp:94] send buf addr 0x4004000000/0x402408e000 count 12
[11:54:57][ddbff3a86679][22:22][DBG][XCCL][helper.cpp:301] all_reduce: ctx=0x592d9ccea130, seq_id=191, rank=1, nranks=2, dev=1, send=0x4004000000, recv=0x4004000000, cnt=67108864, root=-1, peer=-1, stream=0x592d9cce12e0, data=float, op=sum, group=0, num_host=1, algo=ring
[11:54:57][ddbff3a86679][22:164][DBG][XCCL][kl3_all_reduce.cpp:94] send buf addr 0x4004000000/0x402408e000 count 12
[11:54:57][ddbff3a86679][22:22][DBG][XCCL][helper.cpp:301] all_reduce: ctx=0x592d9ccea130, seq_id=192, rank=1, nranks=2, dev=1, send=0x4004000000, recv=0x4004000000, cnt=67108864, root=-1, peer=-1, stream=0x592d9cce12e0, data=float, op=sum, group=0, num_host=1, algo=ring
[11:54:57][ddbff3a86679][22:164][DBG][XCCL][kl3_all_reduce.cpp:94] send buf addr 0x4004000000/0x402408e000 count 12
[11:54:57][ddbff3a86679][22:22][DBG][XCCL][helper.cpp:301] all_reduce: ctx=0x592d9ccea130, seq_id=193, rank=1, nranks=2, dev=1, send=0x4004000000, recv=0x4004000000, cnt=67108864, root=-1, peer=-1, stream=0x592d9cce12e0, data=float, op=sum, group=0, num_host=1, algo=ring
[11:54:57][ddbff3a86679][22:164][DBG][XCCL][kl3_all_reduce.cpp:94] send buf addr 0x4004000000/0x402408e000 count 12
[11:54:57][ddbff3a86679][22:22][DBG][XCCL][helper.cpp:301] all_reduce: ctx=0x592d9ccea130, seq_id=194, rank=1, nranks=2, dev=1, send=0x4004000000, recv=0x4004000000, cnt=67108864, root=-1, peer=-1, stream=0x592d9cce12e0, data=float, op=sum, group=0, num_host=1, algo=ring
[11:54:57][ddbff3a86679][22:164][DBG][XCCL][kl3_all_reduce.cpp:94] send buf addr 0x4004000000/0x402408e000 count 12
[11:54:57][ddbff3a86679][22:22][DBG][XCCL][helper.cpp:301] all_reduce: ctx=0x592d9ccea130, seq_id=195, rank=1, nranks=2, dev=1, send=0x4004000000, recv=0x4004000000, cnt=67108864, root=-1, peer=-1, stream=0x592d9cce12e0, data=float, op=sum, group=0, num_host=1, algo=ring
[11:54:57][ddbff3a86679][22:164][DBG][XCCL][kl3_all_reduce.cpp:94] send buf addr 0x4004000000/0x402408e000 count 12
[11:54:57][ddbff3a86679][22:22][DBG][XCCL][helper.cpp:301] all_reduce: ctx=0x592d9ccea130, seq_id=196, rank=1, nranks=2, dev=1, send=0x4004000000, recv=0x4004000000, cnt=67108864, root=-1, peer=-1, stream=0x592d9cce12e0, data=float, op=sum, group=0, num_host=1, algo=ring
[11:54:57][ddbff3a86679][22:164][DBG][XCCL][kl3_all_reduce.cpp:94] send buf addr 0x4004000000/0x402408e000 count 12
[11:54:57][ddbff3a86679][22:22][DBG][XCCL][helper.cpp:301] all_reduce: ctx=0x592d9ccea130, seq_id=197, rank=1, nranks=2, dev=1, send=0x4004000000, recv=0x4004000000, cnt=67108864, root=-1, peer=-1, stream=0x592d9cce12e0, data=float, op=sum, group=0, num_host=1, algo=ring
[11:54:57][ddbff3a86679][22:164][DBG][XCCL][kl3_all_reduce.cpp:94] send buf addr 0x4004000000/0x402408e000 count 12
[11:54:57][ddbff3a86679][22:22][DBG][XCCL][helper.cpp:301] all_reduce: ctx=0x592d9ccea130, seq_id=198, rank=1, nranks=2, dev=1, send=0x4004000000, recv=0x4004000000, cnt=67108864, root=-1, peer=-1, stream=0x592d9cce12e0, data=float, op=sum, group=0, num_host=1, algo=ring
[11:54:57][ddbff3a86679][22:164][DBG][XCCL][kl3_all_reduce.cpp:94] send buf addr 0x4004000000/0x402408e000 count 12
[11:54:57][ddbff3a86679][22:22][DBG][XCCL][helper.cpp:301] all_reduce: ctx=0x592d9ccea130, seq_id=199, rank=1, nranks=2, dev=1, send=0x4004000000, recv=0x4004000000, cnt=67108864, root=-1, peer=-1, stream=0x592d9cce12e0, data=float, op=sum, group=0, num_host=1, algo=ring
[11:54:57][ddbff3a86679][22:164][DBG][XCCL][kl3_all_reduce.cpp:94] send buf addr 0x4004000000/0x402408e000 count 12
[11:54:57][ddbff3a86679][22:22][DBG][XCCL][helper.cpp:301] all_reduce: ctx=0x592d9ccea130, seq_id=200, rank=1, nranks=2, dev=1, send=0x4004000000, recv=0x4004000000, cnt=67108864, root=-1, peer=-1, stream=0x592d9cce12e0, data=float, op=sum, group=0, num_host=1, algo=ring
[11:54:57][ddbff3a86679][22:164][DBG][XCCL][kl3_all_reduce.cpp:94] send buf addr 0x4004000000/0x402408e000 count 12
[11:54:57][ddbff3a86679][22:22][DBG][XCCL][helper.cpp:301] all_reduce: ctx=0x592d9ccea130, seq_id=201, rank=1, nranks=2, dev=1, send=0x4004000000, recv=0x4004000000, cnt=67108864, root=-1, peer=-1, stream=0x592d9cce12e0, data=float, op=sum, group=0, num_host=1, algo=ring
[11:54:57][ddbff3a86679][22:164][DBG][XCCL][kl3_all_reduce.cpp:94] send buf addr 0x4004000000/0x402408e000 count 12
[11:54:57][ddbff3a86679][22:22][DBG][XCCL][helper.cpp:301] all_reduce: ctx=0x592d9ccea130, seq_id=202, rank=1, nranks=2, dev=1, send=0x4004000000, recv=0x4004000000, cnt=67108864, root=-1, peer=-1, stream=0x592d9cce12e0, data=float, op=sum, group=0, num_host=1, algo=ring
[11:54:57][ddbff3a86679][22:164][DBG][XCCL][kl3_all_reduce.cpp:94] send buf addr 0x4004000000/0x402408e000 count 12
[11:54:57][ddbff3a86679][22:22][DBG][XCCL][helper.cpp:301] all_reduce: ctx=0x592d9ccea130, seq_id=203, rank=1, nranks=2, dev=1, send=0x4004000000, recv=0x4004000000, cnt=67108864, root=-1, peer=-1, stream=0x592d9cce12e0, data=float, op=sum, group=0, num_host=1, algo=ring
[11:54:57][ddbff3a86679][22:164][DBG][XCCL][kl3_all_reduce.cpp:94] send buf addr 0x4004000000/0x402408e000 count 12
[11:54:57][ddbff3a86679][22:22][DBG][XCCL][helper.cpp:301] all_reduce: ctx=0x592d9ccea130, seq_id=204, rank=1, nranks=2, dev=1, send=0x4004000000, recv=0x4004000000, cnt=67108864, root=-1, peer=-1, stream=0x592d9cce12e0, data=float, op=sum, group=0, num_host=1, algo=ring
[11:54:57][ddbff3a86679][22:164][DBG][XCCL][kl3_all_reduce.cpp:94] send buf addr 0x4004000000/0x402408e000 count 12
[11:54:57][ddbff3a86679][22:22][DBG][XCCL][helper.cpp:301] all_reduce: ctx=0x592d9ccea130, seq_id=205, rank=1, nranks=2, dev=1, send=0x4004000000, recv=0x4004000000, cnt=67108864, root=-1, peer=-1, stream=0x592d9cce12e0, data=float, op=sum, group=0, num_host=1, algo=ring
[11:54:57][ddbff3a86679][22:164][DBG][XCCL][kl3_all_reduce.cpp:94] send buf addr 0x4004000000/0x402408e000 count 12
[11:54:57][ddbff3a86679][22:22][DBG][XCCL][helper.cpp:301] all_reduce: ctx=0x592d9ccea130, seq_id=206, rank=1, nranks=2, dev=1, send=0x4004000000, recv=0x4004000000, cnt=67108864, root=-1, peer=-1, stream=0x592d9cce12e0, data=float, op=sum, group=0, num_host=1, algo=ring
[11:54:57][ddbff3a86679][22:164][DBG][XCCL][kl3_all_reduce.cpp:94] send buf addr 0x4004000000/0x402408e000 count 12
[11:54:57][ddbff3a86679][22:22][DBG][XCCL][helper.cpp:301] all_reduce: ctx=0x592d9ccea130, seq_id=207, rank=1, nranks=2, dev=1, send=0x4004000000, recv=0x4004000000, cnt=67108864, root=-1, peer=-1, stream=0x592d9cce12e0, data=float, op=sum, group=0, num_host=1, algo=ring
[11:54:57][ddbff3a86679][22:164][DBG][XCCL][kl3_all_reduce.cpp:94] send buf addr 0x4004000000/0x402408e000 count 12
[11:54:57][ddbff3a86679][22:22][DBG][XCCL][helper.cpp:301] all_reduce: ctx=0x592d9ccea130, seq_id=208, rank=1, nranks=2, dev=1, send=0x4004000000, recv=0x4004000000, cnt=67108864, root=-1, peer=-1, stream=0x592d9cce12e0, data=float, op=sum, group=0, num_host=1, algo=ring
[11:54:57][ddbff3a86679][22:164][DBG][XCCL][kl3_all_reduce.cpp:94] send buf addr 0x4004000000/0x402408e000 count 12
[11:54:57][ddbff3a86679][22:22][DBG][XCCL][helper.cpp:301] all_reduce: ctx=0x592d9ccea130, seq_id=209, rank=1, nranks=2, dev=1, send=0x4004000000, recv=0x4004000000, cnt=67108864, root=-1, peer=-1, stream=0x592d9cce12e0, data=float, op=sum, group=0, num_host=1, algo=ring
[11:54:57][ddbff3a86679][22:164][DBG][XCCL][kl3_all_reduce.cpp:94] send buf addr 0x4004000000/0x402408e000 count 12
[11:54:57][ddbff3a86679][22:22][DBG][XCCL][helper.cpp:301] all_reduce: ctx=0x592d9ccea130, seq_id=210, rank=1, nranks=2, dev=1, send=0x4004000000, recv=0x4004000000, cnt=67108864, root=-1, peer=-1, stream=0x592d9cce12e0, data=float, op=sum, group=0, num_host=1, algo=ring
[11:54:57][ddbff3a86679][22:164][DBG][XCCL][kl3_all_reduce.cpp:94] send buf addr 0x4004000000/0x402408e000 count 12
[11:54:57][ddbff3a86679][22:22][DBG][XCCL][helper.cpp:301] all_reduce: ctx=0x592d9ccea130, seq_id=211, rank=1, nranks=2, dev=1, send=0x4004000000, recv=0x4004000000, cnt=67108864, root=-1, peer=-1, stream=0x592d9cce12e0, data=float, op=sum, group=0, num_host=1, algo=ring
[11:54:57][ddbff3a86679][22:164][DBG][XCCL][kl3_all_reduce.cpp:94] send buf addr 0x4004000000/0x402408e000 count 12
[11:54:57][ddbff3a86679][22:22][DBG][XCCL][helper.cpp:301] all_reduce: ctx=0x592d9ccea130, seq_id=212, rank=1, nranks=2, dev=1, send=0x4004000000, recv=0x4004000000, cnt=67108864, root=-1, peer=-1, stream=0x592d9cce12e0, data=float, op=sum, group=0, num_host=1, algo=ring
[11:54:57][ddbff3a86679][22:164][DBG][XCCL][kl3_all_reduce.cpp:94] send buf addr 0x4004000000/0x402408e000 count 12
[11:54:57][ddbff3a86679][22:22][DBG][XCCL][helper.cpp:301] all_reduce: ctx=0x592d9ccea130, seq_id=213, rank=1, nranks=2, dev=1, send=0x4004000000, recv=0x4004000000, cnt=67108864, root=-1, peer=-1, stream=0x592d9cce12e0, data=float, op=sum, group=0, num_host=1, algo=ring
[11:54:57][ddbff3a86679][22:164][DBG][XCCL][kl3_all_reduce.cpp:94] send buf addr 0x4004000000/0x402408e000 count 12
[11:54:57][ddbff3a86679][22:22][DBG][XCCL][helper.cpp:301] all_reduce: ctx=0x592d9ccea130, seq_id=214, rank=1, nranks=2, dev=1, send=0x4004000000, recv=0x4004000000, cnt=67108864, root=-1, peer=-1, stream=0x592d9cce12e0, data=float, op=sum, group=0, num_host=1, algo=ring
[11:54:57][ddbff3a86679][22:164][DBG][XCCL][kl3_all_reduce.cpp:94] send buf addr 0x4004000000/0x402408e000 count 12
[11:54:57][ddbff3a86679][22:22][DBG][XCCL][helper.cpp:301] all_reduce: ctx=0x592d9ccea130, seq_id=215, rank=1, nranks=2, dev=1, send=0x4004000000, recv=0x4004000000, cnt=67108864, root=-1, peer=-1, stream=0x592d9cce12e0, data=float, op=sum, group=0, num_host=1, algo=ring
[11:54:57][ddbff3a86679][22:164][DBG][XCCL][kl3_all_reduce.cpp:94] send buf addr 0x4004000000/0x402408e000 count 12
[11:54:57][ddbff3a86679][22:22][DBG][XCCL][helper.cpp:301] all_reduce: ctx=0x592d9ccea130, seq_id=216, rank=1, nranks=2, dev=1, send=0x4004000000, recv=0x4004000000, cnt=67108864, root=-1, peer=-1, stream=0x592d9cce12e0, data=float, op=sum, group=0, num_host=1, algo=ring
[11:54:57][ddbff3a86679][22:164][DBG][XCCL][kl3_all_reduce.cpp:94] send buf addr 0x4004000000/0x402408e000 count 12
[11:54:57][ddbff3a86679][22:22][DBG][XCCL][helper.cpp:301] all_reduce: ctx=0x592d9ccea130, seq_id=217, rank=1, nranks=2, dev=1, send=0x4004000000, recv=0x4004000000, cnt=67108864, root=-1, peer=-1, stream=0x592d9cce12e0, data=float, op=sum, group=0, num_host=1, algo=ring
[11:54:57][ddbff3a86679][22:164][DBG][XCCL][kl3_all_reduce.cpp:94] send buf addr 0x4004000000/0x402408e000 count 12
[11:54:57][ddbff3a86679][22:22][DBG][XCCL][helper.cpp:301] all_reduce: ctx=0x592d9ccea130, seq_id=218, rank=1, nranks=2, dev=1, send=0x4004000000, recv=0x4004000000, cnt=67108864, root=-1, peer=-1, stream=0x592d9cce12e0, data=float, op=sum, group=0, num_host=1, algo=ring
[11:54:57][ddbff3a86679][22:164][DBG][XCCL][kl3_all_reduce.cpp:94] send buf addr 0x4004000000/0x402408e000 count 12
[11:54:57][ddbff3a86679][22:22][DBG][XCCL][helper.cpp:301] all_reduce: ctx=0x592d9ccea130, seq_id=219, rank=1, nranks=2, dev=1, send=0x4004000000, recv=0x4004000000, cnt=67108864, root=-1, peer=-1, stream=0x592d9cce12e0, data=float, op=sum, group=0, num_host=1, algo=ring
[11:54:57][ddbff3a86679][22:164][DBG][XCCL][kl3_all_reduce.cpp:94] send buf addr 0x4004000000/0x402408e000 count 12
[11:54:57][ddbff3a86679][22:22][DBG][XCCL][helper.cpp:301] all_reduce: ctx=0x592d9ccea130, seq_id=220, rank=1, nranks=2, dev=1, send=0x4004000000, recv=0x4004000000, cnt=67108864, root=-1, peer=-1, stream=0x592d9cce12e0, data=float, op=sum, group=0, num_host=1, algo=ring
[11:54:57][ddbff3a86679][22:164][DBG][XCCL][kl3_all_reduce.cpp:94] send buf addr 0x4004000000/0x402408e000 count 12
[11:54:57][ddbff3a86679][22:22][DBG][XCCL][helper.cpp:301] all_reduce: ctx=0x592d9ccea130, seq_id=221, rank=1, nranks=2, dev=1, send=0x4004000000, recv=0x4004000000, cnt=67108864, root=-1, peer=-1, stream=0x592d9cce12e0, data=float, op=sum, group=0, num_host=1, algo=ring
[11:54:57][ddbff3a86679][22:164][DBG][XCCL][kl3_all_reduce.cpp:94] send buf addr 0x4004000000/0x402408e000 count 12
[11:54:57][ddbff3a86679][22:22][DBG][XCCL][helper.cpp:301] all_reduce: ctx=0x592d9ccea130, seq_id=222, rank=1, nranks=2, dev=1, send=0x4004000000, recv=0x4004000000, cnt=67108864, root=-1, peer=-1, stream=0x592d9cce12e0, data=float, op=sum, group=0, num_host=1, algo=ring
[11:54:57][ddbff3a86679][22:164][DBG][XCCL][kl3_all_reduce.cpp:94] send buf addr 0x4004000000/0x402408e000 count 12
[11:54:57][ddbff3a86679][22:22][DBG][XCCL][helper.cpp:301] all_reduce: ctx=0x592d9ccea130, seq_id=223, rank=1, nranks=2, dev=1, send=0x4004000000, recv=0x4004000000, cnt=67108864, root=-1, peer=-1, stream=0x592d9cce12e0, data=float, op=sum, group=0, num_host=1, algo=ring
[11:54:57][ddbff3a86679][22:164][DBG][XCCL][kl3_all_reduce.cpp:94] send buf addr 0x4004000000/0x402408e000 count 12
[11:54:57][ddbff3a86679][22:22][DBG][XCCL][helper.cpp:301] all_reduce: ctx=0x592d9ccea130, seq_id=224, rank=1, nranks=2, dev=1, send=0x4004000000, recv=0x4004000000, cnt=67108864, root=-1, peer=-1, stream=0x592d9cce12e0, data=float, op=sum, group=0, num_host=1, algo=ring
[11:54:57][ddbff3a86679][22:164][DBG][XCCL][kl3_all_reduce.cpp:94] send buf addr 0x4004000000/0x402408e000 count 12
[11:54:57][ddbff3a86679][22:22][DBG][XCCL][helper.cpp:301] all_reduce: ctx=0x592d9ccea130, seq_id=225, rank=1, nranks=2, dev=1, send=0x4004000000, recv=0x4004000000, cnt=67108864, root=-1, peer=-1, stream=0x592d9cce12e0, data=float, op=sum, group=0, num_host=1, algo=ring
[11:54:57][ddbff3a86679][22:164][DBG][XCCL][kl3_all_reduce.cpp:94] send buf addr 0x4004000000/0x402408e000 count 12
[11:54:57][ddbff3a86679][22:22][DBG][XCCL][helper.cpp:301] all_reduce: ctx=0x592d9ccea130, seq_id=226, rank=1, nranks=2, dev=1, send=0x4004000000, recv=0x4004000000, cnt=67108864, root=-1, peer=-1, stream=0x592d9cce12e0, data=float, op=sum, group=0, num_host=1, algo=ring
[11:54:57][ddbff3a86679][22:164][DBG][XCCL][kl3_all_reduce.cpp:94] send buf addr 0x4004000000/0x402408e000 count 12
[11:54:57][ddbff3a86679][22:22][DBG][XCCL][helper.cpp:301] all_reduce: ctx=0x592d9ccea130, seq_id=227, rank=1, nranks=2, dev=1, send=0x4004000000, recv=0x4004000000, cnt=67108864, root=-1, peer=-1, stream=0x592d9cce12e0, data=float, op=sum, group=0, num_host=1, algo=ring
[11:54:57][ddbff3a86679][22:164][DBG][XCCL][kl3_all_reduce.cpp:94] send buf addr 0x4004000000/0x402408e000 count 12
[11:54:57][ddbff3a86679][22:22][DBG][XCCL][helper.cpp:301] all_reduce: ctx=0x592d9ccea130, seq_id=228, rank=1, nranks=2, dev=1, send=0x4004000000, recv=0x4004000000, cnt=67108864, root=-1, peer=-1, stream=0x592d9cce12e0, data=float, op=sum, group=0, num_host=1, algo=ring
[11:54:57][ddbff3a86679][22:164][DBG][XCCL][kl3_all_reduce.cpp:94] send buf addr 0x4004000000/0x402408e000 count 12
[11:54:57][ddbff3a86679][22:22][DBG][XCCL][helper.cpp:301] all_reduce: ctx=0x592d9ccea130, seq_id=229, rank=1, nranks=2, dev=1, send=0x4004000000, recv=0x4004000000, cnt=67108864, root=-1, peer=-1, stream=0x592d9cce12e0, data=float, op=sum, group=0, num_host=1, algo=ring
[11:54:57][ddbff3a86679][22:164][DBG][XCCL][kl3_all_reduce.cpp:94] send buf addr 0x4004000000/0x402408e000 count 12
[11:54:57][ddbff3a86679][22:22][DBG][XCCL][helper.cpp:301] all_reduce: ctx=0x592d9ccea130, seq_id=230, rank=1, nranks=2, dev=1, send=0x4004000000, recv=0x4004000000, cnt=67108864, root=-1, peer=-1, stream=0x592d9cce12e0, data=float, op=sum, group=0, num_host=1, algo=ring
[11:54:57][ddbff3a86679][22:164][DBG][XCCL][kl3_all_reduce.cpp:94] send buf addr 0x4004000000/0x402408e000 count 12
[11:54:57][ddbff3a86679][22:22][DBG][XCCL][helper.cpp:301] all_reduce: ctx=0x592d9ccea130, seq_id=231, rank=1, nranks=2, dev=1, send=0x4004000000, recv=0x4004000000, cnt=67108864, root=-1, peer=-1, stream=0x592d9cce12e0, data=float, op=sum, group=0, num_host=1, algo=ring
[11:54:57][ddbff3a86679][22:164][DBG][XCCL][kl3_all_reduce.cpp:94] send buf addr 0x4004000000/0x402408e000 count 12
[11:54:57][ddbff3a86679][22:22][DBG][XCCL][helper.cpp:301] all_reduce: ctx=0x592d9ccea130, seq_id=232, rank=1, nranks=2, dev=1, send=0x4004000000, recv=0x4004000000, cnt=67108864, root=-1, peer=-1, stream=0x592d9cce12e0, data=float, op=sum, group=0, num_host=1, algo=ring
[11:54:57][ddbff3a86679][22:164][DBG][XCCL][kl3_all_reduce.cpp:94] send buf addr 0x4004000000/0x402408e000 count 12
[11:54:57][ddbff3a86679][22:22][DBG][XCCL][helper.cpp:301] all_reduce: ctx=0x592d9ccea130, seq_id=233, rank=1, nranks=2, dev=1, send=0x4004000000, recv=0x4004000000, cnt=67108864, root=-1, peer=-1, stream=0x592d9cce12e0, data=float, op=sum, group=0, num_host=1, algo=ring
[11:54:57][ddbff3a86679][22:164][DBG][XCCL][kl3_all_reduce.cpp:94] send buf addr 0x4004000000/0x402408e000 count 12
[11:54:57][ddbff3a86679][22:22][DBG][XCCL][helper.cpp:301] all_reduce: ctx=0x592d9ccea130, seq_id=234, rank=1, nranks=2, dev=1, send=0x4004000000, recv=0x4004000000, cnt=67108864, root=-1, peer=-1, stream=0x592d9cce12e0, data=float, op=sum, group=0, num_host=1, algo=ring
[11:54:57][ddbff3a86679][22:164][DBG][XCCL][kl3_all_reduce.cpp:94] send buf addr 0x4004000000/0x402408e000 count 12
[11:54:57][ddbff3a86679][22:22][DBG][XCCL][helper.cpp:301] all_reduce: ctx=0x592d9ccea130, seq_id=235, rank=1, nranks=2, dev=1, send=0x4004000000, recv=0x4004000000, cnt=67108864, root=-1, peer=-1, stream=0x592d9cce12e0, data=float, op=sum, group=0, num_host=1, algo=ring
[11:54:57][ddbff3a86679][22:164][DBG][XCCL][kl3_all_reduce.cpp:94] send buf addr 0x4004000000/0x402408e000 count 12
[11:54:57][ddbff3a86679][22:22][DBG][XCCL][helper.cpp:301] all_reduce: ctx=0x592d9ccea130, seq_id=236, rank=1, nranks=2, dev=1, send=0x4004000000, recv=0x4004000000, cnt=67108864, root=-1, peer=-1, stream=0x592d9cce12e0, data=float, op=sum, group=0, num_host=1, algo=ring
[11:54:57][ddbff3a86679][22:164][DBG][XCCL][kl3_all_reduce.cpp:94] send buf addr 0x4004000000/0x402408e000 count 12
[11:54:57][ddbff3a86679][22:22][DBG][XCCL][helper.cpp:301] all_reduce: ctx=0x592d9ccea130, seq_id=237, rank=1, nranks=2, dev=1, send=0x4004000000, recv=0x4004000000, cnt=67108864, root=-1, peer=-1, stream=0x592d9cce12e0, data=float, op=sum, group=0, num_host=1, algo=ring
[11:54:57][ddbff3a86679][22:164][DBG][XCCL][kl3_all_reduce.cpp:94] send buf addr 0x4004000000/0x402408e000 count 12
[11:54:57][ddbff3a86679][22:22][DBG][XCCL][helper.cpp:301] all_reduce: ctx=0x592d9ccea130, seq_id=238, rank=1, nranks=2, dev=1, send=0x4004000000, recv=0x4004000000, cnt=67108864, root=-1, peer=-1, stream=0x592d9cce12e0, data=float, op=sum, group=0, num_host=1, algo=ring
[11:54:57][ddbff3a86679][22:164][DBG][XCCL][kl3_all_reduce.cpp:94] send buf addr 0x4004000000/0x402408e000 count 12
[11:54:57][ddbff3a86679][22:22][DBG][XCCL][helper.cpp:301] all_reduce: ctx=0x592d9ccea130, seq_id=239, rank=1, nranks=2, dev=1, send=0x4004000000, recv=0x4004000000, cnt=67108864, root=-1, peer=-1, stream=0x592d9cce12e0, data=float, op=sum, group=0, num_host=1, algo=ring
[11:54:57][ddbff3a86679][22:164][DBG][XCCL][kl3_all_reduce.cpp:94] send buf addr 0x4004000000/0x402408e000 count 12
[11:54:57][ddbff3a86679][22:22][DBG][XCCL][helper.cpp:301] all_reduce: ctx=0x592d9ccea130, seq_id=240, rank=1, nranks=2, dev=1, send=0x4004000000, recv=0x4004000000, cnt=67108864, root=-1, peer=-1, stream=0x592d9cce12e0, data=float, op=sum, group=0, num_host=1, algo=ring
[11:54:57][ddbff3a86679][22:164][DBG][XCCL][kl3_all_reduce.cpp:94] send buf addr 0x4004000000/0x402408e000 count 12
[11:54:57][ddbff3a86679][22:22][DBG][XCCL][helper.cpp:301] all_reduce: ctx=0x592d9ccea130, seq_id=241, rank=1, nranks=2, dev=1, send=0x4004000000, recv=0x4004000000, cnt=67108864, root=-1, peer=-1, stream=0x592d9cce12e0, data=float, op=sum, group=0, num_host=1, algo=ring
[11:54:57][ddbff3a86679][22:164][DBG][XCCL][kl3_all_reduce.cpp:94] send buf addr 0x4004000000/0x402408e000 count 12
[11:54:57][ddbff3a86679][22:22][DBG][XCCL][helper.cpp:301] all_reduce: ctx=0x592d9ccea130, seq_id=242, rank=1, nranks=2, dev=1, send=0x4004000000, recv=0x4004000000, cnt=67108864, root=-1, peer=-1, stream=0x592d9cce12e0, data=float, op=sum, group=0, num_host=1, algo=ring
[11:54:57][ddbff3a86679][22:164][DBG][XCCL][kl3_all_reduce.cpp:94] send buf addr 0x4004000000/0x402408e000 count 12
[11:54:57][ddbff3a86679][22:22][DBG][XCCL][helper.cpp:301] all_reduce: ctx=0x592d9ccea130, seq_id=243, rank=1, nranks=2, dev=1, send=0x4004000000, recv=0x4004000000, cnt=67108864, root=-1, peer=-1, stream=0x592d9cce12e0, data=float, op=sum, group=0, num_host=1, algo=ring
[11:54:57][ddbff3a86679][22:164][DBG][XCCL][kl3_all_reduce.cpp:94] send buf addr 0x4004000000/0x402408e000 count 12
[11:54:57][ddbff3a86679][22:22][DBG][XCCL][helper.cpp:301] all_reduce: ctx=0x592d9ccea130, seq_id=244, rank=1, nranks=2, dev=1, send=0x4004000000, recv=0x4004000000, cnt=67108864, root=-1, peer=-1, stream=0x592d9cce12e0, data=float, op=sum, group=0, num_host=1, algo=ring
[11:54:57][ddbff3a86679][22:164][DBG][XCCL][kl3_all_reduce.cpp:94] send buf addr 0x4004000000/0x402408e000 count 12
[11:54:57][ddbff3a86679][22:22][DBG][XCCL][helper.cpp:301] all_reduce: ctx=0x592d9ccea130, seq_id=245, rank=1, nranks=2, dev=1, send=0x4004000000, recv=0x4004000000, cnt=67108864, root=-1, peer=-1, stream=0x592d9cce12e0, data=float, op=sum, group=0, num_host=1, algo=ring
[11:54:57][ddbff3a86679][22:164][DBG][XCCL][kl3_all_reduce.cpp:94] send buf addr 0x4004000000/0x402408e000 count 12
[11:54:57][ddbff3a86679][22:22][DBG][XCCL][helper.cpp:301] all_reduce: ctx=0x592d9ccea130, seq_id=246, rank=1, nranks=2, dev=1, send=0x4004000000, recv=0x4004000000, cnt=67108864, root=-1, peer=-1, stream=0x592d9cce12e0, data=float, op=sum, group=0, num_host=1, algo=ring
[11:54:57][ddbff3a86679][22:164][DBG][XCCL][kl3_all_reduce.cpp:94] send buf addr 0x4004000000/0x402408e000 count 12
[11:54:57][ddbff3a86679][22:22][DBG][XCCL][helper.cpp:301] all_reduce: ctx=0x592d9ccea130, seq_id=247, rank=1, nranks=2, dev=1, send=0x4004000000, recv=0x4004000000, cnt=67108864, root=-1, peer=-1, stream=0x592d9cce12e0, data=float, op=sum, group=0, num_host=1, algo=ring
[11:54:57][ddbff3a86679][22:164][DBG][XCCL][kl3_all_reduce.cpp:94] send buf addr 0x4004000000/0x402408e000 count 12
[11:54:57][ddbff3a86679][22:22][DBG][XCCL][helper.cpp:301] all_reduce: ctx=0x592d9ccea130, seq_id=248, rank=1, nranks=2, dev=1, send=0x4004000000, recv=0x4004000000, cnt=67108864, root=-1, peer=-1, stream=0x592d9cce12e0, data=float, op=sum, group=0, num_host=1, algo=ring
[11:54:57][ddbff3a86679][22:164][DBG][XCCL][kl3_all_reduce.cpp:94] send buf addr 0x4004000000/0x402408e000 count 12
[11:54:57][ddbff3a86679][22:22][DBG][XCCL][helper.cpp:301] all_reduce: ctx=0x592d9ccea130, seq_id=249, rank=1, nranks=2, dev=1, send=0x4004000000, recv=0x4004000000, cnt=67108864, root=-1, peer=-1, stream=0x592d9cce12e0, data=float, op=sum, group=0, num_host=1, algo=ring
[11:54:57][ddbff3a86679][22:164][DBG][XCCL][kl3_all_reduce.cpp:94] send buf addr 0x4004000000/0x402408e000 count 12
[11:54:57][ddbff3a86679][22:22][DBG][XCCL][helper.cpp:301] all_reduce: ctx=0x592d9ccea130, seq_id=250, rank=1, nranks=2, dev=1, send=0x4004000000, recv=0x4004000000, cnt=67108864, root=-1, peer=-1, stream=0x592d9cce12e0, data=float, op=sum, group=0, num_host=1, algo=ring
[11:54:57][ddbff3a86679][22:164][DBG][XCCL][kl3_all_reduce.cpp:94] send buf addr 0x4004000000/0x402408e000 count 12
[11:54:57][ddbff3a86679][22:22][DBG][XCCL][helper.cpp:301] all_reduce: ctx=0x592d9ccea130, seq_id=251, rank=1, nranks=2, dev=1, send=0x4004000000, recv=0x4004000000, cnt=67108864, root=-1, peer=-1, stream=0x592d9cce12e0, data=float, op=sum, group=0, num_host=1, algo=ring
[11:54:57][ddbff3a86679][22:164][DBG][XCCL][kl3_all_reduce.cpp:94] send buf addr 0x4004000000/0x402408e000 count 12
[11:54:57][ddbff3a86679][22:22][DBG][XCCL][helper.cpp:301] all_reduce: ctx=0x592d9ccea130, seq_id=252, rank=1, nranks=2, dev=1, send=0x4004000000, recv=0x4004000000, cnt=67108864, root=-1, peer=-1, stream=0x592d9cce12e0, data=float, op=sum, group=0, num_host=1, algo=ring
[11:54:57][ddbff3a86679][22:164][DBG][XCCL][kl3_all_reduce.cpp:94] send buf addr 0x4004000000/0x402408e000 count 12
[11:54:57][ddbff3a86679][22:22][DBG][XCCL][helper.cpp:301] all_reduce: ctx=0x592d9ccea130, seq_id=253, rank=1, nranks=2, dev=1, send=0x4004000000, recv=0x4004000000, cnt=67108864, root=-1, peer=-1, stream=0x592d9cce12e0, data=float, op=sum, group=0, num_host=1, algo=ring
[11:54:57][ddbff3a86679][22:164][DBG][XCCL][kl3_all_reduce.cpp:94] send buf addr 0x4004000000/0x402408e000 count 12
[11:54:57][ddbff3a86679][22:22][DBG][XCCL][helper.cpp:301] all_reduce: ctx=0x592d9ccea130, seq_id=254, rank=1, nranks=2, dev=1, send=0x4004000000, recv=0x4004000000, cnt=67108864, root=-1, peer=-1, stream=0x592d9cce12e0, data=float, op=sum, group=0, num_host=1, algo=ring
[11:54:57][ddbff3a86679][22:164][DBG][XCCL][kl3_all_reduce.cpp:94] send buf addr 0x4004000000/0x402408e000 count 12
[11:54:57][ddbff3a86679][22:22][DBG][XCCL][helper.cpp:301] all_reduce: ctx=0x592d9ccea130, seq_id=255, rank=1, nranks=2, dev=1, send=0x4004000000, recv=0x4004000000, cnt=67108864, root=-1, peer=-1, stream=0x592d9cce12e0, data=float, op=sum, group=0, num_host=1, algo=ring
[11:54:57][ddbff3a86679][22:164][DBG][XCCL][kl3_all_reduce.cpp:94] send buf addr 0x4004000000/0x402408e000 count 12
[11:54:57][ddbff3a86679][22:22][DBG][XCCL][helper.cpp:301] all_reduce: ctx=0x592d9ccea130, seq_id=256, rank=1, nranks=2, dev=1, send=0x4004000000, recv=0x4004000000, cnt=67108864, root=-1, peer=-1, stream=0x592d9cce12e0, data=float, op=sum, group=0, num_host=1, algo=ring
[11:54:57][ddbff3a86679][22:164][DBG][XCCL][kl3_all_reduce.cpp:94] send buf addr 0x4004000000/0x402408e000 count 12
[11:54:57][ddbff3a86679][22:22][DBG][XCCL][helper.cpp:301] all_reduce: ctx=0x592d9ccea130, seq_id=257, rank=1, nranks=2, dev=1, send=0x4004000000, recv=0x4004000000, cnt=67108864, root=-1, peer=-1, stream=0x592d9cce12e0, data=float, op=sum, group=0, num_host=1, algo=ring
[11:54:57][ddbff3a86679][22:164][DBG][XCCL][kl3_all_reduce.cpp:94] send buf addr 0x4004000000/0x402408e000 count 12
[11:54:57][ddbff3a86679][22:22][DBG][XCCL][helper.cpp:301] all_reduce: ctx=0x592d9ccea130, seq_id=258, rank=1, nranks=2, dev=1, send=0x4004000000, recv=0x4004000000, cnt=67108864, root=-1, peer=-1, stream=0x592d9cce12e0, data=float, op=sum, group=0, num_host=1, algo=ring
[11:54:57][ddbff3a86679][22:164][DBG][XCCL][kl3_all_reduce.cpp:94] send buf addr 0x4004000000/0x402408e000 count 12
[11:54:57][ddbff3a86679][22:22][DBG][XCCL][helper.cpp:301] all_reduce: ctx=0x592d9ccea130, seq_id=259, rank=1, nranks=2, dev=1, send=0x4004000000, recv=0x4004000000, cnt=67108864, root=-1, peer=-1, stream=0x592d9cce12e0, data=float, op=sum, group=0, num_host=1, algo=ring
[11:54:57][ddbff3a86679][22:164][DBG][XCCL][kl3_all_reduce.cpp:94] send buf addr 0x4004000000/0x402408e000 count 12
[11:54:57][ddbff3a86679][22:22][DBG][XCCL][helper.cpp:301] all_reduce: ctx=0x592d9ccea130, seq_id=260, rank=1, nranks=2, dev=1, send=0x4004000000, recv=0x4004000000, cnt=67108864, root=-1, peer=-1, stream=0x592d9cce12e0, data=float, op=sum, group=0, num_host=1, algo=ring
[11:54:57][ddbff3a86679][22:164][DBG][XCCL][kl3_all_reduce.cpp:94] send buf addr 0x4004000000/0x402408e000 count 12
[11:54:57][ddbff3a86679][22:22][DBG][XCCL][helper.cpp:301] all_reduce: ctx=0x592d9ccea130, seq_id=261, rank=1, nranks=2, dev=1, send=0x4004000000, recv=0x4004000000, cnt=67108864, root=-1, peer=-1, stream=0x592d9cce12e0, data=float, op=sum, group=0, num_host=1, algo=ring
[11:54:57][ddbff3a86679][22:164][DBG][XCCL][kl3_all_reduce.cpp:94] send buf addr 0x4004000000/0x402408e000 count 12
[11:54:57][ddbff3a86679][22:22][DBG][XCCL][helper.cpp:301] all_reduce: ctx=0x592d9ccea130, seq_id=262, rank=1, nranks=2, dev=1, send=0x4004000000, recv=0x4004000000, cnt=67108864, root=-1, peer=-1, stream=0x592d9cce12e0, data=float, op=sum, group=0, num_host=1, algo=ring
[11:54:57][ddbff3a86679][22:164][DBG][XCCL][kl3_all_reduce.cpp:94] send buf addr 0x4004000000/0x402408e000 count 12
[11:54:57][ddbff3a86679][22:22][DBG][XCCL][helper.cpp:301] all_reduce: ctx=0x592d9ccea130, seq_id=263, rank=1, nranks=2, dev=1, send=0x4004000000, recv=0x4004000000, cnt=67108864, root=-1, peer=-1, stream=0x592d9cce12e0, data=float, op=sum, group=0, num_host=1, algo=ring
[11:54:57][ddbff3a86679][22:164][DBG][XCCL][kl3_all_reduce.cpp:94] send buf addr 0x4004000000/0x402408e000 count 12
[11:54:57][ddbff3a86679][22:22][DBG][XCCL][helper.cpp:301] all_reduce: ctx=0x592d9ccea130, seq_id=264, rank=1, nranks=2, dev=1, send=0x4004000000, recv=0x4004000000, cnt=67108864, root=-1, peer=-1, stream=0x592d9cce12e0, data=float, op=sum, group=0, num_host=1, algo=ring
[11:54:57][ddbff3a86679][22:164][DBG][XCCL][kl3_all_reduce.cpp:94] send buf addr 0x4004000000/0x402408e000 count 12
[11:54:57][ddbff3a86679][22:22][DBG][XCCL][helper.cpp:301] all_reduce: ctx=0x592d9ccea130, seq_id=265, rank=1, nranks=2, dev=1, send=0x4004000000, recv=0x4004000000, cnt=67108864, root=-1, peer=-1, stream=0x592d9cce12e0, data=float, op=sum, group=0, num_host=1, algo=ring
[11:54:57][ddbff3a86679][22:164][DBG][XCCL][kl3_all_reduce.cpp:94] send buf addr 0x4004000000/0x402408e000 count 12
[11:54:57][ddbff3a86679][22:22][DBG][XCCL][helper.cpp:301] all_reduce: ctx=0x592d9ccea130, seq_id=266, rank=1, nranks=2, dev=1, send=0x4004000000, recv=0x4004000000, cnt=67108864, root=-1, peer=-1, stream=0x592d9cce12e0, data=float, op=sum, group=0, num_host=1, algo=ring
[11:54:57][ddbff3a86679][22:164][DBG][XCCL][kl3_all_reduce.cpp:94] send buf addr 0x4004000000/0x402408e000 count 12
[11:54:57][ddbff3a86679][22:22][DBG][XCCL][helper.cpp:301] all_reduce: ctx=0x592d9ccea130, seq_id=267, rank=1, nranks=2, dev=1, send=0x4004000000, recv=0x4004000000, cnt=67108864, root=-1, peer=-1, stream=0x592d9cce12e0, data=float, op=sum, group=0, num_host=1, algo=ring
[11:54:57][ddbff3a86679][22:164][DBG][XCCL][kl3_all_reduce.cpp:94] send buf addr 0x4004000000/0x402408e000 count 12
[11:54:57][ddbff3a86679][22:22][DBG][XCCL][helper.cpp:301] all_reduce: ctx=0x592d9ccea130, seq_id=268, rank=1, nranks=2, dev=1, send=0x4004000000, recv=0x4004000000, cnt=67108864, root=-1, peer=-1, stream=0x592d9cce12e0, data=float, op=sum, group=0, num_host=1, algo=ring
[11:54:57][ddbff3a86679][22:164][DBG][XCCL][kl3_all_reduce.cpp:94] send buf addr 0x4004000000/0x402408e000 count 12
[11:54:57][ddbff3a86679][22:22][DBG][XCCL][helper.cpp:301] all_reduce: ctx=0x592d9ccea130, seq_id=269, rank=1, nranks=2, dev=1, send=0x4004000000, recv=0x4004000000, cnt=67108864, root=-1, peer=-1, stream=0x592d9cce12e0, data=float, op=sum, group=0, num_host=1, algo=ring
[11:54:57][ddbff3a86679][22:164][DBG][XCCL][kl3_all_reduce.cpp:94] send buf addr 0x4004000000/0x402408e000 count 12
[11:54:57][ddbff3a86679][22:22][DBG][XCCL][helper.cpp:301] all_reduce: ctx=0x592d9ccea130, seq_id=270, rank=1, nranks=2, dev=1, send=0x4004000000, recv=0x4004000000, cnt=67108864, root=-1, peer=-1, stream=0x592d9cce12e0, data=float, op=sum, group=0, num_host=1, algo=ring
[11:54:57][ddbff3a86679][22:164][DBG][XCCL][kl3_all_reduce.cpp:94] send buf addr 0x4004000000/0x402408e000 count 12
[11:54:57][ddbff3a86679][22:22][DBG][XCCL][helper.cpp:301] all_reduce: ctx=0x592d9ccea130, seq_id=271, rank=1, nranks=2, dev=1, send=0x4004000000, recv=0x4004000000, cnt=67108864, root=-1, peer=-1, stream=0x592d9cce12e0, data=float, op=sum, group=0, num_host=1, algo=ring
[11:54:57][ddbff3a86679][22:164][DBG][XCCL][kl3_all_reduce.cpp:94] send buf addr 0x4004000000/0x402408e000 count 12
[11:54:57][ddbff3a86679][22:22][DBG][XCCL][helper.cpp:301] all_reduce: ctx=0x592d9ccea130, seq_id=272, rank=1, nranks=2, dev=1, send=0x4004000000, recv=0x4004000000, cnt=67108864, root=-1, peer=-1, stream=0x592d9cce12e0, data=float, op=sum, group=0, num_host=1, algo=ring
[11:54:57][ddbff3a86679][22:164][DBG][XCCL][kl3_all_reduce.cpp:94] send buf addr 0x4004000000/0x402408e000 count 12
[11:54:57][ddbff3a86679][22:22][DBG][XCCL][helper.cpp:301] all_reduce: ctx=0x592d9ccea130, seq_id=273, rank=1, nranks=2, dev=1, send=0x4004000000, recv=0x4004000000, cnt=67108864, root=-1, peer=-1, stream=0x592d9cce12e0, data=float, op=sum, group=0, num_host=1, algo=ring
[11:54:57][ddbff3a86679][22:164][DBG][XCCL][kl3_all_reduce.cpp:94] send buf addr 0x4004000000/0x402408e000 count 12
[11:54:58][ddbff3a86679][22:22][DBG][XCCL][helper.cpp:301] all_reduce: ctx=0x592d9ccea130, seq_id=274, rank=1, nranks=2, dev=1, send=0x4004000000, recv=0x4004000000, cnt=67108864, root=-1, peer=-1, stream=0x592d9cce12e0, data=float, op=sum, group=0, num_host=1, algo=ring
[11:54:58][ddbff3a86679][22:164][DBG][XCCL][kl3_all_reduce.cpp:94] send buf addr 0x4004000000/0x402408e000 count 12
[11:54:58][ddbff3a86679][22:22][DBG][XCCL][helper.cpp:301] all_reduce: ctx=0x592d9ccea130, seq_id=275, rank=1, nranks=2, dev=1, send=0x4004000000, recv=0x4004000000, cnt=67108864, root=-1, peer=-1, stream=0x592d9cce12e0, data=float, op=sum, group=0, num_host=1, algo=ring
[11:54:58][ddbff3a86679][22:164][DBG][XCCL][kl3_all_reduce.cpp:94] send buf addr 0x4004000000/0x402408e000 count 12
[11:54:58][ddbff3a86679][22:22][DBG][XCCL][helper.cpp:301] all_reduce: ctx=0x592d9ccea130, seq_id=276, rank=1, nranks=2, dev=1, send=0x4004000000, recv=0x4004000000, cnt=67108864, root=-1, peer=-1, stream=0x592d9cce12e0, data=float, op=sum, group=0, num_host=1, algo=ring
[11:54:58][ddbff3a86679][22:164][DBG][XCCL][kl3_all_reduce.cpp:94] send buf addr 0x4004000000/0x402408e000 count 12
[11:54:58][ddbff3a86679][22:22][DBG][XCCL][helper.cpp:301] all_reduce: ctx=0x592d9ccea130, seq_id=277, rank=1, nranks=2, dev=1, send=0x4004000000, recv=0x4004000000, cnt=67108864, root=-1, peer=-1, stream=0x592d9cce12e0, data=float, op=sum, group=0, num_host=1, algo=ring
[11:54:58][ddbff3a86679][22:164][DBG][XCCL][kl3_all_reduce.cpp:94] send buf addr 0x4004000000/0x402408e000 count 12
[11:54:58][ddbff3a86679][22:22][DBG][XCCL][helper.cpp:301] all_reduce: ctx=0x592d9ccea130, seq_id=278, rank=1, nranks=2, dev=1, send=0x4004000000, recv=0x4004000000, cnt=67108864, root=-1, peer=-1, stream=0x592d9cce12e0, data=float, op=sum, group=0, num_host=1, algo=ring
[11:54:58][ddbff3a86679][22:164][DBG][XCCL][kl3_all_reduce.cpp:94] send buf addr 0x4004000000/0x402408e000 count 12
[11:54:58][ddbff3a86679][22:22][DBG][XCCL][helper.cpp:301] all_reduce: ctx=0x592d9ccea130, seq_id=279, rank=1, nranks=2, dev=1, send=0x4004000000, recv=0x4004000000, cnt=67108864, root=-1, peer=-1, stream=0x592d9cce12e0, data=float, op=sum, group=0, num_host=1, algo=ring
[11:54:58][ddbff3a86679][22:164][DBG][XCCL][kl3_all_reduce.cpp:94] send buf addr 0x4004000000/0x402408e000 count 12
[11:54:58][ddbff3a86679][22:22][DBG][XCCL][helper.cpp:301] all_reduce: ctx=0x592d9ccea130, seq_id=280, rank=1, nranks=2, dev=1, send=0x4004000000, recv=0x4004000000, cnt=67108864, root=-1, peer=-1, stream=0x592d9cce12e0, data=float, op=sum, group=0, num_host=1, algo=ring
[11:54:58][ddbff3a86679][22:164][DBG][XCCL][kl3_all_reduce.cpp:94] send buf addr 0x4004000000/0x402408e000 count 12
[11:54:58][ddbff3a86679][22:22][DBG][XCCL][helper.cpp:301] all_reduce: ctx=0x592d9ccea130, seq_id=281, rank=1, nranks=2, dev=1, send=0x4004000000, recv=0x4004000000, cnt=67108864, root=-1, peer=-1, stream=0x592d9cce12e0, data=float, op=sum, group=0, num_host=1, algo=ring
[11:54:58][ddbff3a86679][22:164][DBG][XCCL][kl3_all_reduce.cpp:94] send buf addr 0x4004000000/0x402408e000 count 12
[11:54:58][ddbff3a86679][22:22][DBG][XCCL][helper.cpp:301] all_reduce: ctx=0x592d9ccea130, seq_id=282, rank=1, nranks=2, dev=1, send=0x4004000000, recv=0x4004000000, cnt=67108864, root=-1, peer=-1, stream=0x592d9cce12e0, data=float, op=sum, group=0, num_host=1, algo=ring
[11:54:58][ddbff3a86679][22:164][DBG][XCCL][kl3_all_reduce.cpp:94] send buf addr 0x4004000000/0x402408e000 count 12
[11:54:58][ddbff3a86679][22:22][DBG][XCCL][helper.cpp:301] all_reduce: ctx=0x592d9ccea130, seq_id=283, rank=1, nranks=2, dev=1, send=0x4004000000, recv=0x4004000000, cnt=67108864, root=-1, peer=-1, stream=0x592d9cce12e0, data=float, op=sum, group=0, num_host=1, algo=ring
[11:54:58][ddbff3a86679][22:164][DBG][XCCL][kl3_all_reduce.cpp:94] send buf addr 0x4004000000/0x402408e000 count 12
[11:54:58][ddbff3a86679][22:22][DBG][XCCL][helper.cpp:301] all_reduce: ctx=0x592d9ccea130, seq_id=284, rank=1, nranks=2, dev=1, send=0x4004000000, recv=0x4004000000, cnt=67108864, root=-1, peer=-1, stream=0x592d9cce12e0, data=float, op=sum, group=0, num_host=1, algo=ring
[11:54:58][ddbff3a86679][22:164][DBG][XCCL][kl3_all_reduce.cpp:94] send buf addr 0x4004000000/0x402408e000 count 12
[11:54:58][ddbff3a86679][22:22][DBG][XCCL][helper.cpp:301] all_reduce: ctx=0x592d9ccea130, seq_id=285, rank=1, nranks=2, dev=1, send=0x4004000000, recv=0x4004000000, cnt=67108864, root=-1, peer=-1, stream=0x592d9cce12e0, data=float, op=sum, group=0, num_host=1, algo=ring
[11:54:58][ddbff3a86679][22:164][DBG][XCCL][kl3_all_reduce.cpp:94] send buf addr 0x4004000000/0x402408e000 count 12
[11:54:58][ddbff3a86679][22:22][DBG][XCCL][helper.cpp:301] all_reduce: ctx=0x592d9ccea130, seq_id=286, rank=1, nranks=2, dev=1, send=0x4004000000, recv=0x4004000000, cnt=67108864, root=-1, peer=-1, stream=0x592d9cce12e0, data=float, op=sum, group=0, num_host=1, algo=ring
[11:54:58][ddbff3a86679][22:164][DBG][XCCL][kl3_all_reduce.cpp:94] send buf addr 0x4004000000/0x402408e000 count 12
[11:54:58][ddbff3a86679][22:22][DBG][XCCL][helper.cpp:301] all_reduce: ctx=0x592d9ccea130, seq_id=287, rank=1, nranks=2, dev=1, send=0x4004000000, recv=0x4004000000, cnt=67108864, root=-1, peer=-1, stream=0x592d9cce12e0, data=float, op=sum, group=0, num_host=1, algo=ring
[11:54:58][ddbff3a86679][22:164][DBG][XCCL][kl3_all_reduce.cpp:94] send buf addr 0x4004000000/0x402408e000 count 12
[11:54:58][ddbff3a86679][22:22][DBG][XCCL][helper.cpp:301] all_reduce: ctx=0x592d9ccea130, seq_id=288, rank=1, nranks=2, dev=1, send=0x4004000000, recv=0x4004000000, cnt=67108864, root=-1, peer=-1, stream=0x592d9cce12e0, data=float, op=sum, group=0, num_host=1, algo=ring
[11:54:58][ddbff3a86679][22:164][DBG][XCCL][kl3_all_reduce.cpp:94] send buf addr 0x4004000000/0x402408e000 count 12
[11:54:58][ddbff3a86679][22:22][DBG][XCCL][helper.cpp:301] all_reduce: ctx=0x592d9ccea130, seq_id=289, rank=1, nranks=2, dev=1, send=0x4004000000, recv=0x4004000000, cnt=67108864, root=-1, peer=-1, stream=0x592d9cce12e0, data=float, op=sum, group=0, num_host=1, algo=ring
[11:54:58][ddbff3a86679][22:164][DBG][XCCL][kl3_all_reduce.cpp:94] send buf addr 0x4004000000/0x402408e000 count 12
[11:54:58][ddbff3a86679][22:22][DBG][XCCL][helper.cpp:301] all_reduce: ctx=0x592d9ccea130, seq_id=290, rank=1, nranks=2, dev=1, send=0x4004000000, recv=0x4004000000, cnt=67108864, root=-1, peer=-1, stream=0x592d9cce12e0, data=float, op=sum, group=0, num_host=1, algo=ring
[11:54:58][ddbff3a86679][22:164][DBG][XCCL][kl3_all_reduce.cpp:94] send buf addr 0x4004000000/0x402408e000 count 12
[11:54:58][ddbff3a86679][22:22][DBG][XCCL][helper.cpp:301] all_reduce: ctx=0x592d9ccea130, seq_id=291, rank=1, nranks=2, dev=1, send=0x4004000000, recv=0x4004000000, cnt=67108864, root=-1, peer=-1, stream=0x592d9cce12e0, data=float, op=sum, group=0, num_host=1, algo=ring
[11:54:58][ddbff3a86679][22:164][DBG][XCCL][kl3_all_reduce.cpp:94] send buf addr 0x4004000000/0x402408e000 count 12
[11:54:58][ddbff3a86679][22:22][DBG][XCCL][helper.cpp:301] all_reduce: ctx=0x592d9ccea130, seq_id=292, rank=1, nranks=2, dev=1, send=0x4004000000, recv=0x4004000000, cnt=67108864, root=-1, peer=-1, stream=0x592d9cce12e0, data=float, op=sum, group=0, num_host=1, algo=ring
[11:54:58][ddbff3a86679][22:164][DBG][XCCL][kl3_all_reduce.cpp:94] send buf addr 0x4004000000/0x402408e000 count 12
[11:54:58][ddbff3a86679][22:22][DBG][XCCL][helper.cpp:301] all_reduce: ctx=0x592d9ccea130, seq_id=293, rank=1, nranks=2, dev=1, send=0x4004000000, recv=0x4004000000, cnt=67108864, root=-1, peer=-1, stream=0x592d9cce12e0, data=float, op=sum, group=0, num_host=1, algo=ring
[11:54:58][ddbff3a86679][22:164][DBG][XCCL][kl3_all_reduce.cpp:94] send buf addr 0x4004000000/0x402408e000 count 12
[11:54:58][ddbff3a86679][22:22][DBG][XCCL][helper.cpp:301] all_reduce: ctx=0x592d9ccea130, seq_id=294, rank=1, nranks=2, dev=1, send=0x4004000000, recv=0x4004000000, cnt=67108864, root=-1, peer=-1, stream=0x592d9cce12e0, data=float, op=sum, group=0, num_host=1, algo=ring
[11:54:58][ddbff3a86679][22:164][DBG][XCCL][kl3_all_reduce.cpp:94] send buf addr 0x4004000000/0x402408e000 count 12
[11:54:58][ddbff3a86679][22:22][DBG][XCCL][helper.cpp:301] all_reduce: ctx=0x592d9ccea130, seq_id=295, rank=1, nranks=2, dev=1, send=0x4004000000, recv=0x4004000000, cnt=67108864, root=-1, peer=-1, stream=0x592d9cce12e0, data=float, op=sum, group=0, num_host=1, algo=ring
[11:54:58][ddbff3a86679][22:164][DBG][XCCL][kl3_all_reduce.cpp:94] send buf addr 0x4004000000/0x402408e000 count 12
[11:54:58][ddbff3a86679][22:22][DBG][XCCL][helper.cpp:301] all_reduce: ctx=0x592d9ccea130, seq_id=296, rank=1, nranks=2, dev=1, send=0x4004000000, recv=0x4004000000, cnt=67108864, root=-1, peer=-1, stream=0x592d9cce12e0, data=float, op=sum, group=0, num_host=1, algo=ring
[11:54:58][ddbff3a86679][22:164][DBG][XCCL][kl3_all_reduce.cpp:94] send buf addr 0x4004000000/0x402408e000 count 12
[11:54:58][ddbff3a86679][22:22][DBG][XCCL][helper.cpp:301] all_reduce: ctx=0x592d9ccea130, seq_id=297, rank=1, nranks=2, dev=1, send=0x4004000000, recv=0x4004000000, cnt=67108864, root=-1, peer=-1, stream=0x592d9cce12e0, data=float, op=sum, group=0, num_host=1, algo=ring
[11:54:58][ddbff3a86679][22:164][DBG][XCCL][kl3_all_reduce.cpp:94] send buf addr 0x4004000000/0x402408e000 count 12
[11:54:58][ddbff3a86679][22:22][DBG][XCCL][helper.cpp:301] all_reduce: ctx=0x592d9ccea130, seq_id=298, rank=1, nranks=2, dev=1, send=0x4004000000, recv=0x4004000000, cnt=67108864, root=-1, peer=-1, stream=0x592d9cce12e0, data=float, op=sum, group=0, num_host=1, algo=ring
[11:54:58][ddbff3a86679][22:164][DBG][XCCL][kl3_all_reduce.cpp:94] send buf addr 0x4004000000/0x402408e000 count 12
[11:54:58][ddbff3a86679][22:22][DBG][XCCL][helper.cpp:301] all_reduce: ctx=0x592d9ccea130, seq_id=299, rank=1, nranks=2, dev=1, send=0x4004000000, recv=0x4004000000, cnt=67108864, root=-1, peer=-1, stream=0x592d9cce12e0, data=float, op=sum, group=0, num_host=1, algo=ring
[11:54:58][ddbff3a86679][22:164][DBG][XCCL][kl3_all_reduce.cpp:94] send buf addr 0x4004000000/0x402408e000 count 12
[11:54:58][ddbff3a86679][22:22][DBG][XCCL][helper.cpp:301] all_reduce: ctx=0x592d9ccea130, seq_id=300, rank=1, nranks=2, dev=1, send=0x4004000000, recv=0x4004000000, cnt=67108864, root=-1, peer=-1, stream=0x592d9cce12e0, data=float, op=sum, group=0, num_host=1, algo=ring
[11:54:58][ddbff3a86679][22:164][DBG][XCCL][kl3_all_reduce.cpp:94] send buf addr 0x4004000000/0x402408e000 count 12
[11:54:58][ddbff3a86679][22:22][DBG][XCCL][helper.cpp:301] all_reduce: ctx=0x592d9ccea130, seq_id=301, rank=1, nranks=2, dev=1, send=0x4004000000, recv=0x4004000000, cnt=67108864, root=-1, peer=-1, stream=0x592d9cce12e0, data=float, op=sum, group=0, num_host=1, algo=ring
[11:54:58][ddbff3a86679][22:164][DBG][XCCL][kl3_all_reduce.cpp:94] send buf addr 0x4004000000/0x402408e000 count 12
[11:54:58][ddbff3a86679][22:22][DBG][XCCL][helper.cpp:301] all_reduce: ctx=0x592d9ccea130, seq_id=302, rank=1, nranks=2, dev=1, send=0x4004000000, recv=0x4004000000, cnt=67108864, root=-1, peer=-1, stream=0x592d9cce12e0, data=float, op=sum, group=0, num_host=1, algo=ring
[11:54:58][ddbff3a86679][22:164][DBG][XCCL][kl3_all_reduce.cpp:94] send buf addr 0x4004000000/0x402408e000 count 12
[11:54:58][ddbff3a86679][22:22][DBG][XCCL][helper.cpp:301] all_reduce: ctx=0x592d9ccea130, seq_id=303, rank=1, nranks=2, dev=1, send=0x4004000000, recv=0x4004000000, cnt=67108864, root=-1, peer=-1, stream=0x592d9cce12e0, data=float, op=sum, group=0, num_host=1, algo=ring
[11:54:58][ddbff3a86679][22:164][DBG][XCCL][kl3_all_reduce.cpp:94] send buf addr 0x4004000000/0x402408e000 count 12
[11:54:58][ddbff3a86679][22:22][DBG][XCCL][helper.cpp:301] all_reduce: ctx=0x592d9ccea130, seq_id=304, rank=1, nranks=2, dev=1, send=0x4004000000, recv=0x4004000000, cnt=67108864, root=-1, peer=-1, stream=0x592d9cce12e0, data=float, op=sum, group=0, num_host=1, algo=ring
[11:54:58][ddbff3a86679][22:164][DBG][XCCL][kl3_all_reduce.cpp:94] send buf addr 0x4004000000/0x402408e000 count 12
[11:54:58][ddbff3a86679][22:22][DBG][XCCL][helper.cpp:301] all_reduce: ctx=0x592d9ccea130, seq_id=305, rank=1, nranks=2, dev=1, send=0x4004000000, recv=0x4004000000, cnt=67108864, root=-1, peer=-1, stream=0x592d9cce12e0, data=float, op=sum, group=0, num_host=1, algo=ring
[11:54:58][ddbff3a86679][22:164][DBG][XCCL][kl3_all_reduce.cpp:94] send buf addr 0x4004000000/0x402408e000 count 12
[11:54:58][ddbff3a86679][22:22][DBG][XCCL][helper.cpp:301] all_reduce: ctx=0x592d9ccea130, seq_id=306, rank=1, nranks=2, dev=1, send=0x4004000000, recv=0x4004000000, cnt=67108864, root=-1, peer=-1, stream=0x592d9cce12e0, data=float, op=sum, group=0, num_host=1, algo=ring
[11:54:58][ddbff3a86679][22:164][DBG][XCCL][kl3_all_reduce.cpp:94] send buf addr 0x4004000000/0x402408e000 count 12
[11:54:58][ddbff3a86679][22:22][DBG][XCCL][helper.cpp:301] all_reduce: ctx=0x592d9ccea130, seq_id=307, rank=1, nranks=2, dev=1, send=0x4004000000, recv=0x4004000000, cnt=67108864, root=-1, peer=-1, stream=0x592d9cce12e0, data=float, op=sum, group=0, num_host=1, algo=ring
[11:54:58][ddbff3a86679][22:164][DBG][XCCL][kl3_all_reduce.cpp:94] send buf addr 0x4004000000/0x402408e000 count 12
[11:54:58][ddbff3a86679][22:22][DBG][XCCL][helper.cpp:301] all_reduce: ctx=0x592d9ccea130, seq_id=308, rank=1, nranks=2, dev=1, send=0x4004000000, recv=0x4004000000, cnt=67108864, root=-1, peer=-1, stream=0x592d9cce12e0, data=float, op=sum, group=0, num_host=1, algo=ring
[11:54:58][ddbff3a86679][22:164][DBG][XCCL][kl3_all_reduce.cpp:94] send buf addr 0x4004000000/0x402408e000 count 12
[11:54:58][ddbff3a86679][22:22][DBG][XCCL][helper.cpp:301] all_reduce: ctx=0x592d9ccea130, seq_id=309, rank=1, nranks=2, dev=1, send=0x4004000000, recv=0x4004000000, cnt=67108864, root=-1, peer=-1, stream=0x592d9cce12e0, data=float, op=sum, group=0, num_host=1, algo=ring
[11:54:58][ddbff3a86679][22:164][DBG][XCCL][kl3_all_reduce.cpp:94] send buf addr 0x4004000000/0x402408e000 count 12
[11:54:58][ddbff3a86679][22:22][DBG][XCCL][helper.cpp:301] all_reduce: ctx=0x592d9ccea130, seq_id=310, rank=1, nranks=2, dev=1, send=0x4004000000, recv=0x4004000000, cnt=67108864, root=-1, peer=-1, stream=0x592d9cce12e0, data=float, op=sum, group=0, num_host=1, algo=ring
[11:54:58][ddbff3a86679][22:164][DBG][XCCL][kl3_all_reduce.cpp:94] send buf addr 0x4004000000/0x402408e000 count 12
[11:54:58][ddbff3a86679][22:22][DBG][XCCL][helper.cpp:301] all_reduce: ctx=0x592d9ccea130, seq_id=311, rank=1, nranks=2, dev=1, send=0x4004000000, recv=0x4004000000, cnt=67108864, root=-1, peer=-1, stream=0x592d9cce12e0, data=float, op=sum, group=0, num_host=1, algo=ring
[11:54:58][ddbff3a86679][22:164][DBG][XCCL][kl3_all_reduce.cpp:94] send buf addr 0x4004000000/0x402408e000 count 12
[11:54:58][ddbff3a86679][22:22][DBG][XCCL][helper.cpp:301] all_reduce: ctx=0x592d9ccea130, seq_id=312, rank=1, nranks=2, dev=1, send=0x4004000000, recv=0x4004000000, cnt=67108864, root=-1, peer=-1, stream=0x592d9cce12e0, data=float, op=sum, group=0, num_host=1, algo=ring
[11:54:58][ddbff3a86679][22:164][DBG][XCCL][kl3_all_reduce.cpp:94] send buf addr 0x4004000000/0x402408e000 count 12
[11:54:58][ddbff3a86679][22:22][DBG][XCCL][helper.cpp:301] all_reduce: ctx=0x592d9ccea130, seq_id=313, rank=1, nranks=2, dev=1, send=0x4004000000, recv=0x4004000000, cnt=67108864, root=-1, peer=-1, stream=0x592d9cce12e0, data=float, op=sum, group=0, num_host=1, algo=ring
[11:54:58][ddbff3a86679][22:164][DBG][XCCL][kl3_all_reduce.cpp:94] send buf addr 0x4004000000/0x402408e000 count 12
[11:54:58][ddbff3a86679][22:22][DBG][XCCL][helper.cpp:301] all_reduce: ctx=0x592d9ccea130, seq_id=314, rank=1, nranks=2, dev=1, send=0x4004000000, recv=0x4004000000, cnt=67108864, root=-1, peer=-1, stream=0x592d9cce12e0, data=float, op=sum, group=0, num_host=1, algo=ring
[11:54:58][ddbff3a86679][22:164][DBG][XCCL][kl3_all_reduce.cpp:94] send buf addr 0x4004000000/0x402408e000 count 12
[11:54:58][ddbff3a86679][22:22][DBG][XCCL][helper.cpp:301] all_reduce: ctx=0x592d9ccea130, seq_id=315, rank=1, nranks=2, dev=1, send=0x4004000000, recv=0x4004000000, cnt=67108864, root=-1, peer=-1, stream=0x592d9cce12e0, data=float, op=sum, group=0, num_host=1, algo=ring
[11:54:58][ddbff3a86679][22:164][DBG][XCCL][kl3_all_reduce.cpp:94] send buf addr 0x4004000000/0x402408e000 count 12
[11:54:58][ddbff3a86679][22:22][DBG][XCCL][helper.cpp:301] all_reduce: ctx=0x592d9ccea130, seq_id=316, rank=1, nranks=2, dev=1, send=0x4004000000, recv=0x4004000000, cnt=67108864, root=-1, peer=-1, stream=0x592d9cce12e0, data=float, op=sum, group=0, num_host=1, algo=ring
[11:54:58][ddbff3a86679][22:164][DBG][XCCL][kl3_all_reduce.cpp:94] send buf addr 0x4004000000/0x402408e000 count 12
[11:54:58][ddbff3a86679][22:22][DBG][XCCL][helper.cpp:301] all_reduce: ctx=0x592d9ccea130, seq_id=317, rank=1, nranks=2, dev=1, send=0x4004000000, recv=0x4004000000, cnt=67108864, root=-1, peer=-1, stream=0x592d9cce12e0, data=float, op=sum, group=0, num_host=1, algo=ring
[11:54:58][ddbff3a86679][22:164][DBG][XCCL][kl3_all_reduce.cpp:94] send buf addr 0x4004000000/0x402408e000 count 12
[11:54:58][ddbff3a86679][22:22][DBG][XCCL][helper.cpp:301] all_reduce: ctx=0x592d9ccea130, seq_id=318, rank=1, nranks=2, dev=1, send=0x4004000000, recv=0x4004000000, cnt=67108864, root=-1, peer=-1, stream=0x592d9cce12e0, data=float, op=sum, group=0, num_host=1, algo=ring
[11:54:58][ddbff3a86679][22:164][DBG][XCCL][kl3_all_reduce.cpp:94] send buf addr 0x4004000000/0x402408e000 count 12
[11:54:58][ddbff3a86679][22:22][DBG][XCCL][helper.cpp:301] all_reduce: ctx=0x592d9ccea130, seq_id=319, rank=1, nranks=2, dev=1, send=0x4004000000, recv=0x4004000000, cnt=67108864, root=-1, peer=-1, stream=0x592d9cce12e0, data=float, op=sum, group=0, num_host=1, algo=ring
[11:54:58][ddbff3a86679][22:164][DBG][XCCL][kl3_all_reduce.cpp:94] send buf addr 0x4004000000/0x402408e000 count 12
[11:54:58][ddbff3a86679][22:22][DBG][XCCL][helper.cpp:301] all_reduce: ctx=0x592d9ccea130, seq_id=320, rank=1, nranks=2, dev=1, send=0x4004000000, recv=0x4004000000, cnt=67108864, root=-1, peer=-1, stream=0x592d9cce12e0, data=float, op=sum, group=0, num_host=1, algo=ring
[11:54:58][ddbff3a86679][22:164][DBG][XCCL][kl3_all_reduce.cpp:94] send buf addr 0x4004000000/0x402408e000 count 12
[11:54:58][ddbff3a86679][22:22][DBG][XCCL][helper.cpp:301] all_reduce: ctx=0x592d9ccea130, seq_id=321, rank=1, nranks=2, dev=1, send=0x4004000000, recv=0x4004000000, cnt=67108864, root=-1, peer=-1, stream=0x592d9cce12e0, data=float, op=sum, group=0, num_host=1, algo=ring
[11:54:58][ddbff3a86679][22:164][DBG][XCCL][kl3_all_reduce.cpp:94] send buf addr 0x4004000000/0x402408e000 count 12
[11:54:58][ddbff3a86679][22:22][DBG][XCCL][helper.cpp:301] all_reduce: ctx=0x592d9ccea130, seq_id=322, rank=1, nranks=2, dev=1, send=0x4004000000, recv=0x4004000000, cnt=67108864, root=-1, peer=-1, stream=0x592d9cce12e0, data=float, op=sum, group=0, num_host=1, algo=ring
[11:54:58][ddbff3a86679][22:164][DBG][XCCL][kl3_all_reduce.cpp:94] send buf addr 0x4004000000/0x402408e000 count 12
[11:54:58][ddbff3a86679][22:22][DBG][XCCL][helper.cpp:301] all_reduce: ctx=0x592d9ccea130, seq_id=323, rank=1, nranks=2, dev=1, send=0x4004000000, recv=0x4004000000, cnt=67108864, root=-1, peer=-1, stream=0x592d9cce12e0, data=float, op=sum, group=0, num_host=1, algo=ring
[11:54:58][ddbff3a86679][22:164][DBG][XCCL][kl3_all_reduce.cpp:94] send buf addr 0x4004000000/0x402408e000 count 12
[11:54:58][ddbff3a86679][22:22][DBG][XCCL][helper.cpp:301] all_reduce: ctx=0x592d9ccea130, seq_id=324, rank=1, nranks=2, dev=1, send=0x4004000000, recv=0x4004000000, cnt=67108864, root=-1, peer=-1, stream=0x592d9cce12e0, data=float, op=sum, group=0, num_host=1, algo=ring
[11:54:58][ddbff3a86679][22:164][DBG][XCCL][kl3_all_reduce.cpp:94] send buf addr 0x4004000000/0x402408e000 count 12
[11:54:58][ddbff3a86679][22:22][DBG][XCCL][helper.cpp:301] all_reduce: ctx=0x592d9ccea130, seq_id=325, rank=1, nranks=2, dev=1, send=0x4004000000, recv=0x4004000000, cnt=67108864, root=-1, peer=-1, stream=0x592d9cce12e0, data=float, op=sum, group=0, num_host=1, algo=ring
[11:54:58][ddbff3a86679][22:164][DBG][XCCL][kl3_all_reduce.cpp:94] send buf addr 0x4004000000/0x402408e000 count 12
[11:54:58][ddbff3a86679][22:22][DBG][XCCL][helper.cpp:301] all_reduce: ctx=0x592d9ccea130, seq_id=326, rank=1, nranks=2, dev=1, send=0x4004000000, recv=0x4004000000, cnt=67108864, root=-1, peer=-1, stream=0x592d9cce12e0, data=float, op=sum, group=0, num_host=1, algo=ring
[11:54:58][ddbff3a86679][22:164][DBG][XCCL][kl3_all_reduce.cpp:94] send buf addr 0x4004000000/0x402408e000 count 12
[11:54:58][ddbff3a86679][22:22][DBG][XCCL][helper.cpp:301] all_reduce: ctx=0x592d9ccea130, seq_id=327, rank=1, nranks=2, dev=1, send=0x4004000000, recv=0x4004000000, cnt=67108864, root=-1, peer=-1, stream=0x592d9cce12e0, data=float, op=sum, group=0, num_host=1, algo=ring
[11:54:58][ddbff3a86679][22:164][DBG][XCCL][kl3_all_reduce.cpp:94] send buf addr 0x4004000000/0x402408e000 count 12
[11:54:58][ddbff3a86679][22:22][DBG][XCCL][helper.cpp:301] all_reduce: ctx=0x592d9ccea130, seq_id=328, rank=1, nranks=2, dev=1, send=0x4004000000, recv=0x4004000000, cnt=67108864, root=-1, peer=-1, stream=0x592d9cce12e0, data=float, op=sum, group=0, num_host=1, algo=ring
[11:54:58][ddbff3a86679][22:164][DBG][XCCL][kl3_all_reduce.cpp:94] send buf addr 0x4004000000/0x402408e000 count 12
[11:54:58][ddbff3a86679][22:22][DBG][XCCL][helper.cpp:301] all_reduce: ctx=0x592d9ccea130, seq_id=329, rank=1, nranks=2, dev=1, send=0x4004000000, recv=0x4004000000, cnt=67108864, root=-1, peer=-1, stream=0x592d9cce12e0, data=float, op=sum, group=0, num_host=1, algo=ring
[11:54:58][ddbff3a86679][22:164][DBG][XCCL][kl3_all_reduce.cpp:94] send buf addr 0x4004000000/0x402408e000 count 12
[11:54:58][ddbff3a86679][22:22][DBG][XCCL][helper.cpp:301] all_reduce: ctx=0x592d9ccea130, seq_id=330, rank=1, nranks=2, dev=1, send=0x4004000000, recv=0x4004000000, cnt=67108864, root=-1, peer=-1, stream=0x592d9cce12e0, data=float, op=sum, group=0, num_host=1, algo=ring
[11:54:58][ddbff3a86679][22:164][DBG][XCCL][kl3_all_reduce.cpp:94] send buf addr 0x4004000000/0x402408e000 count 12
[11:54:58][ddbff3a86679][22:22][DBG][XCCL][helper.cpp:301] all_reduce: ctx=0x592d9ccea130, seq_id=331, rank=1, nranks=2, dev=1, send=0x4004000000, recv=0x4004000000, cnt=67108864, root=-1, peer=-1, stream=0x592d9cce12e0, data=float, op=sum, group=0, num_host=1, algo=ring
[11:54:58][ddbff3a86679][22:164][DBG][XCCL][kl3_all_reduce.cpp:94] send buf addr 0x4004000000/0x402408e000 count 12
[11:54:58][ddbff3a86679][22:22][DBG][XCCL][helper.cpp:301] all_reduce: ctx=0x592d9ccea130, seq_id=332, rank=1, nranks=2, dev=1, send=0x4004000000, recv=0x4004000000, cnt=67108864, root=-1, peer=-1, stream=0x592d9cce12e0, data=float, op=sum, group=0, num_host=1, algo=ring
[11:54:58][ddbff3a86679][22:164][DBG][XCCL][kl3_all_reduce.cpp:94] send buf addr 0x4004000000/0x402408e000 count 12
[11:54:58][ddbff3a86679][22:22][DBG][XCCL][helper.cpp:301] all_reduce: ctx=0x592d9ccea130, seq_id=333, rank=1, nranks=2, dev=1, send=0x4004000000, recv=0x4004000000, cnt=67108864, root=-1, peer=-1, stream=0x592d9cce12e0, data=float, op=sum, group=0, num_host=1, algo=ring
[11:54:58][ddbff3a86679][22:164][DBG][XCCL][kl3_all_reduce.cpp:94] send buf addr 0x4004000000/0x402408e000 count 12
[11:54:58][ddbff3a86679][22:22][DBG][XCCL][helper.cpp:301] all_reduce: ctx=0x592d9ccea130, seq_id=334, rank=1, nranks=2, dev=1, send=0x4004000000, recv=0x4004000000, cnt=67108864, root=-1, peer=-1, stream=0x592d9cce12e0, data=float, op=sum, group=0, num_host=1, algo=ring
[11:54:58][ddbff3a86679][22:164][DBG][XCCL][kl3_all_reduce.cpp:94] send buf addr 0x4004000000/0x402408e000 count 12
[11:54:58][ddbff3a86679][22:22][DBG][XCCL][helper.cpp:301] all_reduce: ctx=0x592d9ccea130, seq_id=335, rank=1, nranks=2, dev=1, send=0x4004000000, recv=0x4004000000, cnt=67108864, root=-1, peer=-1, stream=0x592d9cce12e0, data=float, op=sum, group=0, num_host=1, algo=ring
[11:54:58][ddbff3a86679][22:164][DBG][XCCL][kl3_all_reduce.cpp:94] send buf addr 0x4004000000/0x402408e000 count 12
[11:54:58][ddbff3a86679][22:22][DBG][XCCL][helper.cpp:301] all_reduce: ctx=0x592d9ccea130, seq_id=336, rank=1, nranks=2, dev=1, send=0x4004000000, recv=0x4004000000, cnt=67108864, root=-1, peer=-1, stream=0x592d9cce12e0, data=float, op=sum, group=0, num_host=1, algo=ring
[11:54:58][ddbff3a86679][22:164][DBG][XCCL][kl3_all_reduce.cpp:94] send buf addr 0x4004000000/0x402408e000 count 12
[11:54:58][ddbff3a86679][22:22][DBG][XCCL][helper.cpp:301] all_reduce: ctx=0x592d9ccea130, seq_id=337, rank=1, nranks=2, dev=1, send=0x4004000000, recv=0x4004000000, cnt=67108864, root=-1, peer=-1, stream=0x592d9cce12e0, data=float, op=sum, group=0, num_host=1, algo=ring
[11:54:58][ddbff3a86679][22:164][DBG][XCCL][kl3_all_reduce.cpp:94] send buf addr 0x4004000000/0x402408e000 count 12
[11:54:58][ddbff3a86679][22:22][DBG][XCCL][helper.cpp:301] all_reduce: ctx=0x592d9ccea130, seq_id=338, rank=1, nranks=2, dev=1, send=0x4004000000, recv=0x4004000000, cnt=67108864, root=-1, peer=-1, stream=0x592d9cce12e0, data=float, op=sum, group=0, num_host=1, algo=ring
[11:54:58][ddbff3a86679][22:164][DBG][XCCL][kl3_all_reduce.cpp:94] send buf addr 0x4004000000/0x402408e000 count 12
[11:54:58][ddbff3a86679][22:22][DBG][XCCL][helper.cpp:301] all_reduce: ctx=0x592d9ccea130, seq_id=339, rank=1, nranks=2, dev=1, send=0x4004000000, recv=0x4004000000, cnt=67108864, root=-1, peer=-1, stream=0x592d9cce12e0, data=float, op=sum, group=0, num_host=1, algo=ring
[11:54:58][ddbff3a86679][22:164][DBG][XCCL][kl3_all_reduce.cpp:94] send buf addr 0x4004000000/0x402408e000 count 12
[11:54:58][ddbff3a86679][22:22][DBG][XCCL][helper.cpp:301] all_reduce: ctx=0x592d9ccea130, seq_id=340, rank=1, nranks=2, dev=1, send=0x4004000000, recv=0x4004000000, cnt=67108864, root=-1, peer=-1, stream=0x592d9cce12e0, data=float, op=sum, group=0, num_host=1, algo=ring
[11:54:58][ddbff3a86679][22:164][DBG][XCCL][kl3_all_reduce.cpp:94] send buf addr 0x4004000000/0x402408e000 count 12
[11:54:58][ddbff3a86679][22:22][DBG][XCCL][helper.cpp:301] all_reduce: ctx=0x592d9ccea130, seq_id=341, rank=1, nranks=2, dev=1, send=0x4004000000, recv=0x4004000000, cnt=67108864, root=-1, peer=-1, stream=0x592d9cce12e0, data=float, op=sum, group=0, num_host=1, algo=ring
[11:54:58][ddbff3a86679][22:164][DBG][XCCL][kl3_all_reduce.cpp:94] send buf addr 0x4004000000/0x402408e000 count 12
[11:54:58][ddbff3a86679][22:22][DBG][XCCL][helper.cpp:301] all_reduce: ctx=0x592d9ccea130, seq_id=342, rank=1, nranks=2, dev=1, send=0x4004000000, recv=0x4004000000, cnt=67108864, root=-1, peer=-1, stream=0x592d9cce12e0, data=float, op=sum, group=0, num_host=1, algo=ring
[11:54:58][ddbff3a86679][22:164][DBG][XCCL][kl3_all_reduce.cpp:94] send buf addr 0x4004000000/0x402408e000 count 12
[11:54:58][ddbff3a86679][22:22][DBG][XCCL][helper.cpp:301] all_reduce: ctx=0x592d9ccea130, seq_id=343, rank=1, nranks=2, dev=1, send=0x4004000000, recv=0x4004000000, cnt=67108864, root=-1, peer=-1, stream=0x592d9cce12e0, data=float, op=sum, group=0, num_host=1, algo=ring
[11:54:58][ddbff3a86679][22:164][DBG][XCCL][kl3_all_reduce.cpp:94] send buf addr 0x4004000000/0x402408e000 count 12
[11:54:58][ddbff3a86679][22:22][DBG][XCCL][helper.cpp:301] all_reduce: ctx=0x592d9ccea130, seq_id=344, rank=1, nranks=2, dev=1, send=0x4004000000, recv=0x4004000000, cnt=67108864, root=-1, peer=-1, stream=0x592d9cce12e0, data=float, op=sum, group=0, num_host=1, algo=ring
[11:54:58][ddbff3a86679][22:164][DBG][XCCL][kl3_all_reduce.cpp:94] send buf addr 0x4004000000/0x402408e000 count 12
[11:54:58][ddbff3a86679][22:22][DBG][XCCL][helper.cpp:301] all_reduce: ctx=0x592d9ccea130, seq_id=345, rank=1, nranks=2, dev=1, send=0x4004000000, recv=0x4004000000, cnt=67108864, root=-1, peer=-1, stream=0x592d9cce12e0, data=float, op=sum, group=0, num_host=1, algo=ring
[11:54:58][ddbff3a86679][22:164][DBG][XCCL][kl3_all_reduce.cpp:94] send buf addr 0x4004000000/0x402408e000 count 12
[11:54:58][ddbff3a86679][22:22][DBG][XCCL][helper.cpp:301] all_reduce: ctx=0x592d9ccea130, seq_id=346, rank=1, nranks=2, dev=1, send=0x4004000000, recv=0x4004000000, cnt=67108864, root=-1, peer=-1, stream=0x592d9cce12e0, data=float, op=sum, group=0, num_host=1, algo=ring
[11:54:58][ddbff3a86679][22:164][DBG][XCCL][kl3_all_reduce.cpp:94] send buf addr 0x4004000000/0x402408e000 count 12
[11:54:58][ddbff3a86679][22:22][DBG][XCCL][helper.cpp:301] all_reduce: ctx=0x592d9ccea130, seq_id=347, rank=1, nranks=2, dev=1, send=0x4004000000, recv=0x4004000000, cnt=67108864, root=-1, peer=-1, stream=0x592d9cce12e0, data=float, op=sum, group=0, num_host=1, algo=ring
[11:54:58][ddbff3a86679][22:164][DBG][XCCL][kl3_all_reduce.cpp:94] send buf addr 0x4004000000/0x402408e000 count 12
[11:54:58][ddbff3a86679][22:22][DBG][XCCL][helper.cpp:301] all_reduce: ctx=0x592d9ccea130, seq_id=348, rank=1, nranks=2, dev=1, send=0x4004000000, recv=0x4004000000, cnt=67108864, root=-1, peer=-1, stream=0x592d9cce12e0, data=float, op=sum, group=0, num_host=1, algo=ring
[11:54:58][ddbff3a86679][22:164][DBG][XCCL][kl3_all_reduce.cpp:94] send buf addr 0x4004000000/0x402408e000 count 12
[11:54:58][ddbff3a86679][22:22][DBG][XCCL][helper.cpp:301] all_reduce: ctx=0x592d9ccea130, seq_id=349, rank=1, nranks=2, dev=1, send=0x4004000000, recv=0x4004000000, cnt=67108864, root=-1, peer=-1, stream=0x592d9cce12e0, data=float, op=sum, group=0, num_host=1, algo=ring
[11:54:58][ddbff3a86679][22:164][DBG][XCCL][kl3_all_reduce.cpp:94] send buf addr 0x4004000000/0x402408e000 count 12
[11:54:58][ddbff3a86679][22:22][DBG][XCCL][helper.cpp:301] all_reduce: ctx=0x592d9ccea130, seq_id=350, rank=1, nranks=2, dev=1, send=0x4004000000, recv=0x4004000000, cnt=67108864, root=-1, peer=-1, stream=0x592d9cce12e0, data=float, op=sum, group=0, num_host=1, algo=ring
[11:54:58][ddbff3a86679][22:164][DBG][XCCL][kl3_all_reduce.cpp:94] send buf addr 0x4004000000/0x402408e000 count 12
[11:54:58][ddbff3a86679][22:22][DBG][XCCL][helper.cpp:301] all_reduce: ctx=0x592d9ccea130, seq_id=351, rank=1, nranks=2, dev=1, send=0x4004000000, recv=0x4004000000, cnt=67108864, root=-1, peer=-1, stream=0x592d9cce12e0, data=float, op=sum, group=0, num_host=1, algo=ring
[11:54:58][ddbff3a86679][22:164][DBG][XCCL][kl3_all_reduce.cpp:94] send buf addr 0x4004000000/0x402408e000 count 12
[11:54:58][ddbff3a86679][22:22][DBG][XCCL][helper.cpp:301] all_reduce: ctx=0x592d9ccea130, seq_id=352, rank=1, nranks=2, dev=1, send=0x4004000000, recv=0x4004000000, cnt=67108864, root=-1, peer=-1, stream=0x592d9cce12e0, data=float, op=sum, group=0, num_host=1, algo=ring
[11:54:58][ddbff3a86679][22:164][DBG][XCCL][kl3_all_reduce.cpp:94] send buf addr 0x4004000000/0x402408e000 count 12
[11:54:58][ddbff3a86679][22:22][DBG][XCCL][helper.cpp:301] all_reduce: ctx=0x592d9ccea130, seq_id=353, rank=1, nranks=2, dev=1, send=0x4004000000, recv=0x4004000000, cnt=67108864, root=-1, peer=-1, stream=0x592d9cce12e0, data=float, op=sum, group=0, num_host=1, algo=ring
[11:54:58][ddbff3a86679][22:164][DBG][XCCL][kl3_all_reduce.cpp:94] send buf addr 0x4004000000/0x402408e000 count 12
[11:54:58][ddbff3a86679][22:22][DBG][XCCL][helper.cpp:301] all_reduce: ctx=0x592d9ccea130, seq_id=354, rank=1, nranks=2, dev=1, send=0x4004000000, recv=0x4004000000, cnt=67108864, root=-1, peer=-1, stream=0x592d9cce12e0, data=float, op=sum, group=0, num_host=1, algo=ring
[11:54:58][ddbff3a86679][22:164][DBG][XCCL][kl3_all_reduce.cpp:94] send buf addr 0x4004000000/0x402408e000 count 12
[11:54:58][ddbff3a86679][22:22][DBG][XCCL][helper.cpp:301] all_reduce: ctx=0x592d9ccea130, seq_id=355, rank=1, nranks=2, dev=1, send=0x4004000000, recv=0x4004000000, cnt=67108864, root=-1, peer=-1, stream=0x592d9cce12e0, data=float, op=sum, group=0, num_host=1, algo=ring
[11:54:58][ddbff3a86679][22:164][DBG][XCCL][kl3_all_reduce.cpp:94] send buf addr 0x4004000000/0x402408e000 count 12
[11:54:58][ddbff3a86679][22:22][DBG][XCCL][helper.cpp:301] all_reduce: ctx=0x592d9ccea130, seq_id=356, rank=1, nranks=2, dev=1, send=0x4004000000, recv=0x4004000000, cnt=67108864, root=-1, peer=-1, stream=0x592d9cce12e0, data=float, op=sum, group=0, num_host=1, algo=ring
[11:54:58][ddbff3a86679][22:164][DBG][XCCL][kl3_all_reduce.cpp:94] send buf addr 0x4004000000/0x402408e000 count 12
[11:54:58][ddbff3a86679][22:22][DBG][XCCL][helper.cpp:301] all_reduce: ctx=0x592d9ccea130, seq_id=357, rank=1, nranks=2, dev=1, send=0x4004000000, recv=0x4004000000, cnt=67108864, root=-1, peer=-1, stream=0x592d9cce12e0, data=float, op=sum, group=0, num_host=1, algo=ring
[11:54:58][ddbff3a86679][22:164][DBG][XCCL][kl3_all_reduce.cpp:94] send buf addr 0x4004000000/0x402408e000 count 12
[11:54:58][ddbff3a86679][22:22][DBG][XCCL][helper.cpp:301] all_reduce: ctx=0x592d9ccea130, seq_id=358, rank=1, nranks=2, dev=1, send=0x4004000000, recv=0x4004000000, cnt=67108864, root=-1, peer=-1, stream=0x592d9cce12e0, data=float, op=sum, group=0, num_host=1, algo=ring
[11:54:58][ddbff3a86679][22:164][DBG][XCCL][kl3_all_reduce.cpp:94] send buf addr 0x4004000000/0x402408e000 count 12
[11:54:58][ddbff3a86679][22:22][DBG][XCCL][helper.cpp:301] all_reduce: ctx=0x592d9ccea130, seq_id=359, rank=1, nranks=2, dev=1, send=0x4004000000, recv=0x4004000000, cnt=67108864, root=-1, peer=-1, stream=0x592d9cce12e0, data=float, op=sum, group=0, num_host=1, algo=ring
[11:54:58][ddbff3a86679][22:164][DBG][XCCL][kl3_all_reduce.cpp:94] send buf addr 0x4004000000/0x402408e000 count 12
[11:54:58][ddbff3a86679][22:22][DBG][XCCL][helper.cpp:301] all_reduce: ctx=0x592d9ccea130, seq_id=360, rank=1, nranks=2, dev=1, send=0x4004000000, recv=0x4004000000, cnt=67108864, root=-1, peer=-1, stream=0x592d9cce12e0, data=float, op=sum, group=0, num_host=1, algo=ring
[11:54:58][ddbff3a86679][22:164][DBG][XCCL][kl3_all_reduce.cpp:94] send buf addr 0x4004000000/0x402408e000 count 12
[11:54:58][ddbff3a86679][22:22][DBG][XCCL][helper.cpp:301] all_reduce: ctx=0x592d9ccea130, seq_id=361, rank=1, nranks=2, dev=1, send=0x4004000000, recv=0x4004000000, cnt=67108864, root=-1, peer=-1, stream=0x592d9cce12e0, data=float, op=sum, group=0, num_host=1, algo=ring
[11:54:58][ddbff3a86679][22:164][DBG][XCCL][kl3_all_reduce.cpp:94] send buf addr 0x4004000000/0x402408e000 count 12
[11:54:58][ddbff3a86679][22:22][DBG][XCCL][helper.cpp:301] all_reduce: ctx=0x592d9ccea130, seq_id=362, rank=1, nranks=2, dev=1, send=0x4004000000, recv=0x4004000000, cnt=67108864, root=-1, peer=-1, stream=0x592d9cce12e0, data=float, op=sum, group=0, num_host=1, algo=ring
[11:54:58][ddbff3a86679][22:164][DBG][XCCL][kl3_all_reduce.cpp:94] send buf addr 0x4004000000/0x402408e000 count 12
[11:54:58][ddbff3a86679][22:22][DBG][XCCL][helper.cpp:301] all_reduce: ctx=0x592d9ccea130, seq_id=363, rank=1, nranks=2, dev=1, send=0x4004000000, recv=0x4004000000, cnt=67108864, root=-1, peer=-1, stream=0x592d9cce12e0, data=float, op=sum, group=0, num_host=1, algo=ring
[11:54:58][ddbff3a86679][22:164][DBG][XCCL][kl3_all_reduce.cpp:94] send buf addr 0x4004000000/0x402408e000 count 12
[11:54:58][ddbff3a86679][22:22][DBG][XCCL][helper.cpp:301] all_reduce: ctx=0x592d9ccea130, seq_id=364, rank=1, nranks=2, dev=1, send=0x4004000000, recv=0x4004000000, cnt=67108864, root=-1, peer=-1, stream=0x592d9cce12e0, data=float, op=sum, group=0, num_host=1, algo=ring
[11:54:58][ddbff3a86679][22:164][DBG][XCCL][kl3_all_reduce.cpp:94] send buf addr 0x4004000000/0x402408e000 count 12
[11:54:58][ddbff3a86679][22:22][DBG][XCCL][helper.cpp:301] all_reduce: ctx=0x592d9ccea130, seq_id=365, rank=1, nranks=2, dev=1, send=0x4004000000, recv=0x4004000000, cnt=67108864, root=-1, peer=-1, stream=0x592d9cce12e0, data=float, op=sum, group=0, num_host=1, algo=ring
[11:54:58][ddbff3a86679][22:164][DBG][XCCL][kl3_all_reduce.cpp:94] send buf addr 0x4004000000/0x402408e000 count 12
[11:54:58][ddbff3a86679][22:22][DBG][XCCL][helper.cpp:301] all_reduce: ctx=0x592d9ccea130, seq_id=366, rank=1, nranks=2, dev=1, send=0x4004000000, recv=0x4004000000, cnt=67108864, root=-1, peer=-1, stream=0x592d9cce12e0, data=float, op=sum, group=0, num_host=1, algo=ring
[11:54:58][ddbff3a86679][22:164][DBG][XCCL][kl3_all_reduce.cpp:94] send buf addr 0x4004000000/0x402408e000 count 12
[11:54:58][ddbff3a86679][22:22][DBG][XCCL][helper.cpp:301] all_reduce: ctx=0x592d9ccea130, seq_id=367, rank=1, nranks=2, dev=1, send=0x4004000000, recv=0x4004000000, cnt=67108864, root=-1, peer=-1, stream=0x592d9cce12e0, data=float, op=sum, group=0, num_host=1, algo=ring
[11:54:58][ddbff3a86679][22:164][DBG][XCCL][kl3_all_reduce.cpp:94] send buf addr 0x4004000000/0x402408e000 count 12
[11:54:58][ddbff3a86679][22:22][DBG][XCCL][helper.cpp:301] all_reduce: ctx=0x592d9ccea130, seq_id=368, rank=1, nranks=2, dev=1, send=0x4004000000, recv=0x4004000000, cnt=67108864, root=-1, peer=-1, stream=0x592d9cce12e0, data=float, op=sum, group=0, num_host=1, algo=ring
[11:54:58][ddbff3a86679][22:164][DBG][XCCL][kl3_all_reduce.cpp:94] send buf addr 0x4004000000/0x402408e000 count 12
[11:54:58][ddbff3a86679][22:22][DBG][XCCL][helper.cpp:301] all_reduce: ctx=0x592d9ccea130, seq_id=369, rank=1, nranks=2, dev=1, send=0x4004000000, recv=0x4004000000, cnt=67108864, root=-1, peer=-1, stream=0x592d9cce12e0, data=float, op=sum, group=0, num_host=1, algo=ring
[11:54:58][ddbff3a86679][22:164][DBG][XCCL][kl3_all_reduce.cpp:94] send buf addr 0x4004000000/0x402408e000 count 12
[11:54:58][ddbff3a86679][22:22][DBG][XCCL][helper.cpp:301] all_reduce: ctx=0x592d9ccea130, seq_id=370, rank=1, nranks=2, dev=1, send=0x4004000000, recv=0x4004000000, cnt=67108864, root=-1, peer=-1, stream=0x592d9cce12e0, data=float, op=sum, group=0, num_host=1, algo=ring
[11:54:58][ddbff3a86679][22:164][DBG][XCCL][kl3_all_reduce.cpp:94] send buf addr 0x4004000000/0x402408e000 count 12
[11:54:58][ddbff3a86679][22:22][DBG][XCCL][helper.cpp:301] all_reduce: ctx=0x592d9ccea130, seq_id=371, rank=1, nranks=2, dev=1, send=0x4004000000, recv=0x4004000000, cnt=67108864, root=-1, peer=-1, stream=0x592d9cce12e0, data=float, op=sum, group=0, num_host=1, algo=ring
[11:54:58][ddbff3a86679][22:164][DBG][XCCL][kl3_all_reduce.cpp:94] send buf addr 0x4004000000/0x402408e000 count 12
[11:54:58][ddbff3a86679][22:22][DBG][XCCL][helper.cpp:301] all_reduce: ctx=0x592d9ccea130, seq_id=372, rank=1, nranks=2, dev=1, send=0x4004000000, recv=0x4004000000, cnt=67108864, root=-1, peer=-1, stream=0x592d9cce12e0, data=float, op=sum, group=0, num_host=1, algo=ring
[11:54:58][ddbff3a86679][22:164][DBG][XCCL][kl3_all_reduce.cpp:94] send buf addr 0x4004000000/0x402408e000 count 12
[11:54:58][ddbff3a86679][22:22][DBG][XCCL][helper.cpp:301] all_reduce: ctx=0x592d9ccea130, seq_id=373, rank=1, nranks=2, dev=1, send=0x4004000000, recv=0x4004000000, cnt=67108864, root=-1, peer=-1, stream=0x592d9cce12e0, data=float, op=sum, group=0, num_host=1, algo=ring
[11:54:58][ddbff3a86679][22:164][DBG][XCCL][kl3_all_reduce.cpp:94] send buf addr 0x4004000000/0x402408e000 count 12
[11:54:58][ddbff3a86679][22:22][DBG][XCCL][helper.cpp:301] all_reduce: ctx=0x592d9ccea130, seq_id=374, rank=1, nranks=2, dev=1, send=0x4004000000, recv=0x4004000000, cnt=67108864, root=-1, peer=-1, stream=0x592d9cce12e0, data=float, op=sum, group=0, num_host=1, algo=ring
[11:54:58][ddbff3a86679][22:164][DBG][XCCL][kl3_all_reduce.cpp:94] send buf addr 0x4004000000/0x402408e000 count 12
[11:54:58][ddbff3a86679][22:22][DBG][XCCL][helper.cpp:301] all_reduce: ctx=0x592d9ccea130, seq_id=375, rank=1, nranks=2, dev=1, send=0x4004000000, recv=0x4004000000, cnt=67108864, root=-1, peer=-1, stream=0x592d9cce12e0, data=float, op=sum, group=0, num_host=1, algo=ring
[11:54:58][ddbff3a86679][22:164][DBG][XCCL][kl3_all_reduce.cpp:94] send buf addr 0x4004000000/0x402408e000 count 12
[11:54:58][ddbff3a86679][22:22][DBG][XCCL][helper.cpp:301] all_reduce: ctx=0x592d9ccea130, seq_id=376, rank=1, nranks=2, dev=1, send=0x4004000000, recv=0x4004000000, cnt=67108864, root=-1, peer=-1, stream=0x592d9cce12e0, data=float, op=sum, group=0, num_host=1, algo=ring
[11:54:58][ddbff3a86679][22:164][DBG][XCCL][kl3_all_reduce.cpp:94] send buf addr 0x4004000000/0x402408e000 count 12
[11:54:58][ddbff3a86679][22:22][DBG][XCCL][helper.cpp:301] all_reduce: ctx=0x592d9ccea130, seq_id=377, rank=1, nranks=2, dev=1, send=0x4004000000, recv=0x4004000000, cnt=67108864, root=-1, peer=-1, stream=0x592d9cce12e0, data=float, op=sum, group=0, num_host=1, algo=ring
[11:54:58][ddbff3a86679][22:164][DBG][XCCL][kl3_all_reduce.cpp:94] send buf addr 0x4004000000/0x402408e000 count 12
[11:54:58][ddbff3a86679][22:22][DBG][XCCL][helper.cpp:301] all_reduce: ctx=0x592d9ccea130, seq_id=378, rank=1, nranks=2, dev=1, send=0x4004000000, recv=0x4004000000, cnt=67108864, root=-1, peer=-1, stream=0x592d9cce12e0, data=float, op=sum, group=0, num_host=1, algo=ring
[11:54:58][ddbff3a86679][22:164][DBG][XCCL][kl3_all_reduce.cpp:94] send buf addr 0x4004000000/0x402408e000 count 12
[11:54:58][ddbff3a86679][22:22][DBG][XCCL][helper.cpp:301] all_reduce: ctx=0x592d9ccea130, seq_id=379, rank=1, nranks=2, dev=1, send=0x4004000000, recv=0x4004000000, cnt=67108864, root=-1, peer=-1, stream=0x592d9cce12e0, data=float, op=sum, group=0, num_host=1, algo=ring
[11:54:58][ddbff3a86679][22:164][DBG][XCCL][kl3_all_reduce.cpp:94] send buf addr 0x4004000000/0x402408e000 count 12
[11:54:58][ddbff3a86679][22:22][DBG][XCCL][helper.cpp:301] all_reduce: ctx=0x592d9ccea130, seq_id=380, rank=1, nranks=2, dev=1, send=0x4004000000, recv=0x4004000000, cnt=67108864, root=-1, peer=-1, stream=0x592d9cce12e0, data=float, op=sum, group=0, num_host=1, algo=ring
[11:54:58][ddbff3a86679][22:164][DBG][XCCL][kl3_all_reduce.cpp:94] send buf addr 0x4004000000/0x402408e000 count 12
[11:54:58][ddbff3a86679][22:22][DBG][XCCL][helper.cpp:301] all_reduce: ctx=0x592d9ccea130, seq_id=381, rank=1, nranks=2, dev=1, send=0x4004000000, recv=0x4004000000, cnt=67108864, root=-1, peer=-1, stream=0x592d9cce12e0, data=float, op=sum, group=0, num_host=1, algo=ring
[11:54:58][ddbff3a86679][22:164][DBG][XCCL][kl3_all_reduce.cpp:94] send buf addr 0x4004000000/0x402408e000 count 12
[11:54:58][ddbff3a86679][22:22][DBG][XCCL][helper.cpp:301] all_reduce: ctx=0x592d9ccea130, seq_id=382, rank=1, nranks=2, dev=1, send=0x4004000000, recv=0x4004000000, cnt=67108864, root=-1, peer=-1, stream=0x592d9cce12e0, data=float, op=sum, group=0, num_host=1, algo=ring
[11:54:58][ddbff3a86679][22:164][DBG][XCCL][kl3_all_reduce.cpp:94] send buf addr 0x4004000000/0x402408e000 count 12
[11:54:58][ddbff3a86679][22:22][DBG][XCCL][helper.cpp:301] all_reduce: ctx=0x592d9ccea130, seq_id=383, rank=1, nranks=2, dev=1, send=0x4004000000, recv=0x4004000000, cnt=67108864, root=-1, peer=-1, stream=0x592d9cce12e0, data=float, op=sum, group=0, num_host=1, algo=ring
[11:54:58][ddbff3a86679][22:164][DBG][XCCL][kl3_all_reduce.cpp:94] send buf addr 0x4004000000/0x402408e000 count 12
[11:54:58][ddbff3a86679][22:22][DBG][XCCL][helper.cpp:301] all_reduce: ctx=0x592d9ccea130, seq_id=384, rank=1, nranks=2, dev=1, send=0x4004000000, recv=0x4004000000, cnt=67108864, root=-1, peer=-1, stream=0x592d9cce12e0, data=float, op=sum, group=0, num_host=1, algo=ring
[11:54:58][ddbff3a86679][22:164][DBG][XCCL][kl3_all_reduce.cpp:94] send buf addr 0x4004000000/0x402408e000 count 12
[11:54:58][ddbff3a86679][22:22][DBG][XCCL][helper.cpp:301] all_reduce: ctx=0x592d9ccea130, seq_id=385, rank=1, nranks=2, dev=1, send=0x4004000000, recv=0x4004000000, cnt=67108864, root=-1, peer=-1, stream=0x592d9cce12e0, data=float, op=sum, group=0, num_host=1, algo=ring
[11:54:58][ddbff3a86679][22:164][DBG][XCCL][kl3_all_reduce.cpp:94] send buf addr 0x4004000000/0x402408e000 count 12
[11:54:58][ddbff3a86679][22:22][DBG][XCCL][helper.cpp:301] all_reduce: ctx=0x592d9ccea130, seq_id=386, rank=1, nranks=2, dev=1, send=0x4004000000, recv=0x4004000000, cnt=67108864, root=-1, peer=-1, stream=0x592d9cce12e0, data=float, op=sum, group=0, num_host=1, algo=ring
[11:54:58][ddbff3a86679][22:164][DBG][XCCL][kl3_all_reduce.cpp:94] send buf addr 0x4004000000/0x402408e000 count 12
[11:54:58][ddbff3a86679][22:22][DBG][XCCL][helper.cpp:301] all_reduce: ctx=0x592d9ccea130, seq_id=387, rank=1, nranks=2, dev=1, send=0x4004000000, recv=0x4004000000, cnt=67108864, root=-1, peer=-1, stream=0x592d9cce12e0, data=float, op=sum, group=0, num_host=1, algo=ring
[11:54:58][ddbff3a86679][22:164][DBG][XCCL][kl3_all_reduce.cpp:94] send buf addr 0x4004000000/0x402408e000 count 12
[11:54:58][ddbff3a86679][22:22][DBG][XCCL][helper.cpp:301] all_reduce: ctx=0x592d9ccea130, seq_id=388, rank=1, nranks=2, dev=1, send=0x4004000000, recv=0x4004000000, cnt=67108864, root=-1, peer=-1, stream=0x592d9cce12e0, data=float, op=sum, group=0, num_host=1, algo=ring
[11:54:58][ddbff3a86679][22:164][DBG][XCCL][kl3_all_reduce.cpp:94] send buf addr 0x4004000000/0x402408e000 count 12
[11:54:58][ddbff3a86679][22:22][DBG][XCCL][helper.cpp:301] all_reduce: ctx=0x592d9ccea130, seq_id=389, rank=1, nranks=2, dev=1, send=0x4004000000, recv=0x4004000000, cnt=67108864, root=-1, peer=-1, stream=0x592d9cce12e0, data=float, op=sum, group=0, num_host=1, algo=ring
[11:54:58][ddbff3a86679][22:164][DBG][XCCL][kl3_all_reduce.cpp:94] send buf addr 0x4004000000/0x402408e000 count 12
[11:54:58][ddbff3a86679][22:22][DBG][XCCL][helper.cpp:301] all_reduce: ctx=0x592d9ccea130, seq_id=390, rank=1, nranks=2, dev=1, send=0x4004000000, recv=0x4004000000, cnt=67108864, root=-1, peer=-1, stream=0x592d9cce12e0, data=float, op=sum, group=0, num_host=1, algo=ring
[11:54:58][ddbff3a86679][22:164][DBG][XCCL][kl3_all_reduce.cpp:94] send buf addr 0x4004000000/0x402408e000 count 12
[11:54:58][ddbff3a86679][22:22][DBG][XCCL][helper.cpp:301] all_reduce: ctx=0x592d9ccea130, seq_id=391, rank=1, nranks=2, dev=1, send=0x4004000000, recv=0x4004000000, cnt=67108864, root=-1, peer=-1, stream=0x592d9cce12e0, data=float, op=sum, group=0, num_host=1, algo=ring
[11:54:58][ddbff3a86679][22:164][DBG][XCCL][kl3_all_reduce.cpp:94] send buf addr 0x4004000000/0x402408e000 count 12
[11:54:58][ddbff3a86679][22:22][DBG][XCCL][helper.cpp:301] all_reduce: ctx=0x592d9ccea130, seq_id=392, rank=1, nranks=2, dev=1, send=0x4004000000, recv=0x4004000000, cnt=67108864, root=-1, peer=-1, stream=0x592d9cce12e0, data=float, op=sum, group=0, num_host=1, algo=ring
[11:54:58][ddbff3a86679][22:164][DBG][XCCL][kl3_all_reduce.cpp:94] send buf addr 0x4004000000/0x402408e000 count 12
[11:54:58][ddbff3a86679][22:22][DBG][XCCL][helper.cpp:301] all_reduce: ctx=0x592d9ccea130, seq_id=393, rank=1, nranks=2, dev=1, send=0x4004000000, recv=0x4004000000, cnt=67108864, root=-1, peer=-1, stream=0x592d9cce12e0, data=float, op=sum, group=0, num_host=1, algo=ring
[11:54:58][ddbff3a86679][22:164][DBG][XCCL][kl3_all_reduce.cpp:94] send buf addr 0x4004000000/0x402408e000 count 12
[11:54:58][ddbff3a86679][22:22][DBG][XCCL][helper.cpp:301] all_reduce: ctx=0x592d9ccea130, seq_id=394, rank=1, nranks=2, dev=1, send=0x4004000000, recv=0x4004000000, cnt=67108864, root=-1, peer=-1, stream=0x592d9cce12e0, data=float, op=sum, group=0, num_host=1, algo=ring
[11:54:58][ddbff3a86679][22:164][DBG][XCCL][kl3_all_reduce.cpp:94] send buf addr 0x4004000000/0x402408e000 count 12
[11:54:58][ddbff3a86679][22:22][DBG][XCCL][helper.cpp:301] all_reduce: ctx=0x592d9ccea130, seq_id=395, rank=1, nranks=2, dev=1, send=0x4004000000, recv=0x4004000000, cnt=67108864, root=-1, peer=-1, stream=0x592d9cce12e0, data=float, op=sum, group=0, num_host=1, algo=ring
[11:54:58][ddbff3a86679][22:164][DBG][XCCL][kl3_all_reduce.cpp:94] send buf addr 0x4004000000/0x402408e000 count 12
[11:54:58][ddbff3a86679][22:22][DBG][XCCL][helper.cpp:301] all_reduce: ctx=0x592d9ccea130, seq_id=396, rank=1, nranks=2, dev=1, send=0x4004000000, recv=0x4004000000, cnt=67108864, root=-1, peer=-1, stream=0x592d9cce12e0, data=float, op=sum, group=0, num_host=1, algo=ring
[11:54:58][ddbff3a86679][22:164][DBG][XCCL][kl3_all_reduce.cpp:94] send buf addr 0x4004000000/0x402408e000 count 12
[11:54:58][ddbff3a86679][22:22][DBG][XCCL][helper.cpp:301] all_reduce: ctx=0x592d9ccea130, seq_id=397, rank=1, nranks=2, dev=1, send=0x4004000000, recv=0x4004000000, cnt=67108864, root=-1, peer=-1, stream=0x592d9cce12e0, data=float, op=sum, group=0, num_host=1, algo=ring
[11:54:58][ddbff3a86679][22:164][DBG][XCCL][kl3_all_reduce.cpp:94] send buf addr 0x4004000000/0x402408e000 count 12
[11:54:58][ddbff3a86679][22:22][DBG][XCCL][helper.cpp:301] all_reduce: ctx=0x592d9ccea130, seq_id=398, rank=1, nranks=2, dev=1, send=0x4004000000, recv=0x4004000000, cnt=67108864, root=-1, peer=-1, stream=0x592d9cce12e0, data=float, op=sum, group=0, num_host=1, algo=ring
[11:54:58][ddbff3a86679][22:164][DBG][XCCL][kl3_all_reduce.cpp:94] send buf addr 0x4004000000/0x402408e000 count 12
[11:54:58][ddbff3a86679][22:22][DBG][XCCL][helper.cpp:301] all_reduce: ctx=0x592d9ccea130, seq_id=399, rank=1, nranks=2, dev=1, send=0x4004000000, recv=0x4004000000, cnt=67108864, root=-1, peer=-1, stream=0x592d9cce12e0, data=float, op=sum, group=0, num_host=1, algo=ring
[11:54:58][ddbff3a86679][22:164][DBG][XCCL][kl3_all_reduce.cpp:94] send buf addr 0x4004000000/0x402408e000 count 12
[11:54:58][ddbff3a86679][22:22][DBG][XCCL][helper.cpp:301] all_reduce: ctx=0x592d9ccea130, seq_id=400, rank=1, nranks=2, dev=1, send=0x4004000000, recv=0x4004000000, cnt=67108864, root=-1, peer=-1, stream=0x592d9cce12e0, data=float, op=sum, group=0, num_host=1, algo=ring
[11:54:58][ddbff3a86679][22:164][DBG][XCCL][kl3_all_reduce.cpp:94] send buf addr 0x4004000000/0x402408e000 count 12
[11:54:58][ddbff3a86679][22:22][DBG][XCCL][helper.cpp:301] all_reduce: ctx=0x592d9ccea130, seq_id=401, rank=1, nranks=2, dev=1, send=0x4004000000, recv=0x4004000000, cnt=67108864, root=-1, peer=-1, stream=0x592d9cce12e0, data=float, op=sum, group=0, num_host=1, algo=ring
[11:54:58][ddbff3a86679][22:164][DBG][XCCL][kl3_all_reduce.cpp:94] send buf addr 0x4004000000/0x402408e000 count 12
[11:54:58][ddbff3a86679][22:22][DBG][XCCL][helper.cpp:301] all_reduce: ctx=0x592d9ccea130, seq_id=402, rank=1, nranks=2, dev=1, send=0x4004000000, recv=0x4004000000, cnt=67108864, root=-1, peer=-1, stream=0x592d9cce12e0, data=float, op=sum, group=0, num_host=1, algo=ring
[11:54:58][ddbff3a86679][22:164][DBG][XCCL][kl3_all_reduce.cpp:94] send buf addr 0x4004000000/0x402408e000 count 12
[11:54:58][ddbff3a86679][22:22][DBG][XCCL][helper.cpp:301] all_reduce: ctx=0x592d9ccea130, seq_id=403, rank=1, nranks=2, dev=1, send=0x4004000000, recv=0x4004000000, cnt=67108864, root=-1, peer=-1, stream=0x592d9cce12e0, data=float, op=sum, group=0, num_host=1, algo=ring
[11:54:58][ddbff3a86679][22:164][DBG][XCCL][kl3_all_reduce.cpp:94] send buf addr 0x4004000000/0x402408e000 count 12
[11:54:58][ddbff3a86679][22:22][DBG][XCCL][helper.cpp:301] all_reduce: ctx=0x592d9ccea130, seq_id=404, rank=1, nranks=2, dev=1, send=0x4004000000, recv=0x4004000000, cnt=67108864, root=-1, peer=-1, stream=0x592d9cce12e0, data=float, op=sum, group=0, num_host=1, algo=ring
[11:54:58][ddbff3a86679][22:164][DBG][XCCL][kl3_all_reduce.cpp:94] send buf addr 0x4004000000/0x402408e000 count 12
[11:54:58][ddbff3a86679][22:22][DBG][XCCL][helper.cpp:301] all_reduce: ctx=0x592d9ccea130, seq_id=405, rank=1, nranks=2, dev=1, send=0x4004000000, recv=0x4004000000, cnt=67108864, root=-1, peer=-1, stream=0x592d9cce12e0, data=float, op=sum, group=0, num_host=1, algo=ring
[11:54:58][ddbff3a86679][22:164][DBG][XCCL][kl3_all_reduce.cpp:94] send buf addr 0x4004000000/0x402408e000 count 12
[11:54:58][ddbff3a86679][22:22][DBG][XCCL][helper.cpp:301] all_reduce: ctx=0x592d9ccea130, seq_id=406, rank=1, nranks=2, dev=1, send=0x4004000000, recv=0x4004000000, cnt=67108864, root=-1, peer=-1, stream=0x592d9cce12e0, data=float, op=sum, group=0, num_host=1, algo=ring
[11:54:58][ddbff3a86679][22:164][DBG][XCCL][kl3_all_reduce.cpp:94] send buf addr 0x4004000000/0x402408e000 count 12
[11:54:58][ddbff3a86679][22:22][DBG][XCCL][helper.cpp:301] all_reduce: ctx=0x592d9ccea130, seq_id=407, rank=1, nranks=2, dev=1, send=0x4004000000, recv=0x4004000000, cnt=67108864, root=-1, peer=-1, stream=0x592d9cce12e0, data=float, op=sum, group=0, num_host=1, algo=ring
[11:54:58][ddbff3a86679][22:164][DBG][XCCL][kl3_all_reduce.cpp:94] send buf addr 0x4004000000/0x402408e000 count 12
[11:54:58][ddbff3a86679][22:22][DBG][XCCL][helper.cpp:301] all_reduce: ctx=0x592d9ccea130, seq_id=408, rank=1, nranks=2, dev=1, send=0x4004000000, recv=0x4004000000, cnt=67108864, root=-1, peer=-1, stream=0x592d9cce12e0, data=float, op=sum, group=0, num_host=1, algo=ring
[11:54:58][ddbff3a86679][22:164][DBG][XCCL][kl3_all_reduce.cpp:94] send buf addr 0x4004000000/0x402408e000 count 12
[11:54:58][ddbff3a86679][22:22][DBG][XCCL][helper.cpp:301] all_reduce: ctx=0x592d9ccea130, seq_id=409, rank=1, nranks=2, dev=1, send=0x4004000000, recv=0x4004000000, cnt=67108864, root=-1, peer=-1, stream=0x592d9cce12e0, data=float, op=sum, group=0, num_host=1, algo=ring
[11:54:58][ddbff3a86679][22:164][DBG][XCCL][kl3_all_reduce.cpp:94] send buf addr 0x4004000000/0x402408e000 count 12
[11:54:58][ddbff3a86679][22:22][DBG][XCCL][helper.cpp:301] all_reduce: ctx=0x592d9ccea130, seq_id=410, rank=1, nranks=2, dev=1, send=0x4004000000, recv=0x4004000000, cnt=67108864, root=-1, peer=-1, stream=0x592d9cce12e0, data=float, op=sum, group=0, num_host=1, algo=ring
[11:54:58][ddbff3a86679][22:164][DBG][XCCL][kl3_all_reduce.cpp:94] send buf addr 0x4004000000/0x402408e000 count 12
[11:54:58][ddbff3a86679][22:22][DBG][XCCL][helper.cpp:301] all_reduce: ctx=0x592d9ccea130, seq_id=411, rank=1, nranks=2, dev=1, send=0x4004000000, recv=0x4004000000, cnt=67108864, root=-1, peer=-1, stream=0x592d9cce12e0, data=float, op=sum, group=0, num_host=1, algo=ring
[11:54:58][ddbff3a86679][22:164][DBG][XCCL][kl3_all_reduce.cpp:94] send buf addr 0x4004000000/0x402408e000 count 12
[11:54:58][ddbff3a86679][22:22][DBG][XCCL][helper.cpp:301] all_reduce: ctx=0x592d9ccea130, seq_id=412, rank=1, nranks=2, dev=1, send=0x4004000000, recv=0x4004000000, cnt=67108864, root=-1, peer=-1, stream=0x592d9cce12e0, data=float, op=sum, group=0, num_host=1, algo=ring
[11:54:58][ddbff3a86679][22:164][DBG][XCCL][kl3_all_reduce.cpp:94] send buf addr 0x4004000000/0x402408e000 count 12
[11:54:58][ddbff3a86679][22:22][DBG][XCCL][helper.cpp:301] all_reduce: ctx=0x592d9ccea130, seq_id=413, rank=1, nranks=2, dev=1, send=0x4004000000, recv=0x4004000000, cnt=67108864, root=-1, peer=-1, stream=0x592d9cce12e0, data=float, op=sum, group=0, num_host=1, algo=ring
[11:54:58][ddbff3a86679][22:164][DBG][XCCL][kl3_all_reduce.cpp:94] send buf addr 0x4004000000/0x402408e000 count 12
[11:54:58][ddbff3a86679][22:22][DBG][XCCL][helper.cpp:301] all_reduce: ctx=0x592d9ccea130, seq_id=414, rank=1, nranks=2, dev=1, send=0x4004000000, recv=0x4004000000, cnt=67108864, root=-1, peer=-1, stream=0x592d9cce12e0, data=float, op=sum, group=0, num_host=1, algo=ring
[11:54:58][ddbff3a86679][22:164][DBG][XCCL][kl3_all_reduce.cpp:94] send buf addr 0x4004000000/0x402408e000 count 12
[11:54:59][ddbff3a86679][22:22][DBG][XCCL][helper.cpp:301] all_reduce: ctx=0x592d9ccea130, seq_id=415, rank=1, nranks=2, dev=1, send=0x4004000000, recv=0x4004000000, cnt=67108864, root=-1, peer=-1, stream=0x592d9cce12e0, data=float, op=sum, group=0, num_host=1, algo=ring
[11:54:59][ddbff3a86679][22:164][DBG][XCCL][kl3_all_reduce.cpp:94] send buf addr 0x4004000000/0x402408e000 count 12
[11:54:59][ddbff3a86679][22:22][DBG][XCCL][helper.cpp:301] all_reduce: ctx=0x592d9ccea130, seq_id=416, rank=1, nranks=2, dev=1, send=0x4004000000, recv=0x4004000000, cnt=67108864, root=-1, peer=-1, stream=0x592d9cce12e0, data=float, op=sum, group=0, num_host=1, algo=ring
[11:54:59][ddbff3a86679][22:164][DBG][XCCL][kl3_all_reduce.cpp:94] send buf addr 0x4004000000/0x402408e000 count 12
[11:54:59][ddbff3a86679][22:22][DBG][XCCL][helper.cpp:301] all_reduce: ctx=0x592d9ccea130, seq_id=417, rank=1, nranks=2, dev=1, send=0x4004000000, recv=0x4004000000, cnt=67108864, root=-1, peer=-1, stream=0x592d9cce12e0, data=float, op=sum, group=0, num_host=1, algo=ring
[11:54:59][ddbff3a86679][22:164][DBG][XCCL][kl3_all_reduce.cpp:94] send buf addr 0x4004000000/0x402408e000 count 12
[11:54:59][ddbff3a86679][22:22][DBG][XCCL][helper.cpp:301] all_reduce: ctx=0x592d9ccea130, seq_id=418, rank=1, nranks=2, dev=1, send=0x4004000000, recv=0x4004000000, cnt=67108864, root=-1, peer=-1, stream=0x592d9cce12e0, data=float, op=sum, group=0, num_host=1, algo=ring
[11:54:59][ddbff3a86679][22:164][DBG][XCCL][kl3_all_reduce.cpp:94] send buf addr 0x4004000000/0x402408e000 count 12
[11:54:59][ddbff3a86679][22:22][DBG][XCCL][helper.cpp:301] all_reduce: ctx=0x592d9ccea130, seq_id=419, rank=1, nranks=2, dev=1, send=0x4004000000, recv=0x4004000000, cnt=67108864, root=-1, peer=-1, stream=0x592d9cce12e0, data=float, op=sum, group=0, num_host=1, algo=ring
[11:54:59][ddbff3a86679][22:164][DBG][XCCL][kl3_all_reduce.cpp:94] send buf addr 0x4004000000/0x402408e000 count 12
[11:54:59][ddbff3a86679][22:22][DBG][XCCL][helper.cpp:301] all_reduce: ctx=0x592d9ccea130, seq_id=420, rank=1, nranks=2, dev=1, send=0x4004000000, recv=0x4004000000, cnt=67108864, root=-1, peer=-1, stream=0x592d9cce12e0, data=float, op=sum, group=0, num_host=1, algo=ring
[11:54:59][ddbff3a86679][22:164][DBG][XCCL][kl3_all_reduce.cpp:94] send buf addr 0x4004000000/0x402408e000 count 12
[11:54:59][ddbff3a86679][22:22][DBG][XCCL][helper.cpp:301] all_reduce: ctx=0x592d9ccea130, seq_id=421, rank=1, nranks=2, dev=1, send=0x4004000000, recv=0x4004000000, cnt=67108864, root=-1, peer=-1, stream=0x592d9cce12e0, data=float, op=sum, group=0, num_host=1, algo=ring
[11:54:59][ddbff3a86679][22:164][DBG][XCCL][kl3_all_reduce.cpp:94] send buf addr 0x4004000000/0x402408e000 count 12
[11:54:59][ddbff3a86679][22:22][DBG][XCCL][helper.cpp:301] all_reduce: ctx=0x592d9ccea130, seq_id=422, rank=1, nranks=2, dev=1, send=0x4004000000, recv=0x4004000000, cnt=67108864, root=-1, peer=-1, stream=0x592d9cce12e0, data=float, op=sum, group=0, num_host=1, algo=ring
[11:54:59][ddbff3a86679][22:164][DBG][XCCL][kl3_all_reduce.cpp:94] send buf addr 0x4004000000/0x402408e000 count 12
[11:54:59][ddbff3a86679][22:22][DBG][XCCL][helper.cpp:301] all_reduce: ctx=0x592d9ccea130, seq_id=423, rank=1, nranks=2, dev=1, send=0x4004000000, recv=0x4004000000, cnt=67108864, root=-1, peer=-1, stream=0x592d9cce12e0, data=float, op=sum, group=0, num_host=1, algo=ring
[11:54:59][ddbff3a86679][22:164][DBG][XCCL][kl3_all_reduce.cpp:94] send buf addr 0x4004000000/0x402408e000 count 12
[11:54:59][ddbff3a86679][22:22][DBG][XCCL][helper.cpp:301] all_reduce: ctx=0x592d9ccea130, seq_id=424, rank=1, nranks=2, dev=1, send=0x4004000000, recv=0x4004000000, cnt=67108864, root=-1, peer=-1, stream=0x592d9cce12e0, data=float, op=sum, group=0, num_host=1, algo=ring
[11:54:59][ddbff3a86679][22:164][DBG][XCCL][kl3_all_reduce.cpp:94] send buf addr 0x4004000000/0x402408e000 count 12
[11:54:59][ddbff3a86679][22:22][DBG][XCCL][helper.cpp:301] all_reduce: ctx=0x592d9ccea130, seq_id=425, rank=1, nranks=2, dev=1, send=0x4004000000, recv=0x4004000000, cnt=67108864, root=-1, peer=-1, stream=0x592d9cce12e0, data=float, op=sum, group=0, num_host=1, algo=ring
[11:54:59][ddbff3a86679][22:164][DBG][XCCL][kl3_all_reduce.cpp:94] send buf addr 0x4004000000/0x402408e000 count 12
[11:54:59][ddbff3a86679][22:22][DBG][XCCL][helper.cpp:301] all_reduce: ctx=0x592d9ccea130, seq_id=426, rank=1, nranks=2, dev=1, send=0x4004000000, recv=0x4004000000, cnt=67108864, root=-1, peer=-1, stream=0x592d9cce12e0, data=float, op=sum, group=0, num_host=1, algo=ring
[11:54:59][ddbff3a86679][22:164][DBG][XCCL][kl3_all_reduce.cpp:94] send buf addr 0x4004000000/0x402408e000 count 12
[11:54:59][ddbff3a86679][22:22][DBG][XCCL][helper.cpp:301] all_reduce: ctx=0x592d9ccea130, seq_id=427, rank=1, nranks=2, dev=1, send=0x4004000000, recv=0x4004000000, cnt=67108864, root=-1, peer=-1, stream=0x592d9cce12e0, data=float, op=sum, group=0, num_host=1, algo=ring
[11:54:59][ddbff3a86679][22:164][DBG][XCCL][kl3_all_reduce.cpp:94] send buf addr 0x4004000000/0x402408e000 count 12
[11:54:59][ddbff3a86679][22:22][DBG][XCCL][helper.cpp:301] all_reduce: ctx=0x592d9ccea130, seq_id=428, rank=1, nranks=2, dev=1, send=0x4004000000, recv=0x4004000000, cnt=67108864, root=-1, peer=-1, stream=0x592d9cce12e0, data=float, op=sum, group=0, num_host=1, algo=ring
[11:54:59][ddbff3a86679][22:164][DBG][XCCL][kl3_all_reduce.cpp:94] send buf addr 0x4004000000/0x402408e000 count 12
[11:54:59][ddbff3a86679][22:22][DBG][XCCL][helper.cpp:301] all_reduce: ctx=0x592d9ccea130, seq_id=429, rank=1, nranks=2, dev=1, send=0x4004000000, recv=0x4004000000, cnt=67108864, root=-1, peer=-1, stream=0x592d9cce12e0, data=float, op=sum, group=0, num_host=1, algo=ring
[11:54:59][ddbff3a86679][22:164][DBG][XCCL][kl3_all_reduce.cpp:94] send buf addr 0x4004000000/0x402408e000 count 12
[11:54:59][ddbff3a86679][22:22][DBG][XCCL][helper.cpp:301] all_reduce: ctx=0x592d9ccea130, seq_id=430, rank=1, nranks=2, dev=1, send=0x4004000000, recv=0x4004000000, cnt=67108864, root=-1, peer=-1, stream=0x592d9cce12e0, data=float, op=sum, group=0, num_host=1, algo=ring
[11:54:59][ddbff3a86679][22:164][DBG][XCCL][kl3_all_reduce.cpp:94] send buf addr 0x4004000000/0x402408e000 count 12
[11:54:59][ddbff3a86679][22:22][DBG][XCCL][helper.cpp:301] all_reduce: ctx=0x592d9ccea130, seq_id=431, rank=1, nranks=2, dev=1, send=0x4004000000, recv=0x4004000000, cnt=67108864, root=-1, peer=-1, stream=0x592d9cce12e0, data=float, op=sum, group=0, num_host=1, algo=ring
[11:54:59][ddbff3a86679][22:164][DBG][XCCL][kl3_all_reduce.cpp:94] send buf addr 0x4004000000/0x402408e000 count 12
[11:54:59][ddbff3a86679][22:22][DBG][XCCL][helper.cpp:301] all_reduce: ctx=0x592d9ccea130, seq_id=432, rank=1, nranks=2, dev=1, send=0x4004000000, recv=0x4004000000, cnt=67108864, root=-1, peer=-1, stream=0x592d9cce12e0, data=float, op=sum, group=0, num_host=1, algo=ring
[11:54:59][ddbff3a86679][22:164][DBG][XCCL][kl3_all_reduce.cpp:94] send buf addr 0x4004000000/0x402408e000 count 12
[11:54:59][ddbff3a86679][22:22][DBG][XCCL][helper.cpp:301] all_reduce: ctx=0x592d9ccea130, seq_id=433, rank=1, nranks=2, dev=1, send=0x4004000000, recv=0x4004000000, cnt=67108864, root=-1, peer=-1, stream=0x592d9cce12e0, data=float, op=sum, group=0, num_host=1, algo=ring
[11:54:59][ddbff3a86679][22:164][DBG][XCCL][kl3_all_reduce.cpp:94] send buf addr 0x4004000000/0x402408e000 count 12
[11:54:59][ddbff3a86679][22:22][DBG][XCCL][helper.cpp:301] all_reduce: ctx=0x592d9ccea130, seq_id=434, rank=1, nranks=2, dev=1, send=0x4004000000, recv=0x4004000000, cnt=67108864, root=-1, peer=-1, stream=0x592d9cce12e0, data=float, op=sum, group=0, num_host=1, algo=ring
[11:54:59][ddbff3a86679][22:164][DBG][XCCL][kl3_all_reduce.cpp:94] send buf addr 0x4004000000/0x402408e000 count 12
[11:54:59][ddbff3a86679][22:22][DBG][XCCL][helper.cpp:301] all_reduce: ctx=0x592d9ccea130, seq_id=435, rank=1, nranks=2, dev=1, send=0x4004000000, recv=0x4004000000, cnt=67108864, root=-1, peer=-1, stream=0x592d9cce12e0, data=float, op=sum, group=0, num_host=1, algo=ring
[11:54:59][ddbff3a86679][22:164][DBG][XCCL][kl3_all_reduce.cpp:94] send buf addr 0x4004000000/0x402408e000 count 12
[11:54:59][ddbff3a86679][22:22][DBG][XCCL][helper.cpp:301] all_reduce: ctx=0x592d9ccea130, seq_id=436, rank=1, nranks=2, dev=1, send=0x4004000000, recv=0x4004000000, cnt=67108864, root=-1, peer=-1, stream=0x592d9cce12e0, data=float, op=sum, group=0, num_host=1, algo=ring
[11:54:59][ddbff3a86679][22:164][DBG][XCCL][kl3_all_reduce.cpp:94] send buf addr 0x4004000000/0x402408e000 count 12
[11:54:59][ddbff3a86679][22:22][DBG][XCCL][helper.cpp:301] all_reduce: ctx=0x592d9ccea130, seq_id=437, rank=1, nranks=2, dev=1, send=0x4004000000, recv=0x4004000000, cnt=67108864, root=-1, peer=-1, stream=0x592d9cce12e0, data=float, op=sum, group=0, num_host=1, algo=ring
[11:54:59][ddbff3a86679][22:164][DBG][XCCL][kl3_all_reduce.cpp:94] send buf addr 0x4004000000/0x402408e000 count 12
[11:54:59][ddbff3a86679][22:22][DBG][XCCL][helper.cpp:301] all_reduce: ctx=0x592d9ccea130, seq_id=438, rank=1, nranks=2, dev=1, send=0x4004000000, recv=0x4004000000, cnt=67108864, root=-1, peer=-1, stream=0x592d9cce12e0, data=float, op=sum, group=0, num_host=1, algo=ring
[11:54:59][ddbff3a86679][22:164][DBG][XCCL][kl3_all_reduce.cpp:94] send buf addr 0x4004000000/0x402408e000 count 12
[11:54:59][ddbff3a86679][22:22][DBG][XCCL][helper.cpp:301] all_reduce: ctx=0x592d9ccea130, seq_id=439, rank=1, nranks=2, dev=1, send=0x4004000000, recv=0x4004000000, cnt=67108864, root=-1, peer=-1, stream=0x592d9cce12e0, data=float, op=sum, group=0, num_host=1, algo=ring
[11:54:59][ddbff3a86679][22:164][DBG][XCCL][kl3_all_reduce.cpp:94] send buf addr 0x4004000000/0x402408e000 count 12
[11:54:59][ddbff3a86679][22:22][DBG][XCCL][helper.cpp:301] all_reduce: ctx=0x592d9ccea130, seq_id=440, rank=1, nranks=2, dev=1, send=0x4004000000, recv=0x4004000000, cnt=67108864, root=-1, peer=-1, stream=0x592d9cce12e0, data=float, op=sum, group=0, num_host=1, algo=ring
[11:54:59][ddbff3a86679][22:164][DBG][XCCL][kl3_all_reduce.cpp:94] send buf addr 0x4004000000/0x402408e000 count 12
[11:54:59][ddbff3a86679][22:22][DBG][XCCL][helper.cpp:301] all_reduce: ctx=0x592d9ccea130, seq_id=441, rank=1, nranks=2, dev=1, send=0x4004000000, recv=0x4004000000, cnt=67108864, root=-1, peer=-1, stream=0x592d9cce12e0, data=float, op=sum, group=0, num_host=1, algo=ring
[11:54:59][ddbff3a86679][22:164][DBG][XCCL][kl3_all_reduce.cpp:94] send buf addr 0x4004000000/0x402408e000 count 12
[11:54:59][ddbff3a86679][22:22][DBG][XCCL][helper.cpp:301] all_reduce: ctx=0x592d9ccea130, seq_id=442, rank=1, nranks=2, dev=1, send=0x4004000000, recv=0x4004000000, cnt=67108864, root=-1, peer=-1, stream=0x592d9cce12e0, data=float, op=sum, group=0, num_host=1, algo=ring
[11:54:59][ddbff3a86679][22:164][DBG][XCCL][kl3_all_reduce.cpp:94] send buf addr 0x4004000000/0x402408e000 count 12
[11:54:59][ddbff3a86679][22:22][DBG][XCCL][helper.cpp:301] all_reduce: ctx=0x592d9ccea130, seq_id=443, rank=1, nranks=2, dev=1, send=0x4004000000, recv=0x4004000000, cnt=67108864, root=-1, peer=-1, stream=0x592d9cce12e0, data=float, op=sum, group=0, num_host=1, algo=ring
[11:54:59][ddbff3a86679][22:164][DBG][XCCL][kl3_all_reduce.cpp:94] send buf addr 0x4004000000/0x402408e000 count 12
[11:54:59][ddbff3a86679][22:22][DBG][XCCL][helper.cpp:301] all_reduce: ctx=0x592d9ccea130, seq_id=444, rank=1, nranks=2, dev=1, send=0x4004000000, recv=0x4004000000, cnt=67108864, root=-1, peer=-1, stream=0x592d9cce12e0, data=float, op=sum, group=0, num_host=1, algo=ring
[11:54:59][ddbff3a86679][22:164][DBG][XCCL][kl3_all_reduce.cpp:94] send buf addr 0x4004000000/0x402408e000 count 12
[11:54:59][ddbff3a86679][22:22][DBG][XCCL][helper.cpp:301] all_reduce: ctx=0x592d9ccea130, seq_id=445, rank=1, nranks=2, dev=1, send=0x4004000000, recv=0x4004000000, cnt=67108864, root=-1, peer=-1, stream=0x592d9cce12e0, data=float, op=sum, group=0, num_host=1, algo=ring
[11:54:59][ddbff3a86679][22:164][DBG][XCCL][kl3_all_reduce.cpp:94] send buf addr 0x4004000000/0x402408e000 count 12
[11:54:59][ddbff3a86679][22:22][DBG][XCCL][helper.cpp:301] all_reduce: ctx=0x592d9ccea130, seq_id=446, rank=1, nranks=2, dev=1, send=0x4004000000, recv=0x4004000000, cnt=67108864, root=-1, peer=-1, stream=0x592d9cce12e0, data=float, op=sum, group=0, num_host=1, algo=ring
[11:54:59][ddbff3a86679][22:164][DBG][XCCL][kl3_all_reduce.cpp:94] send buf addr 0x4004000000/0x402408e000 count 12
[11:54:59][ddbff3a86679][22:22][DBG][XCCL][helper.cpp:301] all_reduce: ctx=0x592d9ccea130, seq_id=447, rank=1, nranks=2, dev=1, send=0x4004000000, recv=0x4004000000, cnt=67108864, root=-1, peer=-1, stream=0x592d9cce12e0, data=float, op=sum, group=0, num_host=1, algo=ring
[11:54:59][ddbff3a86679][22:164][DBG][XCCL][kl3_all_reduce.cpp:94] send buf addr 0x4004000000/0x402408e000 count 12
[11:54:59][ddbff3a86679][22:22][DBG][XCCL][helper.cpp:301] all_reduce: ctx=0x592d9ccea130, seq_id=448, rank=1, nranks=2, dev=1, send=0x4004000000, recv=0x4004000000, cnt=67108864, root=-1, peer=-1, stream=0x592d9cce12e0, data=float, op=sum, group=0, num_host=1, algo=ring
[11:54:59][ddbff3a86679][22:164][DBG][XCCL][kl3_all_reduce.cpp:94] send buf addr 0x4004000000/0x402408e000 count 12
[11:54:59][ddbff3a86679][22:22][DBG][XCCL][helper.cpp:301] all_reduce: ctx=0x592d9ccea130, seq_id=449, rank=1, nranks=2, dev=1, send=0x4004000000, recv=0x4004000000, cnt=67108864, root=-1, peer=-1, stream=0x592d9cce12e0, data=float, op=sum, group=0, num_host=1, algo=ring
[11:54:59][ddbff3a86679][22:164][DBG][XCCL][kl3_all_reduce.cpp:94] send buf addr 0x4004000000/0x402408e000 count 12
[11:54:59][ddbff3a86679][22:22][DBG][XCCL][helper.cpp:301] all_reduce: ctx=0x592d9ccea130, seq_id=450, rank=1, nranks=2, dev=1, send=0x4004000000, recv=0x4004000000, cnt=67108864, root=-1, peer=-1, stream=0x592d9cce12e0, data=float, op=sum, group=0, num_host=1, algo=ring
[11:54:59][ddbff3a86679][22:164][DBG][XCCL][kl3_all_reduce.cpp:94] send buf addr 0x4004000000/0x402408e000 count 12
[11:54:59][ddbff3a86679][22:22][DBG][XCCL][helper.cpp:301] all_reduce: ctx=0x592d9ccea130, seq_id=451, rank=1, nranks=2, dev=1, send=0x4004000000, recv=0x4004000000, cnt=67108864, root=-1, peer=-1, stream=0x592d9cce12e0, data=float, op=sum, group=0, num_host=1, algo=ring
[11:54:59][ddbff3a86679][22:164][DBG][XCCL][kl3_all_reduce.cpp:94] send buf addr 0x4004000000/0x402408e000 count 12
[11:54:59][ddbff3a86679][22:22][DBG][XCCL][helper.cpp:301] all_reduce: ctx=0x592d9ccea130, seq_id=452, rank=1, nranks=2, dev=1, send=0x4004000000, recv=0x4004000000, cnt=67108864, root=-1, peer=-1, stream=0x592d9cce12e0, data=float, op=sum, group=0, num_host=1, algo=ring
[11:54:59][ddbff3a86679][22:164][DBG][XCCL][kl3_all_reduce.cpp:94] send buf addr 0x4004000000/0x402408e000 count 12
[11:54:59][ddbff3a86679][22:22][DBG][XCCL][helper.cpp:301] all_reduce: ctx=0x592d9ccea130, seq_id=453, rank=1, nranks=2, dev=1, send=0x4004000000, recv=0x4004000000, cnt=67108864, root=-1, peer=-1, stream=0x592d9cce12e0, data=float, op=sum, group=0, num_host=1, algo=ring
[11:54:59][ddbff3a86679][22:164][DBG][XCCL][kl3_all_reduce.cpp:94] send buf addr 0x4004000000/0x402408e000 count 12
[11:54:59][ddbff3a86679][22:22][DBG][XCCL][helper.cpp:301] all_reduce: ctx=0x592d9ccea130, seq_id=454, rank=1, nranks=2, dev=1, send=0x4004000000, recv=0x4004000000, cnt=67108864, root=-1, peer=-1, stream=0x592d9cce12e0, data=float, op=sum, group=0, num_host=1, algo=ring
[11:54:59][ddbff3a86679][22:164][DBG][XCCL][kl3_all_reduce.cpp:94] send buf addr 0x4004000000/0x402408e000 count 12
[11:54:59][ddbff3a86679][22:22][DBG][XCCL][helper.cpp:301] all_reduce: ctx=0x592d9ccea130, seq_id=455, rank=1, nranks=2, dev=1, send=0x4004000000, recv=0x4004000000, cnt=67108864, root=-1, peer=-1, stream=0x592d9cce12e0, data=float, op=sum, group=0, num_host=1, algo=ring
[11:54:59][ddbff3a86679][22:164][DBG][XCCL][kl3_all_reduce.cpp:94] send buf addr 0x4004000000/0x402408e000 count 12
[11:54:59][ddbff3a86679][22:22][DBG][XCCL][helper.cpp:301] all_reduce: ctx=0x592d9ccea130, seq_id=456, rank=1, nranks=2, dev=1, send=0x4004000000, recv=0x4004000000, cnt=67108864, root=-1, peer=-1, stream=0x592d9cce12e0, data=float, op=sum, group=0, num_host=1, algo=ring
[11:54:59][ddbff3a86679][22:164][DBG][XCCL][kl3_all_reduce.cpp:94] send buf addr 0x4004000000/0x402408e000 count 12
[11:54:59][ddbff3a86679][22:22][DBG][XCCL][helper.cpp:301] all_reduce: ctx=0x592d9ccea130, seq_id=457, rank=1, nranks=2, dev=1, send=0x4004000000, recv=0x4004000000, cnt=67108864, root=-1, peer=-1, stream=0x592d9cce12e0, data=float, op=sum, group=0, num_host=1, algo=ring
[11:54:59][ddbff3a86679][22:164][DBG][XCCL][kl3_all_reduce.cpp:94] send buf addr 0x4004000000/0x402408e000 count 12
[11:54:59][ddbff3a86679][22:22][DBG][XCCL][helper.cpp:301] all_reduce: ctx=0x592d9ccea130, seq_id=458, rank=1, nranks=2, dev=1, send=0x4004000000, recv=0x4004000000, cnt=67108864, root=-1, peer=-1, stream=0x592d9cce12e0, data=float, op=sum, group=0, num_host=1, algo=ring
[11:54:59][ddbff3a86679][22:164][DBG][XCCL][kl3_all_reduce.cpp:94] send buf addr 0x4004000000/0x402408e000 count 12
[11:54:59][ddbff3a86679][22:22][DBG][XCCL][helper.cpp:301] all_reduce: ctx=0x592d9ccea130, seq_id=459, rank=1, nranks=2, dev=1, send=0x4004000000, recv=0x4004000000, cnt=67108864, root=-1, peer=-1, stream=0x592d9cce12e0, data=float, op=sum, group=0, num_host=1, algo=ring
[11:54:59][ddbff3a86679][22:164][DBG][XCCL][kl3_all_reduce.cpp:94] send buf addr 0x4004000000/0x402408e000 count 12
[11:54:59][ddbff3a86679][22:22][DBG][XCCL][helper.cpp:301] all_reduce: ctx=0x592d9ccea130, seq_id=460, rank=1, nranks=2, dev=1, send=0x4004000000, recv=0x4004000000, cnt=67108864, root=-1, peer=-1, stream=0x592d9cce12e0, data=float, op=sum, group=0, num_host=1, algo=ring
[11:54:59][ddbff3a86679][22:164][DBG][XCCL][kl3_all_reduce.cpp:94] send buf addr 0x4004000000/0x402408e000 count 12
[11:54:59][ddbff3a86679][22:22][DBG][XCCL][helper.cpp:301] all_reduce: ctx=0x592d9ccea130, seq_id=461, rank=1, nranks=2, dev=1, send=0x4004000000, recv=0x4004000000, cnt=67108864, root=-1, peer=-1, stream=0x592d9cce12e0, data=float, op=sum, group=0, num_host=1, algo=ring
[11:54:59][ddbff3a86679][22:164][DBG][XCCL][kl3_all_reduce.cpp:94] send buf addr 0x4004000000/0x402408e000 count 12
[11:54:59][ddbff3a86679][22:22][DBG][XCCL][helper.cpp:301] all_reduce: ctx=0x592d9ccea130, seq_id=462, rank=1, nranks=2, dev=1, send=0x4004000000, recv=0x4004000000, cnt=67108864, root=-1, peer=-1, stream=0x592d9cce12e0, data=float, op=sum, group=0, num_host=1, algo=ring
[11:54:59][ddbff3a86679][22:164][DBG][XCCL][kl3_all_reduce.cpp:94] send buf addr 0x4004000000/0x402408e000 count 12
[11:54:59][ddbff3a86679][22:22][DBG][XCCL][helper.cpp:301] all_reduce: ctx=0x592d9ccea130, seq_id=463, rank=1, nranks=2, dev=1, send=0x4004000000, recv=0x4004000000, cnt=67108864, root=-1, peer=-1, stream=0x592d9cce12e0, data=float, op=sum, group=0, num_host=1, algo=ring
[11:54:59][ddbff3a86679][22:164][DBG][XCCL][kl3_all_reduce.cpp:94] send buf addr 0x4004000000/0x402408e000 count 12
[11:54:59][ddbff3a86679][22:22][DBG][XCCL][helper.cpp:301] all_reduce: ctx=0x592d9ccea130, seq_id=464, rank=1, nranks=2, dev=1, send=0x4004000000, recv=0x4004000000, cnt=67108864, root=-1, peer=-1, stream=0x592d9cce12e0, data=float, op=sum, group=0, num_host=1, algo=ring
[11:54:59][ddbff3a86679][22:164][DBG][XCCL][kl3_all_reduce.cpp:94] send buf addr 0x4004000000/0x402408e000 count 12
[11:54:59][ddbff3a86679][22:22][DBG][XCCL][helper.cpp:301] all_reduce: ctx=0x592d9ccea130, seq_id=465, rank=1, nranks=2, dev=1, send=0x4004000000, recv=0x4004000000, cnt=67108864, root=-1, peer=-1, stream=0x592d9cce12e0, data=float, op=sum, group=0, num_host=1, algo=ring
[11:54:59][ddbff3a86679][22:164][DBG][XCCL][kl3_all_reduce.cpp:94] send buf addr 0x4004000000/0x402408e000 count 12
[11:54:59][ddbff3a86679][22:22][DBG][XCCL][helper.cpp:301] all_reduce: ctx=0x592d9ccea130, seq_id=466, rank=1, nranks=2, dev=1, send=0x4004000000, recv=0x4004000000, cnt=67108864, root=-1, peer=-1, stream=0x592d9cce12e0, data=float, op=sum, group=0, num_host=1, algo=ring
[11:54:59][ddbff3a86679][22:164][DBG][XCCL][kl3_all_reduce.cpp:94] send buf addr 0x4004000000/0x402408e000 count 12
[11:54:59][ddbff3a86679][22:22][DBG][XCCL][helper.cpp:301] all_reduce: ctx=0x592d9ccea130, seq_id=467, rank=1, nranks=2, dev=1, send=0x4004000000, recv=0x4004000000, cnt=67108864, root=-1, peer=-1, stream=0x592d9cce12e0, data=float, op=sum, group=0, num_host=1, algo=ring
[11:54:59][ddbff3a86679][22:164][DBG][XCCL][kl3_all_reduce.cpp:94] send buf addr 0x4004000000/0x402408e000 count 12
[11:54:59][ddbff3a86679][22:22][DBG][XCCL][helper.cpp:301] all_reduce: ctx=0x592d9ccea130, seq_id=468, rank=1, nranks=2, dev=1, send=0x4004000000, recv=0x4004000000, cnt=67108864, root=-1, peer=-1, stream=0x592d9cce12e0, data=float, op=sum, group=0, num_host=1, algo=ring
[11:54:59][ddbff3a86679][22:164][DBG][XCCL][kl3_all_reduce.cpp:94] send buf addr 0x4004000000/0x402408e000 count 12
[11:54:59][ddbff3a86679][22:22][DBG][XCCL][helper.cpp:301] all_reduce: ctx=0x592d9ccea130, seq_id=469, rank=1, nranks=2, dev=1, send=0x4004000000, recv=0x4004000000, cnt=67108864, root=-1, peer=-1, stream=0x592d9cce12e0, data=float, op=sum, group=0, num_host=1, algo=ring
[11:54:59][ddbff3a86679][22:164][DBG][XCCL][kl3_all_reduce.cpp:94] send buf addr 0x4004000000/0x402408e000 count 12
[11:54:59][ddbff3a86679][22:22][DBG][XCCL][helper.cpp:301] all_reduce: ctx=0x592d9ccea130, seq_id=470, rank=1, nranks=2, dev=1, send=0x4004000000, recv=0x4004000000, cnt=67108864, root=-1, peer=-1, stream=0x592d9cce12e0, data=float, op=sum, group=0, num_host=1, algo=ring
[11:54:59][ddbff3a86679][22:164][DBG][XCCL][kl3_all_reduce.cpp:94] send buf addr 0x4004000000/0x402408e000 count 12
[11:54:59][ddbff3a86679][22:22][DBG][XCCL][helper.cpp:301] all_reduce: ctx=0x592d9ccea130, seq_id=471, rank=1, nranks=2, dev=1, send=0x4004000000, recv=0x4004000000, cnt=67108864, root=-1, peer=-1, stream=0x592d9cce12e0, data=float, op=sum, group=0, num_host=1, algo=ring
[11:54:59][ddbff3a86679][22:164][DBG][XCCL][kl3_all_reduce.cpp:94] send buf addr 0x4004000000/0x402408e000 count 12
[11:54:59][ddbff3a86679][22:22][DBG][XCCL][helper.cpp:301] all_reduce: ctx=0x592d9ccea130, seq_id=472, rank=1, nranks=2, dev=1, send=0x4004000000, recv=0x4004000000, cnt=67108864, root=-1, peer=-1, stream=0x592d9cce12e0, data=float, op=sum, group=0, num_host=1, algo=ring
[11:54:59][ddbff3a86679][22:164][DBG][XCCL][kl3_all_reduce.cpp:94] send buf addr 0x4004000000/0x402408e000 count 12
[11:54:59][ddbff3a86679][22:22][DBG][XCCL][helper.cpp:301] all_reduce: ctx=0x592d9ccea130, seq_id=473, rank=1, nranks=2, dev=1, send=0x4004000000, recv=0x4004000000, cnt=67108864, root=-1, peer=-1, stream=0x592d9cce12e0, data=float, op=sum, group=0, num_host=1, algo=ring
[11:54:59][ddbff3a86679][22:164][DBG][XCCL][kl3_all_reduce.cpp:94] send buf addr 0x4004000000/0x402408e000 count 12
[11:54:59][ddbff3a86679][22:22][DBG][XCCL][helper.cpp:301] all_reduce: ctx=0x592d9ccea130, seq_id=474, rank=1, nranks=2, dev=1, send=0x4004000000, recv=0x4004000000, cnt=67108864, root=-1, peer=-1, stream=0x592d9cce12e0, data=float, op=sum, group=0, num_host=1, algo=ring
[11:54:59][ddbff3a86679][22:164][DBG][XCCL][kl3_all_reduce.cpp:94] send buf addr 0x4004000000/0x402408e000 count 12
[11:54:59][ddbff3a86679][22:22][DBG][XCCL][helper.cpp:301] all_reduce: ctx=0x592d9ccea130, seq_id=475, rank=1, nranks=2, dev=1, send=0x4004000000, recv=0x4004000000, cnt=67108864, root=-1, peer=-1, stream=0x592d9cce12e0, data=float, op=sum, group=0, num_host=1, algo=ring
[11:54:59][ddbff3a86679][22:164][DBG][XCCL][kl3_all_reduce.cpp:94] send buf addr 0x4004000000/0x402408e000 count 12
[11:54:59][ddbff3a86679][22:22][DBG][XCCL][helper.cpp:301] all_reduce: ctx=0x592d9ccea130, seq_id=476, rank=1, nranks=2, dev=1, send=0x4004000000, recv=0x4004000000, cnt=67108864, root=-1, peer=-1, stream=0x592d9cce12e0, data=float, op=sum, group=0, num_host=1, algo=ring
[11:54:59][ddbff3a86679][22:164][DBG][XCCL][kl3_all_reduce.cpp:94] send buf addr 0x4004000000/0x402408e000 count 12
[11:54:59][ddbff3a86679][22:22][DBG][XCCL][helper.cpp:301] all_reduce: ctx=0x592d9ccea130, seq_id=477, rank=1, nranks=2, dev=1, send=0x4004000000, recv=0x4004000000, cnt=67108864, root=-1, peer=-1, stream=0x592d9cce12e0, data=float, op=sum, group=0, num_host=1, algo=ring
[11:54:59][ddbff3a86679][22:164][DBG][XCCL][kl3_all_reduce.cpp:94] send buf addr 0x4004000000/0x402408e000 count 12
[11:54:59][ddbff3a86679][22:22][DBG][XCCL][helper.cpp:301] all_reduce: ctx=0x592d9ccea130, seq_id=478, rank=1, nranks=2, dev=1, send=0x4004000000, recv=0x4004000000, cnt=67108864, root=-1, peer=-1, stream=0x592d9cce12e0, data=float, op=sum, group=0, num_host=1, algo=ring
[11:54:59][ddbff3a86679][22:164][DBG][XCCL][kl3_all_reduce.cpp:94] send buf addr 0x4004000000/0x402408e000 count 12
[11:54:59][ddbff3a86679][22:22][DBG][XCCL][helper.cpp:301] all_reduce: ctx=0x592d9ccea130, seq_id=479, rank=1, nranks=2, dev=1, send=0x4004000000, recv=0x4004000000, cnt=67108864, root=-1, peer=-1, stream=0x592d9cce12e0, data=float, op=sum, group=0, num_host=1, algo=ring
[11:54:59][ddbff3a86679][22:164][DBG][XCCL][kl3_all_reduce.cpp:94] send buf addr 0x4004000000/0x402408e000 count 12
[11:54:59][ddbff3a86679][22:22][DBG][XCCL][helper.cpp:301] all_reduce: ctx=0x592d9ccea130, seq_id=480, rank=1, nranks=2, dev=1, send=0x4004000000, recv=0x4004000000, cnt=67108864, root=-1, peer=-1, stream=0x592d9cce12e0, data=float, op=sum, group=0, num_host=1, algo=ring
[11:54:59][ddbff3a86679][22:164][DBG][XCCL][kl3_all_reduce.cpp:94] send buf addr 0x4004000000/0x402408e000 count 12
[11:54:59][ddbff3a86679][22:22][DBG][XCCL][helper.cpp:301] all_reduce: ctx=0x592d9ccea130, seq_id=481, rank=1, nranks=2, dev=1, send=0x4004000000, recv=0x4004000000, cnt=67108864, root=-1, peer=-1, stream=0x592d9cce12e0, data=float, op=sum, group=0, num_host=1, algo=ring
[11:54:59][ddbff3a86679][22:164][DBG][XCCL][kl3_all_reduce.cpp:94] send buf addr 0x4004000000/0x402408e000 count 12
[11:54:59][ddbff3a86679][22:22][DBG][XCCL][helper.cpp:301] all_reduce: ctx=0x592d9ccea130, seq_id=482, rank=1, nranks=2, dev=1, send=0x4004000000, recv=0x4004000000, cnt=67108864, root=-1, peer=-1, stream=0x592d9cce12e0, data=float, op=sum, group=0, num_host=1, algo=ring
[11:54:59][ddbff3a86679][22:164][DBG][XCCL][kl3_all_reduce.cpp:94] send buf addr 0x4004000000/0x402408e000 count 12
[11:54:59][ddbff3a86679][22:22][DBG][XCCL][helper.cpp:301] all_reduce: ctx=0x592d9ccea130, seq_id=483, rank=1, nranks=2, dev=1, send=0x4004000000, recv=0x4004000000, cnt=67108864, root=-1, peer=-1, stream=0x592d9cce12e0, data=float, op=sum, group=0, num_host=1, algo=ring
[11:54:59][ddbff3a86679][22:164][DBG][XCCL][kl3_all_reduce.cpp:94] send buf addr 0x4004000000/0x402408e000 count 12
[11:54:59][ddbff3a86679][22:22][DBG][XCCL][helper.cpp:301] all_reduce: ctx=0x592d9ccea130, seq_id=484, rank=1, nranks=2, dev=1, send=0x4004000000, recv=0x4004000000, cnt=67108864, root=-1, peer=-1, stream=0x592d9cce12e0, data=float, op=sum, group=0, num_host=1, algo=ring
[11:54:59][ddbff3a86679][22:164][DBG][XCCL][kl3_all_reduce.cpp:94] send buf addr 0x4004000000/0x402408e000 count 12
[11:54:59][ddbff3a86679][22:22][DBG][XCCL][helper.cpp:301] all_reduce: ctx=0x592d9ccea130, seq_id=485, rank=1, nranks=2, dev=1, send=0x4004000000, recv=0x4004000000, cnt=67108864, root=-1, peer=-1, stream=0x592d9cce12e0, data=float, op=sum, group=0, num_host=1, algo=ring
[11:54:59][ddbff3a86679][22:164][DBG][XCCL][kl3_all_reduce.cpp:94] send buf addr 0x4004000000/0x402408e000 count 12
[11:54:59][ddbff3a86679][22:22][DBG][XCCL][helper.cpp:301] all_reduce: ctx=0x592d9ccea130, seq_id=486, rank=1, nranks=2, dev=1, send=0x4004000000, recv=0x4004000000, cnt=67108864, root=-1, peer=-1, stream=0x592d9cce12e0, data=float, op=sum, group=0, num_host=1, algo=ring
[11:54:59][ddbff3a86679][22:164][DBG][XCCL][kl3_all_reduce.cpp:94] send buf addr 0x4004000000/0x402408e000 count 12
[11:54:59][ddbff3a86679][22:22][DBG][XCCL][helper.cpp:301] all_reduce: ctx=0x592d9ccea130, seq_id=487, rank=1, nranks=2, dev=1, send=0x4004000000, recv=0x4004000000, cnt=67108864, root=-1, peer=-1, stream=0x592d9cce12e0, data=float, op=sum, group=0, num_host=1, algo=ring
[11:54:59][ddbff3a86679][22:164][DBG][XCCL][kl3_all_reduce.cpp:94] send buf addr 0x4004000000/0x402408e000 count 12
[11:54:59][ddbff3a86679][22:22][DBG][XCCL][helper.cpp:301] all_reduce: ctx=0x592d9ccea130, seq_id=488, rank=1, nranks=2, dev=1, send=0x4004000000, recv=0x4004000000, cnt=67108864, root=-1, peer=-1, stream=0x592d9cce12e0, data=float, op=sum, group=0, num_host=1, algo=ring
[11:54:59][ddbff3a86679][22:164][DBG][XCCL][kl3_all_reduce.cpp:94] send buf addr 0x4004000000/0x402408e000 count 12
[11:54:59][ddbff3a86679][22:22][DBG][XCCL][helper.cpp:301] all_reduce: ctx=0x592d9ccea130, seq_id=489, rank=1, nranks=2, dev=1, send=0x4004000000, recv=0x4004000000, cnt=67108864, root=-1, peer=-1, stream=0x592d9cce12e0, data=float, op=sum, group=0, num_host=1, algo=ring
[11:54:59][ddbff3a86679][22:164][DBG][XCCL][kl3_all_reduce.cpp:94] send buf addr 0x4004000000/0x402408e000 count 12
[11:54:59][ddbff3a86679][22:22][DBG][XCCL][helper.cpp:301] all_reduce: ctx=0x592d9ccea130, seq_id=490, rank=1, nranks=2, dev=1, send=0x4004000000, recv=0x4004000000, cnt=67108864, root=-1, peer=-1, stream=0x592d9cce12e0, data=float, op=sum, group=0, num_host=1, algo=ring
[11:54:59][ddbff3a86679][22:164][DBG][XCCL][kl3_all_reduce.cpp:94] send buf addr 0x4004000000/0x402408e000 count 12
[11:54:59][ddbff3a86679][22:22][DBG][XCCL][helper.cpp:301] all_reduce: ctx=0x592d9ccea130, seq_id=491, rank=1, nranks=2, dev=1, send=0x4004000000, recv=0x4004000000, cnt=67108864, root=-1, peer=-1, stream=0x592d9cce12e0, data=float, op=sum, group=0, num_host=1, algo=ring
[11:54:59][ddbff3a86679][22:164][DBG][XCCL][kl3_all_reduce.cpp:94] send buf addr 0x4004000000/0x402408e000 count 12
[11:54:59][ddbff3a86679][22:22][DBG][XCCL][helper.cpp:301] all_reduce: ctx=0x592d9ccea130, seq_id=492, rank=1, nranks=2, dev=1, send=0x4004000000, recv=0x4004000000, cnt=67108864, root=-1, peer=-1, stream=0x592d9cce12e0, data=float, op=sum, group=0, num_host=1, algo=ring
[11:54:59][ddbff3a86679][22:164][DBG][XCCL][kl3_all_reduce.cpp:94] send buf addr 0x4004000000/0x402408e000 count 12
[11:54:59][ddbff3a86679][22:22][DBG][XCCL][helper.cpp:301] all_reduce: ctx=0x592d9ccea130, seq_id=493, rank=1, nranks=2, dev=1, send=0x4004000000, recv=0x4004000000, cnt=67108864, root=-1, peer=-1, stream=0x592d9cce12e0, data=float, op=sum, group=0, num_host=1, algo=ring
[11:54:59][ddbff3a86679][22:164][DBG][XCCL][kl3_all_reduce.cpp:94] send buf addr 0x4004000000/0x402408e000 count 12
[11:54:59][ddbff3a86679][22:22][DBG][XCCL][helper.cpp:301] all_reduce: ctx=0x592d9ccea130, seq_id=494, rank=1, nranks=2, dev=1, send=0x4004000000, recv=0x4004000000, cnt=67108864, root=-1, peer=-1, stream=0x592d9cce12e0, data=float, op=sum, group=0, num_host=1, algo=ring
[11:54:59][ddbff3a86679][22:164][DBG][XCCL][kl3_all_reduce.cpp:94] send buf addr 0x4004000000/0x402408e000 count 12
[11:54:59][ddbff3a86679][22:22][DBG][XCCL][helper.cpp:301] all_reduce: ctx=0x592d9ccea130, seq_id=495, rank=1, nranks=2, dev=1, send=0x4004000000, recv=0x4004000000, cnt=67108864, root=-1, peer=-1, stream=0x592d9cce12e0, data=float, op=sum, group=0, num_host=1, algo=ring
[11:54:59][ddbff3a86679][22:164][DBG][XCCL][kl3_all_reduce.cpp:94] send buf addr 0x4004000000/0x402408e000 count 12
[11:54:59][ddbff3a86679][22:22][DBG][XCCL][helper.cpp:301] all_reduce: ctx=0x592d9ccea130, seq_id=496, rank=1, nranks=2, dev=1, send=0x4004000000, recv=0x4004000000, cnt=67108864, root=-1, peer=-1, stream=0x592d9cce12e0, data=float, op=sum, group=0, num_host=1, algo=ring
[11:54:59][ddbff3a86679][22:164][DBG][XCCL][kl3_all_reduce.cpp:94] send buf addr 0x4004000000/0x402408e000 count 12
[11:54:59][ddbff3a86679][22:22][DBG][XCCL][helper.cpp:301] all_reduce: ctx=0x592d9ccea130, seq_id=497, rank=1, nranks=2, dev=1, send=0x4004000000, recv=0x4004000000, cnt=67108864, root=-1, peer=-1, stream=0x592d9cce12e0, data=float, op=sum, group=0, num_host=1, algo=ring
[11:54:59][ddbff3a86679][22:164][DBG][XCCL][kl3_all_reduce.cpp:94] send buf addr 0x4004000000/0x402408e000 count 12
[11:54:59][ddbff3a86679][22:22][DBG][XCCL][helper.cpp:301] all_reduce: ctx=0x592d9ccea130, seq_id=498, rank=1, nranks=2, dev=1, send=0x4004000000, recv=0x4004000000, cnt=67108864, root=-1, peer=-1, stream=0x592d9cce12e0, data=float, op=sum, group=0, num_host=1, algo=ring
[11:54:59][ddbff3a86679][22:164][DBG][XCCL][kl3_all_reduce.cpp:94] send buf addr 0x4004000000/0x402408e000 count 12
[11:54:59][ddbff3a86679][22:22][DBG][XCCL][helper.cpp:301] all_reduce: ctx=0x592d9ccea130, seq_id=499, rank=1, nranks=2, dev=1, send=0x4004000000, recv=0x4004000000, cnt=67108864, root=-1, peer=-1, stream=0x592d9cce12e0, data=float, op=sum, group=0, num_host=1, algo=ring
[11:54:59][ddbff3a86679][22:164][DBG][XCCL][kl3_all_reduce.cpp:94] send buf addr 0x4004000000/0x402408e000 count 12
[11:54:59][ddbff3a86679][22:22][DBG][XCCL][helper.cpp:301] all_reduce: ctx=0x592d9ccea130, seq_id=500, rank=1, nranks=2, dev=1, send=0x4004000000, recv=0x4004000000, cnt=67108864, root=-1, peer=-1, stream=0x592d9cce12e0, data=float, op=sum, group=0, num_host=1, algo=ring
[11:54:59][ddbff3a86679][22:164][DBG][XCCL][kl3_all_reduce.cpp:94] send buf addr 0x4004000000/0x402408e000 count 12
[11:54:59][ddbff3a86679][22:22][DBG][XCCL][helper.cpp:301] all_reduce: ctx=0x592d9ccea130, seq_id=501, rank=1, nranks=2, dev=1, send=0x4004000000, recv=0x4004000000, cnt=67108864, root=-1, peer=-1, stream=0x592d9cce12e0, data=float, op=sum, group=0, num_host=1, algo=ring
[11:54:59][ddbff3a86679][22:164][DBG][XCCL][kl3_all_reduce.cpp:94] send buf addr 0x4004000000/0x402408e000 count 12
[11:54:59][ddbff3a86679][22:22][DBG][XCCL][helper.cpp:301] all_reduce: ctx=0x592d9ccea130, seq_id=502, rank=1, nranks=2, dev=1, send=0x4004000000, recv=0x4004000000, cnt=67108864, root=-1, peer=-1, stream=0x592d9cce12e0, data=float, op=sum, group=0, num_host=1, algo=ring
[11:54:59][ddbff3a86679][22:164][DBG][XCCL][kl3_all_reduce.cpp:94] send buf addr 0x4004000000/0x402408e000 count 12
[11:54:59][ddbff3a86679][22:22][DBG][XCCL][helper.cpp:301] all_reduce: ctx=0x592d9ccea130, seq_id=503, rank=1, nranks=2, dev=1, send=0x4004000000, recv=0x4004000000, cnt=67108864, root=-1, peer=-1, stream=0x592d9cce12e0, data=float, op=sum, group=0, num_host=1, algo=ring
[11:54:59][ddbff3a86679][22:164][DBG][XCCL][kl3_all_reduce.cpp:94] send buf addr 0x4004000000/0x402408e000 count 12
[11:54:59][ddbff3a86679][22:22][DBG][XCCL][helper.cpp:301] all_reduce: ctx=0x592d9ccea130, seq_id=504, rank=1, nranks=2, dev=1, send=0x4004000000, recv=0x4004000000, cnt=67108864, root=-1, peer=-1, stream=0x592d9cce12e0, data=float, op=sum, group=0, num_host=1, algo=ring
[11:54:59][ddbff3a86679][22:164][DBG][XCCL][kl3_all_reduce.cpp:94] send buf addr 0x4004000000/0x402408e000 count 12
[11:54:59][ddbff3a86679][22:22][DBG][XCCL][helper.cpp:301] all_reduce: ctx=0x592d9ccea130, seq_id=505, rank=1, nranks=2, dev=1, send=0x4004000000, recv=0x4004000000, cnt=67108864, root=-1, peer=-1, stream=0x592d9cce12e0, data=float, op=sum, group=0, num_host=1, algo=ring
[11:54:59][ddbff3a86679][22:164][DBG][XCCL][kl3_all_reduce.cpp:94] send buf addr 0x4004000000/0x402408e000 count 12
[11:54:59][ddbff3a86679][22:22][DBG][XCCL][helper.cpp:301] all_reduce: ctx=0x592d9ccea130, seq_id=506, rank=1, nranks=2, dev=1, send=0x4004000000, recv=0x4004000000, cnt=67108864, root=-1, peer=-1, stream=0x592d9cce12e0, data=float, op=sum, group=0, num_host=1, algo=ring
[11:54:59][ddbff3a86679][22:164][DBG][XCCL][kl3_all_reduce.cpp:94] send buf addr 0x4004000000/0x402408e000 count 12
[11:54:59][ddbff3a86679][22:22][DBG][XCCL][helper.cpp:301] all_reduce: ctx=0x592d9ccea130, seq_id=507, rank=1, nranks=2, dev=1, send=0x4004000000, recv=0x4004000000, cnt=67108864, root=-1, peer=-1, stream=0x592d9cce12e0, data=float, op=sum, group=0, num_host=1, algo=ring
[11:54:59][ddbff3a86679][22:164][DBG][XCCL][kl3_all_reduce.cpp:94] send buf addr 0x4004000000/0x402408e000 count 12
[11:54:59][ddbff3a86679][22:22][DBG][XCCL][helper.cpp:301] all_reduce: ctx=0x592d9ccea130, seq_id=508, rank=1, nranks=2, dev=1, send=0x4004000000, recv=0x4004000000, cnt=67108864, root=-1, peer=-1, stream=0x592d9cce12e0, data=float, op=sum, group=0, num_host=1, algo=ring
[11:54:59][ddbff3a86679][22:164][DBG][XCCL][kl3_all_reduce.cpp:94] send buf addr 0x4004000000/0x402408e000 count 12
[11:54:59][ddbff3a86679][22:22][DBG][XCCL][helper.cpp:301] all_reduce: ctx=0x592d9ccea130, seq_id=509, rank=1, nranks=2, dev=1, send=0x4004000000, recv=0x4004000000, cnt=67108864, root=-1, peer=-1, stream=0x592d9cce12e0, data=float, op=sum, group=0, num_host=1, algo=ring
[11:54:59][ddbff3a86679][22:164][DBG][XCCL][kl3_all_reduce.cpp:94] send buf addr 0x4004000000/0x402408e000 count 12
[11:54:59][ddbff3a86679][22:22][DBG][XCCL][helper.cpp:301] all_reduce: ctx=0x592d9ccea130, seq_id=510, rank=1, nranks=2, dev=1, send=0x4004000000, recv=0x4004000000, cnt=67108864, root=-1, peer=-1, stream=0x592d9cce12e0, data=float, op=sum, group=0, num_host=1, algo=ring
[11:54:59][ddbff3a86679][22:164][DBG][XCCL][kl3_all_reduce.cpp:94] send buf addr 0x4004000000/0x402408e000 count 12
[11:54:59][ddbff3a86679][22:22][DBG][XCCL][helper.cpp:301] all_reduce: ctx=0x592d9ccea130, seq_id=511, rank=1, nranks=2, dev=1, send=0x4004000000, recv=0x4004000000, cnt=67108864, root=-1, peer=-1, stream=0x592d9cce12e0, data=float, op=sum, group=0, num_host=1, algo=ring
[11:54:59][ddbff3a86679][22:164][DBG][XCCL][kl3_all_reduce.cpp:94] send buf addr 0x4004000000/0x402408e000 count 12
[11:54:59][ddbff3a86679][22:22][DBG][XCCL][helper.cpp:301] all_reduce: ctx=0x592d9ccea130, seq_id=512, rank=1, nranks=2, dev=1, send=0x4004000000, recv=0x4004000000, cnt=67108864, root=-1, peer=-1, stream=0x592d9cce12e0, data=float, op=sum, group=0, num_host=1, algo=ring
[11:54:59][ddbff3a86679][22:164][DBG][XCCL][kl3_all_reduce.cpp:94] send buf addr 0x4004000000/0x402408e000 count 12
[11:54:59][ddbff3a86679][22:22][DBG][XCCL][helper.cpp:301] all_reduce: ctx=0x592d9ccea130, seq_id=513, rank=1, nranks=2, dev=1, send=0x4004000000, recv=0x4004000000, cnt=67108864, root=-1, peer=-1, stream=0x592d9cce12e0, data=float, op=sum, group=0, num_host=1, algo=ring
[11:54:59][ddbff3a86679][22:164][DBG][XCCL][kl3_all_reduce.cpp:94] send buf addr 0x4004000000/0x402408e000 count 12
[11:54:59][ddbff3a86679][22:22][DBG][XCCL][helper.cpp:301] all_reduce: ctx=0x592d9ccea130, seq_id=514, rank=1, nranks=2, dev=1, send=0x4004000000, recv=0x4004000000, cnt=67108864, root=-1, peer=-1, stream=0x592d9cce12e0, data=float, op=sum, group=0, num_host=1, algo=ring
[11:54:59][ddbff3a86679][22:164][DBG][XCCL][kl3_all_reduce.cpp:94] send buf addr 0x4004000000/0x402408e000 count 12
[11:54:59][ddbff3a86679][22:22][DBG][XCCL][helper.cpp:301] all_reduce: ctx=0x592d9ccea130, seq_id=515, rank=1, nranks=2, dev=1, send=0x4004000000, recv=0x4004000000, cnt=67108864, root=-1, peer=-1, stream=0x592d9cce12e0, data=float, op=sum, group=0, num_host=1, algo=ring
[11:54:59][ddbff3a86679][22:164][DBG][XCCL][kl3_all_reduce.cpp:94] send buf addr 0x4004000000/0x402408e000 count 12
[11:54:59][ddbff3a86679][22:22][DBG][XCCL][helper.cpp:301] all_reduce: ctx=0x592d9ccea130, seq_id=516, rank=1, nranks=2, dev=1, send=0x4004000000, recv=0x4004000000, cnt=67108864, root=-1, peer=-1, stream=0x592d9cce12e0, data=float, op=sum, group=0, num_host=1, algo=ring
[11:54:59][ddbff3a86679][22:164][DBG][XCCL][kl3_all_reduce.cpp:94] send buf addr 0x4004000000/0x402408e000 count 12
[11:54:59][ddbff3a86679][22:22][DBG][XCCL][helper.cpp:301] all_reduce: ctx=0x592d9ccea130, seq_id=517, rank=1, nranks=2, dev=1, send=0x4004000000, recv=0x4004000000, cnt=67108864, root=-1, peer=-1, stream=0x592d9cce12e0, data=float, op=sum, group=0, num_host=1, algo=ring
[11:54:59][ddbff3a86679][22:164][DBG][XCCL][kl3_all_reduce.cpp:94] send buf addr 0x4004000000/0x402408e000 count 12
[11:54:59][ddbff3a86679][22:22][DBG][XCCL][helper.cpp:301] all_reduce: ctx=0x592d9ccea130, seq_id=518, rank=1, nranks=2, dev=1, send=0x4004000000, recv=0x4004000000, cnt=67108864, root=-1, peer=-1, stream=0x592d9cce12e0, data=float, op=sum, group=0, num_host=1, algo=ring
[11:54:59][ddbff3a86679][22:164][DBG][XCCL][kl3_all_reduce.cpp:94] send buf addr 0x4004000000/0x402408e000 count 12
[11:54:59][ddbff3a86679][22:22][DBG][XCCL][helper.cpp:301] all_reduce: ctx=0x592d9ccea130, seq_id=519, rank=1, nranks=2, dev=1, send=0x4004000000, recv=0x4004000000, cnt=67108864, root=-1, peer=-1, stream=0x592d9cce12e0, data=float, op=sum, group=0, num_host=1, algo=ring
[11:54:59][ddbff3a86679][22:164][DBG][XCCL][kl3_all_reduce.cpp:94] send buf addr 0x4004000000/0x402408e000 count 12
[11:54:59][ddbff3a86679][22:22][DBG][XCCL][helper.cpp:301] all_reduce: ctx=0x592d9ccea130, seq_id=520, rank=1, nranks=2, dev=1, send=0x4004000000, recv=0x4004000000, cnt=67108864, root=-1, peer=-1, stream=0x592d9cce12e0, data=float, op=sum, group=0, num_host=1, algo=ring
[11:54:59][ddbff3a86679][22:164][DBG][XCCL][kl3_all_reduce.cpp:94] send buf addr 0x4004000000/0x402408e000 count 12
[11:54:59][ddbff3a86679][22:22][DBG][XCCL][helper.cpp:301] all_reduce: ctx=0x592d9ccea130, seq_id=521, rank=1, nranks=2, dev=1, send=0x4004000000, recv=0x4004000000, cnt=67108864, root=-1, peer=-1, stream=0x592d9cce12e0, data=float, op=sum, group=0, num_host=1, algo=ring
[11:54:59][ddbff3a86679][22:164][DBG][XCCL][kl3_all_reduce.cpp:94] send buf addr 0x4004000000/0x402408e000 count 12
[11:54:59][ddbff3a86679][22:22][DBG][XCCL][helper.cpp:301] all_reduce: ctx=0x592d9ccea130, seq_id=522, rank=1, nranks=2, dev=1, send=0x4004000000, recv=0x4004000000, cnt=67108864, root=-1, peer=-1, stream=0x592d9cce12e0, data=float, op=sum, group=0, num_host=1, algo=ring
[11:54:59][ddbff3a86679][22:164][DBG][XCCL][kl3_all_reduce.cpp:94] send buf addr 0x4004000000/0x402408e000 count 12
[11:54:59][ddbff3a86679][22:22][DBG][XCCL][helper.cpp:301] all_reduce: ctx=0x592d9ccea130, seq_id=523, rank=1, nranks=2, dev=1, send=0x4004000000, recv=0x4004000000, cnt=67108864, root=-1, peer=-1, stream=0x592d9cce12e0, data=float, op=sum, group=0, num_host=1, algo=ring
[11:54:59][ddbff3a86679][22:164][DBG][XCCL][kl3_all_reduce.cpp:94] send buf addr 0x4004000000/0x402408e000 count 12
[11:54:59][ddbff3a86679][22:22][DBG][XCCL][helper.cpp:301] all_reduce: ctx=0x592d9ccea130, seq_id=524, rank=1, nranks=2, dev=1, send=0x4004000000, recv=0x4004000000, cnt=67108864, root=-1, peer=-1, stream=0x592d9cce12e0, data=float, op=sum, group=0, num_host=1, algo=ring
[11:54:59][ddbff3a86679][22:164][DBG][XCCL][kl3_all_reduce.cpp:94] send buf addr 0x4004000000/0x402408e000 count 12
[11:54:59][ddbff3a86679][22:22][DBG][XCCL][helper.cpp:301] all_reduce: ctx=0x592d9ccea130, seq_id=525, rank=1, nranks=2, dev=1, send=0x4004000000, recv=0x4004000000, cnt=67108864, root=-1, peer=-1, stream=0x592d9cce12e0, data=float, op=sum, group=0, num_host=1, algo=ring
[11:54:59][ddbff3a86679][22:164][DBG][XCCL][kl3_all_reduce.cpp:94] send buf addr 0x4004000000/0x402408e000 count 12
[11:54:59][ddbff3a86679][22:22][DBG][XCCL][helper.cpp:301] all_reduce: ctx=0x592d9ccea130, seq_id=526, rank=1, nranks=2, dev=1, send=0x4004000000, recv=0x4004000000, cnt=67108864, root=-1, peer=-1, stream=0x592d9cce12e0, data=float, op=sum, group=0, num_host=1, algo=ring
[11:54:59][ddbff3a86679][22:164][DBG][XCCL][kl3_all_reduce.cpp:94] send buf addr 0x4004000000/0x402408e000 count 12
[11:54:59][ddbff3a86679][22:22][DBG][XCCL][helper.cpp:301] all_reduce: ctx=0x592d9ccea130, seq_id=527, rank=1, nranks=2, dev=1, send=0x4004000000, recv=0x4004000000, cnt=67108864, root=-1, peer=-1, stream=0x592d9cce12e0, data=float, op=sum, group=0, num_host=1, algo=ring
[11:54:59][ddbff3a86679][22:164][DBG][XCCL][kl3_all_reduce.cpp:94] send buf addr 0x4004000000/0x402408e000 count 12
[11:54:59][ddbff3a86679][22:22][DBG][XCCL][helper.cpp:301] all_reduce: ctx=0x592d9ccea130, seq_id=528, rank=1, nranks=2, dev=1, send=0x4004000000, recv=0x4004000000, cnt=67108864, root=-1, peer=-1, stream=0x592d9cce12e0, data=float, op=sum, group=0, num_host=1, algo=ring
[11:54:59][ddbff3a86679][22:164][DBG][XCCL][kl3_all_reduce.cpp:94] send buf addr 0x4004000000/0x402408e000 count 12
[11:54:59][ddbff3a86679][22:22][DBG][XCCL][helper.cpp:301] all_reduce: ctx=0x592d9ccea130, seq_id=529, rank=1, nranks=2, dev=1, send=0x4004000000, recv=0x4004000000, cnt=67108864, root=-1, peer=-1, stream=0x592d9cce12e0, data=float, op=sum, group=0, num_host=1, algo=ring
[11:54:59][ddbff3a86679][22:164][DBG][XCCL][kl3_all_reduce.cpp:94] send buf addr 0x4004000000/0x402408e000 count 12
[11:54:59][ddbff3a86679][22:22][DBG][XCCL][helper.cpp:301] all_reduce: ctx=0x592d9ccea130, seq_id=530, rank=1, nranks=2, dev=1, send=0x4004000000, recv=0x4004000000, cnt=67108864, root=-1, peer=-1, stream=0x592d9cce12e0, data=float, op=sum, group=0, num_host=1, algo=ring
[11:54:59][ddbff3a86679][22:164][DBG][XCCL][kl3_all_reduce.cpp:94] send buf addr 0x4004000000/0x402408e000 count 12
[11:54:59][ddbff3a86679][22:22][DBG][XCCL][helper.cpp:301] all_reduce: ctx=0x592d9ccea130, seq_id=531, rank=1, nranks=2, dev=1, send=0x4004000000, recv=0x4004000000, cnt=67108864, root=-1, peer=-1, stream=0x592d9cce12e0, data=float, op=sum, group=0, num_host=1, algo=ring
[11:54:59][ddbff3a86679][22:164][DBG][XCCL][kl3_all_reduce.cpp:94] send buf addr 0x4004000000/0x402408e000 count 12
[11:54:59][ddbff3a86679][22:22][DBG][XCCL][helper.cpp:301] all_reduce: ctx=0x592d9ccea130, seq_id=532, rank=1, nranks=2, dev=1, send=0x4004000000, recv=0x4004000000, cnt=67108864, root=-1, peer=-1, stream=0x592d9cce12e0, data=float, op=sum, group=0, num_host=1, algo=ring
[11:54:59][ddbff3a86679][22:164][DBG][XCCL][kl3_all_reduce.cpp:94] send buf addr 0x4004000000/0x402408e000 count 12
[11:54:59][ddbff3a86679][22:22][DBG][XCCL][helper.cpp:301] all_reduce: ctx=0x592d9ccea130, seq_id=533, rank=1, nranks=2, dev=1, send=0x4004000000, recv=0x4004000000, cnt=67108864, root=-1, peer=-1, stream=0x592d9cce12e0, data=float, op=sum, group=0, num_host=1, algo=ring
[11:54:59][ddbff3a86679][22:164][DBG][XCCL][kl3_all_reduce.cpp:94] send buf addr 0x4004000000/0x402408e000 count 12
[11:54:59][ddbff3a86679][22:22][DBG][XCCL][helper.cpp:301] all_reduce: ctx=0x592d9ccea130, seq_id=534, rank=1, nranks=2, dev=1, send=0x4004000000, recv=0x4004000000, cnt=67108864, root=-1, peer=-1, stream=0x592d9cce12e0, data=float, op=sum, group=0, num_host=1, algo=ring
[11:54:59][ddbff3a86679][22:164][DBG][XCCL][kl3_all_reduce.cpp:94] send buf addr 0x4004000000/0x402408e000 count 12
[11:54:59][ddbff3a86679][22:22][DBG][XCCL][helper.cpp:301] all_reduce: ctx=0x592d9ccea130, seq_id=535, rank=1, nranks=2, dev=1, send=0x4004000000, recv=0x4004000000, cnt=67108864, root=-1, peer=-1, stream=0x592d9cce12e0, data=float, op=sum, group=0, num_host=1, algo=ring
[11:54:59][ddbff3a86679][22:164][DBG][XCCL][kl3_all_reduce.cpp:94] send buf addr 0x4004000000/0x402408e000 count 12
[11:54:59][ddbff3a86679][22:22][DBG][XCCL][helper.cpp:301] all_reduce: ctx=0x592d9ccea130, seq_id=536, rank=1, nranks=2, dev=1, send=0x4004000000, recv=0x4004000000, cnt=67108864, root=-1, peer=-1, stream=0x592d9cce12e0, data=float, op=sum, group=0, num_host=1, algo=ring
[11:54:59][ddbff3a86679][22:164][DBG][XCCL][kl3_all_reduce.cpp:94] send buf addr 0x4004000000/0x402408e000 count 12
[11:54:59][ddbff3a86679][22:22][DBG][XCCL][helper.cpp:301] all_reduce: ctx=0x592d9ccea130, seq_id=537, rank=1, nranks=2, dev=1, send=0x4004000000, recv=0x4004000000, cnt=67108864, root=-1, peer=-1, stream=0x592d9cce12e0, data=float, op=sum, group=0, num_host=1, algo=ring
[11:54:59][ddbff3a86679][22:164][DBG][XCCL][kl3_all_reduce.cpp:94] send buf addr 0x4004000000/0x402408e000 count 12
[11:54:59][ddbff3a86679][22:22][DBG][XCCL][helper.cpp:301] all_reduce: ctx=0x592d9ccea130, seq_id=538, rank=1, nranks=2, dev=1, send=0x4004000000, recv=0x4004000000, cnt=67108864, root=-1, peer=-1, stream=0x592d9cce12e0, data=float, op=sum, group=0, num_host=1, algo=ring
[11:54:59][ddbff3a86679][22:164][DBG][XCCL][kl3_all_reduce.cpp:94] send buf addr 0x4004000000/0x402408e000 count 12
[11:54:59][ddbff3a86679][22:22][DBG][XCCL][helper.cpp:301] all_reduce: ctx=0x592d9ccea130, seq_id=539, rank=1, nranks=2, dev=1, send=0x4004000000, recv=0x4004000000, cnt=67108864, root=-1, peer=-1, stream=0x592d9cce12e0, data=float, op=sum, group=0, num_host=1, algo=ring
[11:54:59][ddbff3a86679][22:164][DBG][XCCL][kl3_all_reduce.cpp:94] send buf addr 0x4004000000/0x402408e000 count 12
[11:54:59][ddbff3a86679][22:22][DBG][XCCL][helper.cpp:301] all_reduce: ctx=0x592d9ccea130, seq_id=540, rank=1, nranks=2, dev=1, send=0x4004000000, recv=0x4004000000, cnt=67108864, root=-1, peer=-1, stream=0x592d9cce12e0, data=float, op=sum, group=0, num_host=1, algo=ring
[11:54:59][ddbff3a86679][22:164][DBG][XCCL][kl3_all_reduce.cpp:94] send buf addr 0x4004000000/0x402408e000 count 12
[11:54:59][ddbff3a86679][22:22][DBG][XCCL][helper.cpp:301] all_reduce: ctx=0x592d9ccea130, seq_id=541, rank=1, nranks=2, dev=1, send=0x4004000000, recv=0x4004000000, cnt=67108864, root=-1, peer=-1, stream=0x592d9cce12e0, data=float, op=sum, group=0, num_host=1, algo=ring
[11:54:59][ddbff3a86679][22:164][DBG][XCCL][kl3_all_reduce.cpp:94] send buf addr 0x4004000000/0x402408e000 count 12
[11:54:59][ddbff3a86679][22:22][DBG][XCCL][helper.cpp:301] all_reduce: ctx=0x592d9ccea130, seq_id=542, rank=1, nranks=2, dev=1, send=0x4004000000, recv=0x4004000000, cnt=67108864, root=-1, peer=-1, stream=0x592d9cce12e0, data=float, op=sum, group=0, num_host=1, algo=ring
[11:54:59][ddbff3a86679][22:164][DBG][XCCL][kl3_all_reduce.cpp:94] send buf addr 0x4004000000/0x402408e000 count 12
[11:54:59][ddbff3a86679][22:22][DBG][XCCL][helper.cpp:301] all_reduce: ctx=0x592d9ccea130, seq_id=543, rank=1, nranks=2, dev=1, send=0x4004000000, recv=0x4004000000, cnt=67108864, root=-1, peer=-1, stream=0x592d9cce12e0, data=float, op=sum, group=0, num_host=1, algo=ring
[11:54:59][ddbff3a86679][22:164][DBG][XCCL][kl3_all_reduce.cpp:94] send buf addr 0x4004000000/0x402408e000 count 12
[11:54:59][ddbff3a86679][22:22][DBG][XCCL][helper.cpp:301] all_reduce: ctx=0x592d9ccea130, seq_id=544, rank=1, nranks=2, dev=1, send=0x4004000000, recv=0x4004000000, cnt=67108864, root=-1, peer=-1, stream=0x592d9cce12e0, data=float, op=sum, group=0, num_host=1, algo=ring
[11:54:59][ddbff3a86679][22:164][DBG][XCCL][kl3_all_reduce.cpp:94] send buf addr 0x4004000000/0x402408e000 count 12
[11:54:59][ddbff3a86679][22:22][DBG][XCCL][helper.cpp:301] all_reduce: ctx=0x592d9ccea130, seq_id=545, rank=1, nranks=2, dev=1, send=0x4004000000, recv=0x4004000000, cnt=67108864, root=-1, peer=-1, stream=0x592d9cce12e0, data=float, op=sum, group=0, num_host=1, algo=ring
[11:54:59][ddbff3a86679][22:164][DBG][XCCL][kl3_all_reduce.cpp:94] send buf addr 0x4004000000/0x402408e000 count 12
[11:54:59][ddbff3a86679][22:22][DBG][XCCL][helper.cpp:301] all_reduce: ctx=0x592d9ccea130, seq_id=546, rank=1, nranks=2, dev=1, send=0x4004000000, recv=0x4004000000, cnt=67108864, root=-1, peer=-1, stream=0x592d9cce12e0, data=float, op=sum, group=0, num_host=1, algo=ring
[11:54:59][ddbff3a86679][22:164][DBG][XCCL][kl3_all_reduce.cpp:94] send buf addr 0x4004000000/0x402408e000 count 12
[11:54:59][ddbff3a86679][22:22][DBG][XCCL][helper.cpp:301] all_reduce: ctx=0x592d9ccea130, seq_id=547, rank=1, nranks=2, dev=1, send=0x4004000000, recv=0x4004000000, cnt=67108864, root=-1, peer=-1, stream=0x592d9cce12e0, data=float, op=sum, group=0, num_host=1, algo=ring
[11:54:59][ddbff3a86679][22:164][DBG][XCCL][kl3_all_reduce.cpp:94] send buf addr 0x4004000000/0x402408e000 count 12
[11:54:59][ddbff3a86679][22:22][DBG][XCCL][helper.cpp:301] all_reduce: ctx=0x592d9ccea130, seq_id=548, rank=1, nranks=2, dev=1, send=0x4004000000, recv=0x4004000000, cnt=67108864, root=-1, peer=-1, stream=0x592d9cce12e0, data=float, op=sum, group=0, num_host=1, algo=ring
[11:54:59][ddbff3a86679][22:164][DBG][XCCL][kl3_all_reduce.cpp:94] send buf addr 0x4004000000/0x402408e000 count 12
[11:54:59][ddbff3a86679][22:22][DBG][XCCL][helper.cpp:301] all_reduce: ctx=0x592d9ccea130, seq_id=549, rank=1, nranks=2, dev=1, send=0x4004000000, recv=0x4004000000, cnt=67108864, root=-1, peer=-1, stream=0x592d9cce12e0, data=float, op=sum, group=0, num_host=1, algo=ring
[11:54:59][ddbff3a86679][22:164][DBG][XCCL][kl3_all_reduce.cpp:94] send buf addr 0x4004000000/0x402408e000 count 12
[11:54:59][ddbff3a86679][22:22][DBG][XCCL][helper.cpp:301] all_reduce: ctx=0x592d9ccea130, seq_id=550, rank=1, nranks=2, dev=1, send=0x4004000000, recv=0x4004000000, cnt=67108864, root=-1, peer=-1, stream=0x592d9cce12e0, data=float, op=sum, group=0, num_host=1, algo=ring
[11:54:59][ddbff3a86679][22:164][DBG][XCCL][kl3_all_reduce.cpp:94] send buf addr 0x4004000000/0x402408e000 count 12
[11:54:59][ddbff3a86679][22:22][DBG][XCCL][helper.cpp:301] all_reduce: ctx=0x592d9ccea130, seq_id=551, rank=1, nranks=2, dev=1, send=0x4004000000, recv=0x4004000000, cnt=67108864, root=-1, peer=-1, stream=0x592d9cce12e0, data=float, op=sum, group=0, num_host=1, algo=ring
[11:54:59][ddbff3a86679][22:164][DBG][XCCL][kl3_all_reduce.cpp:94] send buf addr 0x4004000000/0x402408e000 count 12
[11:54:59][ddbff3a86679][22:22][DBG][XCCL][helper.cpp:301] all_reduce: ctx=0x592d9ccea130, seq_id=552, rank=1, nranks=2, dev=1, send=0x4004000000, recv=0x4004000000, cnt=67108864, root=-1, peer=-1, stream=0x592d9cce12e0, data=float, op=sum, group=0, num_host=1, algo=ring
[11:54:59][ddbff3a86679][22:164][DBG][XCCL][kl3_all_reduce.cpp:94] send buf addr 0x4004000000/0x402408e000 count 12
[11:54:59][ddbff3a86679][22:22][DBG][XCCL][helper.cpp:301] all_reduce: ctx=0x592d9ccea130, seq_id=553, rank=1, nranks=2, dev=1, send=0x4004000000, recv=0x4004000000, cnt=67108864, root=-1, peer=-1, stream=0x592d9cce12e0, data=float, op=sum, group=0, num_host=1, algo=ring
[11:54:59][ddbff3a86679][22:164][DBG][XCCL][kl3_all_reduce.cpp:94] send buf addr 0x4004000000/0x402408e000 count 12
[11:54:59][ddbff3a86679][22:22][DBG][XCCL][helper.cpp:301] all_reduce: ctx=0x592d9ccea130, seq_id=554, rank=1, nranks=2, dev=1, send=0x4004000000, recv=0x4004000000, cnt=67108864, root=-1, peer=-1, stream=0x592d9cce12e0, data=float, op=sum, group=0, num_host=1, algo=ring
[11:54:59][ddbff3a86679][22:164][DBG][XCCL][kl3_all_reduce.cpp:94] send buf addr 0x4004000000/0x402408e000 count 12
[11:54:59][ddbff3a86679][22:22][DBG][XCCL][helper.cpp:301] all_reduce: ctx=0x592d9ccea130, seq_id=555, rank=1, nranks=2, dev=1, send=0x4004000000, recv=0x4004000000, cnt=67108864, root=-1, peer=-1, stream=0x592d9cce12e0, data=float, op=sum, group=0, num_host=1, algo=ring
[11:54:59][ddbff3a86679][22:164][DBG][XCCL][kl3_all_reduce.cpp:94] send buf addr 0x4004000000/0x402408e000 count 12
[11:55:00][ddbff3a86679][22:22][DBG][XCCL][helper.cpp:301] all_reduce: ctx=0x592d9ccea130, seq_id=556, rank=1, nranks=2, dev=1, send=0x4004000000, recv=0x4004000000, cnt=67108864, root=-1, peer=-1, stream=0x592d9cce12e0, data=float, op=sum, group=0, num_host=1, algo=ring
[11:55:00][ddbff3a86679][22:164][DBG][XCCL][kl3_all_reduce.cpp:94] send buf addr 0x4004000000/0x402408e000 count 12
[11:55:00][ddbff3a86679][22:22][DBG][XCCL][helper.cpp:301] all_reduce: ctx=0x592d9ccea130, seq_id=557, rank=1, nranks=2, dev=1, send=0x4004000000, recv=0x4004000000, cnt=67108864, root=-1, peer=-1, stream=0x592d9cce12e0, data=float, op=sum, group=0, num_host=1, algo=ring
[11:55:00][ddbff3a86679][22:164][DBG][XCCL][kl3_all_reduce.cpp:94] send buf addr 0x4004000000/0x402408e000 count 12
[11:55:00][ddbff3a86679][22:22][DBG][XCCL][helper.cpp:301] all_reduce: ctx=0x592d9ccea130, seq_id=558, rank=1, nranks=2, dev=1, send=0x4004000000, recv=0x4004000000, cnt=67108864, root=-1, peer=-1, stream=0x592d9cce12e0, data=float, op=sum, group=0, num_host=1, algo=ring
[11:55:00][ddbff3a86679][22:164][DBG][XCCL][kl3_all_reduce.cpp:94] send buf addr 0x4004000000/0x402408e000 count 12
[11:55:00][ddbff3a86679][22:22][DBG][XCCL][helper.cpp:301] all_reduce: ctx=0x592d9ccea130, seq_id=559, rank=1, nranks=2, dev=1, send=0x4004000000, recv=0x4004000000, cnt=67108864, root=-1, peer=-1, stream=0x592d9cce12e0, data=float, op=sum, group=0, num_host=1, algo=ring
[11:55:00][ddbff3a86679][22:164][DBG][XCCL][kl3_all_reduce.cpp:94] send buf addr 0x4004000000/0x402408e000 count 12
[11:55:00][ddbff3a86679][22:22][DBG][XCCL][helper.cpp:301] all_reduce: ctx=0x592d9ccea130, seq_id=560, rank=1, nranks=2, dev=1, send=0x4004000000, recv=0x4004000000, cnt=67108864, root=-1, peer=-1, stream=0x592d9cce12e0, data=float, op=sum, group=0, num_host=1, algo=ring
[11:55:00][ddbff3a86679][22:164][DBG][XCCL][kl3_all_reduce.cpp:94] send buf addr 0x4004000000/0x402408e000 count 12
[11:55:00][ddbff3a86679][22:22][DBG][XCCL][helper.cpp:301] all_reduce: ctx=0x592d9ccea130, seq_id=561, rank=1, nranks=2, dev=1, send=0x4004000000, recv=0x4004000000, cnt=67108864, root=-1, peer=-1, stream=0x592d9cce12e0, data=float, op=sum, group=0, num_host=1, algo=ring
[11:55:00][ddbff3a86679][22:164][DBG][XCCL][kl3_all_reduce.cpp:94] send buf addr 0x4004000000/0x402408e000 count 12
[11:55:00][ddbff3a86679][22:22][DBG][XCCL][helper.cpp:301] all_reduce: ctx=0x592d9ccea130, seq_id=562, rank=1, nranks=2, dev=1, send=0x4004000000, recv=0x4004000000, cnt=67108864, root=-1, peer=-1, stream=0x592d9cce12e0, data=float, op=sum, group=0, num_host=1, algo=ring
[11:55:00][ddbff3a86679][22:164][DBG][XCCL][kl3_all_reduce.cpp:94] send buf addr 0x4004000000/0x402408e000 count 12
[11:55:00][ddbff3a86679][22:22][DBG][XCCL][helper.cpp:301] all_reduce: ctx=0x592d9ccea130, seq_id=563, rank=1, nranks=2, dev=1, send=0x4004000000, recv=0x4004000000, cnt=67108864, root=-1, peer=-1, stream=0x592d9cce12e0, data=float, op=sum, group=0, num_host=1, algo=ring
[11:55:00][ddbff3a86679][22:164][DBG][XCCL][kl3_all_reduce.cpp:94] send buf addr 0x4004000000/0x402408e000 count 12
[11:55:00][ddbff3a86679][22:22][DBG][XCCL][helper.cpp:301] all_reduce: ctx=0x592d9ccea130, seq_id=564, rank=1, nranks=2, dev=1, send=0x4004000000, recv=0x4004000000, cnt=67108864, root=-1, peer=-1, stream=0x592d9cce12e0, data=float, op=sum, group=0, num_host=1, algo=ring
[11:55:00][ddbff3a86679][22:164][DBG][XCCL][kl3_all_reduce.cpp:94] send buf addr 0x4004000000/0x402408e000 count 12
[11:55:00][ddbff3a86679][22:22][DBG][XCCL][helper.cpp:301] all_reduce: ctx=0x592d9ccea130, seq_id=565, rank=1, nranks=2, dev=1, send=0x4004000000, recv=0x4004000000, cnt=67108864, root=-1, peer=-1, stream=0x592d9cce12e0, data=float, op=sum, group=0, num_host=1, algo=ring
[11:55:00][ddbff3a86679][22:164][DBG][XCCL][kl3_all_reduce.cpp:94] send buf addr 0x4004000000/0x402408e000 count 12
[11:55:00][ddbff3a86679][22:22][DBG][XCCL][helper.cpp:301] all_reduce: ctx=0x592d9ccea130, seq_id=566, rank=1, nranks=2, dev=1, send=0x4004000000, recv=0x4004000000, cnt=67108864, root=-1, peer=-1, stream=0x592d9cce12e0, data=float, op=sum, group=0, num_host=1, algo=ring
[11:55:00][ddbff3a86679][22:164][DBG][XCCL][kl3_all_reduce.cpp:94] send buf addr 0x4004000000/0x402408e000 count 12
[11:55:00][ddbff3a86679][22:22][DBG][XCCL][helper.cpp:301] all_reduce: ctx=0x592d9ccea130, seq_id=567, rank=1, nranks=2, dev=1, send=0x4004000000, recv=0x4004000000, cnt=67108864, root=-1, peer=-1, stream=0x592d9cce12e0, data=float, op=sum, group=0, num_host=1, algo=ring
[11:55:00][ddbff3a86679][22:164][DBG][XCCL][kl3_all_reduce.cpp:94] send buf addr 0x4004000000/0x402408e000 count 12
[11:55:00][ddbff3a86679][22:22][DBG][XCCL][helper.cpp:301] all_reduce: ctx=0x592d9ccea130, seq_id=568, rank=1, nranks=2, dev=1, send=0x4004000000, recv=0x4004000000, cnt=67108864, root=-1, peer=-1, stream=0x592d9cce12e0, data=float, op=sum, group=0, num_host=1, algo=ring
[11:55:00][ddbff3a86679][22:164][DBG][XCCL][kl3_all_reduce.cpp:94] send buf addr 0x4004000000/0x402408e000 count 12
[11:55:00][ddbff3a86679][22:22][DBG][XCCL][helper.cpp:301] all_reduce: ctx=0x592d9ccea130, seq_id=569, rank=1, nranks=2, dev=1, send=0x4004000000, recv=0x4004000000, cnt=67108864, root=-1, peer=-1, stream=0x592d9cce12e0, data=float, op=sum, group=0, num_host=1, algo=ring
[11:55:00][ddbff3a86679][22:164][DBG][XCCL][kl3_all_reduce.cpp:94] send buf addr 0x4004000000/0x402408e000 count 12
[11:55:00][ddbff3a86679][22:22][DBG][XCCL][helper.cpp:301] all_reduce: ctx=0x592d9ccea130, seq_id=570, rank=1, nranks=2, dev=1, send=0x4004000000, recv=0x4004000000, cnt=67108864, root=-1, peer=-1, stream=0x592d9cce12e0, data=float, op=sum, group=0, num_host=1, algo=ring
[11:55:00][ddbff3a86679][22:164][DBG][XCCL][kl3_all_reduce.cpp:94] send buf addr 0x4004000000/0x402408e000 count 12
[11:55:00][ddbff3a86679][22:22][DBG][XCCL][helper.cpp:301] all_reduce: ctx=0x592d9ccea130, seq_id=571, rank=1, nranks=2, dev=1, send=0x4004000000, recv=0x4004000000, cnt=67108864, root=-1, peer=-1, stream=0x592d9cce12e0, data=float, op=sum, group=0, num_host=1, algo=ring
[11:55:00][ddbff3a86679][22:164][DBG][XCCL][kl3_all_reduce.cpp:94] send buf addr 0x4004000000/0x402408e000 count 12
[11:55:00][ddbff3a86679][22:22][DBG][XCCL][helper.cpp:301] all_reduce: ctx=0x592d9ccea130, seq_id=572, rank=1, nranks=2, dev=1, send=0x4004000000, recv=0x4004000000, cnt=67108864, root=-1, peer=-1, stream=0x592d9cce12e0, data=float, op=sum, group=0, num_host=1, algo=ring
[11:55:00][ddbff3a86679][22:164][DBG][XCCL][kl3_all_reduce.cpp:94] send buf addr 0x4004000000/0x402408e000 count 12
[11:55:00][ddbff3a86679][22:22][DBG][XCCL][helper.cpp:301] all_reduce: ctx=0x592d9ccea130, seq_id=573, rank=1, nranks=2, dev=1, send=0x4004000000, recv=0x4004000000, cnt=67108864, root=-1, peer=-1, stream=0x592d9cce12e0, data=float, op=sum, group=0, num_host=1, algo=ring
[11:55:00][ddbff3a86679][22:164][DBG][XCCL][kl3_all_reduce.cpp:94] send buf addr 0x4004000000/0x402408e000 count 12
[11:55:00][ddbff3a86679][22:22][DBG][XCCL][helper.cpp:301] all_reduce: ctx=0x592d9ccea130, seq_id=574, rank=1, nranks=2, dev=1, send=0x4004000000, recv=0x4004000000, cnt=67108864, root=-1, peer=-1, stream=0x592d9cce12e0, data=float, op=sum, group=0, num_host=1, algo=ring
[11:55:00][ddbff3a86679][22:164][DBG][XCCL][kl3_all_reduce.cpp:94] send buf addr 0x4004000000/0x402408e000 count 12
[11:55:00][ddbff3a86679][22:22][DBG][XCCL][helper.cpp:301] all_reduce: ctx=0x592d9ccea130, seq_id=575, rank=1, nranks=2, dev=1, send=0x4004000000, recv=0x4004000000, cnt=67108864, root=-1, peer=-1, stream=0x592d9cce12e0, data=float, op=sum, group=0, num_host=1, algo=ring
[11:55:00][ddbff3a86679][22:164][DBG][XCCL][kl3_all_reduce.cpp:94] send buf addr 0x4004000000/0x402408e000 count 12
[11:55:00][ddbff3a86679][22:22][DBG][XCCL][helper.cpp:301] all_reduce: ctx=0x592d9ccea130, seq_id=576, rank=1, nranks=2, dev=1, send=0x4004000000, recv=0x4004000000, cnt=67108864, root=-1, peer=-1, stream=0x592d9cce12e0, data=float, op=sum, group=0, num_host=1, algo=ring
[11:55:00][ddbff3a86679][22:164][DBG][XCCL][kl3_all_reduce.cpp:94] send buf addr 0x4004000000/0x402408e000 count 12
[11:55:00][ddbff3a86679][22:22][DBG][XCCL][helper.cpp:301] all_reduce: ctx=0x592d9ccea130, seq_id=577, rank=1, nranks=2, dev=1, send=0x4004000000, recv=0x4004000000, cnt=67108864, root=-1, peer=-1, stream=0x592d9cce12e0, data=float, op=sum, group=0, num_host=1, algo=ring
[11:55:00][ddbff3a86679][22:164][DBG][XCCL][kl3_all_reduce.cpp:94] send buf addr 0x4004000000/0x402408e000 count 12
[11:55:00][ddbff3a86679][22:22][DBG][XCCL][helper.cpp:301] all_reduce: ctx=0x592d9ccea130, seq_id=578, rank=1, nranks=2, dev=1, send=0x4004000000, recv=0x4004000000, cnt=67108864, root=-1, peer=-1, stream=0x592d9cce12e0, data=float, op=sum, group=0, num_host=1, algo=ring
[11:55:00][ddbff3a86679][22:164][DBG][XCCL][kl3_all_reduce.cpp:94] send buf addr 0x4004000000/0x402408e000 count 12
[11:55:00][ddbff3a86679][22:22][DBG][XCCL][helper.cpp:301] all_reduce: ctx=0x592d9ccea130, seq_id=579, rank=1, nranks=2, dev=1, send=0x4004000000, recv=0x4004000000, cnt=67108864, root=-1, peer=-1, stream=0x592d9cce12e0, data=float, op=sum, group=0, num_host=1, algo=ring
[11:55:00][ddbff3a86679][22:164][DBG][XCCL][kl3_all_reduce.cpp:94] send buf addr 0x4004000000/0x402408e000 count 12
[11:55:00][ddbff3a86679][22:22][DBG][XCCL][helper.cpp:301] all_reduce: ctx=0x592d9ccea130, seq_id=580, rank=1, nranks=2, dev=1, send=0x4004000000, recv=0x4004000000, cnt=67108864, root=-1, peer=-1, stream=0x592d9cce12e0, data=float, op=sum, group=0, num_host=1, algo=ring
[11:55:00][ddbff3a86679][22:164][DBG][XCCL][kl3_all_reduce.cpp:94] send buf addr 0x4004000000/0x402408e000 count 12
[11:55:00][ddbff3a86679][22:22][DBG][XCCL][helper.cpp:301] all_reduce: ctx=0x592d9ccea130, seq_id=581, rank=1, nranks=2, dev=1, send=0x4004000000, recv=0x4004000000, cnt=67108864, root=-1, peer=-1, stream=0x592d9cce12e0, data=float, op=sum, group=0, num_host=1, algo=ring
[11:55:00][ddbff3a86679][22:164][DBG][XCCL][kl3_all_reduce.cpp:94] send buf addr 0x4004000000/0x402408e000 count 12
[11:55:00][ddbff3a86679][22:22][DBG][XCCL][helper.cpp:301] all_reduce: ctx=0x592d9ccea130, seq_id=582, rank=1, nranks=2, dev=1, send=0x4004000000, recv=0x4004000000, cnt=67108864, root=-1, peer=-1, stream=0x592d9cce12e0, data=float, op=sum, group=0, num_host=1, algo=ring
[11:55:00][ddbff3a86679][22:164][DBG][XCCL][kl3_all_reduce.cpp:94] send buf addr 0x4004000000/0x402408e000 count 12
[11:55:00][ddbff3a86679][22:22][DBG][XCCL][helper.cpp:301] all_reduce: ctx=0x592d9ccea130, seq_id=583, rank=1, nranks=2, dev=1, send=0x4004000000, recv=0x4004000000, cnt=67108864, root=-1, peer=-1, stream=0x592d9cce12e0, data=float, op=sum, group=0, num_host=1, algo=ring
[11:55:00][ddbff3a86679][22:164][DBG][XCCL][kl3_all_reduce.cpp:94] send buf addr 0x4004000000/0x402408e000 count 12
[11:55:00][ddbff3a86679][22:22][DBG][XCCL][helper.cpp:301] all_reduce: ctx=0x592d9ccea130, seq_id=584, rank=1, nranks=2, dev=1, send=0x4004000000, recv=0x4004000000, cnt=67108864, root=-1, peer=-1, stream=0x592d9cce12e0, data=float, op=sum, group=0, num_host=1, algo=ring
[11:55:00][ddbff3a86679][22:164][DBG][XCCL][kl3_all_reduce.cpp:94] send buf addr 0x4004000000/0x402408e000 count 12
[11:55:00][ddbff3a86679][22:22][DBG][XCCL][helper.cpp:301] all_reduce: ctx=0x592d9ccea130, seq_id=585, rank=1, nranks=2, dev=1, send=0x4004000000, recv=0x4004000000, cnt=67108864, root=-1, peer=-1, stream=0x592d9cce12e0, data=float, op=sum, group=0, num_host=1, algo=ring
[11:55:00][ddbff3a86679][22:164][DBG][XCCL][kl3_all_reduce.cpp:94] send buf addr 0x4004000000/0x402408e000 count 12
[11:55:00][ddbff3a86679][22:22][DBG][XCCL][helper.cpp:301] all_reduce: ctx=0x592d9ccea130, seq_id=586, rank=1, nranks=2, dev=1, send=0x4004000000, recv=0x4004000000, cnt=67108864, root=-1, peer=-1, stream=0x592d9cce12e0, data=float, op=sum, group=0, num_host=1, algo=ring
[11:55:00][ddbff3a86679][22:164][DBG][XCCL][kl3_all_reduce.cpp:94] send buf addr 0x4004000000/0x402408e000 count 12
[11:55:00][ddbff3a86679][22:22][DBG][XCCL][helper.cpp:301] all_reduce: ctx=0x592d9ccea130, seq_id=587, rank=1, nranks=2, dev=1, send=0x4004000000, recv=0x4004000000, cnt=67108864, root=-1, peer=-1, stream=0x592d9cce12e0, data=float, op=sum, group=0, num_host=1, algo=ring
[11:55:00][ddbff3a86679][22:164][DBG][XCCL][kl3_all_reduce.cpp:94] send buf addr 0x4004000000/0x402408e000 count 12
[11:55:00][ddbff3a86679][22:22][DBG][XCCL][helper.cpp:301] all_reduce: ctx=0x592d9ccea130, seq_id=588, rank=1, nranks=2, dev=1, send=0x4004000000, recv=0x4004000000, cnt=67108864, root=-1, peer=-1, stream=0x592d9cce12e0, data=float, op=sum, group=0, num_host=1, algo=ring
[11:55:00][ddbff3a86679][22:164][DBG][XCCL][kl3_all_reduce.cpp:94] send buf addr 0x4004000000/0x402408e000 count 12
[11:55:00][ddbff3a86679][22:22][DBG][XCCL][helper.cpp:301] all_reduce: ctx=0x592d9ccea130, seq_id=589, rank=1, nranks=2, dev=1, send=0x4004000000, recv=0x4004000000, cnt=67108864, root=-1, peer=-1, stream=0x592d9cce12e0, data=float, op=sum, group=0, num_host=1, algo=ring
[11:55:00][ddbff3a86679][22:164][DBG][XCCL][kl3_all_reduce.cpp:94] send buf addr 0x4004000000/0x402408e000 count 12
[11:55:00][ddbff3a86679][22:22][DBG][XCCL][helper.cpp:301] all_reduce: ctx=0x592d9ccea130, seq_id=590, rank=1, nranks=2, dev=1, send=0x4004000000, recv=0x4004000000, cnt=67108864, root=-1, peer=-1, stream=0x592d9cce12e0, data=float, op=sum, group=0, num_host=1, algo=ring
[11:55:00][ddbff3a86679][22:164][DBG][XCCL][kl3_all_reduce.cpp:94] send buf addr 0x4004000000/0x402408e000 count 12
[11:55:00][ddbff3a86679][22:22][DBG][XCCL][helper.cpp:301] all_reduce: ctx=0x592d9ccea130, seq_id=591, rank=1, nranks=2, dev=1, send=0x4004000000, recv=0x4004000000, cnt=67108864, root=-1, peer=-1, stream=0x592d9cce12e0, data=float, op=sum, group=0, num_host=1, algo=ring
[11:55:00][ddbff3a86679][22:164][DBG][XCCL][kl3_all_reduce.cpp:94] send buf addr 0x4004000000/0x402408e000 count 12
[11:55:00][ddbff3a86679][22:22][DBG][XCCL][helper.cpp:301] all_reduce: ctx=0x592d9ccea130, seq_id=592, rank=1, nranks=2, dev=1, send=0x4004000000, recv=0x4004000000, cnt=67108864, root=-1, peer=-1, stream=0x592d9cce12e0, data=float, op=sum, group=0, num_host=1, algo=ring
[11:55:00][ddbff3a86679][22:164][DBG][XCCL][kl3_all_reduce.cpp:94] send buf addr 0x4004000000/0x402408e000 count 12
[11:55:00][ddbff3a86679][22:22][DBG][XCCL][helper.cpp:301] all_reduce: ctx=0x592d9ccea130, seq_id=593, rank=1, nranks=2, dev=1, send=0x4004000000, recv=0x4004000000, cnt=67108864, root=-1, peer=-1, stream=0x592d9cce12e0, data=float, op=sum, group=0, num_host=1, algo=ring
[11:55:00][ddbff3a86679][22:164][DBG][XCCL][kl3_all_reduce.cpp:94] send buf addr 0x4004000000/0x402408e000 count 12
[11:55:00][ddbff3a86679][22:22][DBG][XCCL][helper.cpp:301] all_reduce: ctx=0x592d9ccea130, seq_id=594, rank=1, nranks=2, dev=1, send=0x4004000000, recv=0x4004000000, cnt=67108864, root=-1, peer=-1, stream=0x592d9cce12e0, data=float, op=sum, group=0, num_host=1, algo=ring
[11:55:00][ddbff3a86679][22:164][DBG][XCCL][kl3_all_reduce.cpp:94] send buf addr 0x4004000000/0x402408e000 count 12
[11:55:00][ddbff3a86679][22:22][DBG][XCCL][helper.cpp:301] all_reduce: ctx=0x592d9ccea130, seq_id=595, rank=1, nranks=2, dev=1, send=0x4004000000, recv=0x4004000000, cnt=67108864, root=-1, peer=-1, stream=0x592d9cce12e0, data=float, op=sum, group=0, num_host=1, algo=ring
[11:55:00][ddbff3a86679][22:164][DBG][XCCL][kl3_all_reduce.cpp:94] send buf addr 0x4004000000/0x402408e000 count 12
[11:55:00][ddbff3a86679][22:22][DBG][XCCL][helper.cpp:301] all_reduce: ctx=0x592d9ccea130, seq_id=596, rank=1, nranks=2, dev=1, send=0x4004000000, recv=0x4004000000, cnt=67108864, root=-1, peer=-1, stream=0x592d9cce12e0, data=float, op=sum, group=0, num_host=1, algo=ring
[11:55:00][ddbff3a86679][22:164][DBG][XCCL][kl3_all_reduce.cpp:94] send buf addr 0x4004000000/0x402408e000 count 12
[11:55:00][ddbff3a86679][22:22][DBG][XCCL][helper.cpp:301] all_reduce: ctx=0x592d9ccea130, seq_id=597, rank=1, nranks=2, dev=1, send=0x4004000000, recv=0x4004000000, cnt=67108864, root=-1, peer=-1, stream=0x592d9cce12e0, data=float, op=sum, group=0, num_host=1, algo=ring
[11:55:00][ddbff3a86679][22:164][DBG][XCCL][kl3_all_reduce.cpp:94] send buf addr 0x4004000000/0x402408e000 count 12
[11:55:00][ddbff3a86679][22:22][DBG][XCCL][helper.cpp:301] all_reduce: ctx=0x592d9ccea130, seq_id=598, rank=1, nranks=2, dev=1, send=0x4004000000, recv=0x4004000000, cnt=67108864, root=-1, peer=-1, stream=0x592d9cce12e0, data=float, op=sum, group=0, num_host=1, algo=ring
[11:55:00][ddbff3a86679][22:164][DBG][XCCL][kl3_all_reduce.cpp:94] send buf addr 0x4004000000/0x402408e000 count 12
[11:55:00][ddbff3a86679][22:22][DBG][XCCL][helper.cpp:301] all_reduce: ctx=0x592d9ccea130, seq_id=599, rank=1, nranks=2, dev=1, send=0x4004000000, recv=0x4004000000, cnt=67108864, root=-1, peer=-1, stream=0x592d9cce12e0, data=float, op=sum, group=0, num_host=1, algo=ring
[11:55:00][ddbff3a86679][22:164][DBG][XCCL][kl3_all_reduce.cpp:94] send buf addr 0x4004000000/0x402408e000 count 12
[11:55:00][ddbff3a86679][22:22][DBG][XCCL][helper.cpp:301] all_reduce: ctx=0x592d9ccea130, seq_id=600, rank=1, nranks=2, dev=1, send=0x4004000000, recv=0x4004000000, cnt=67108864, root=-1, peer=-1, stream=0x592d9cce12e0, data=float, op=sum, group=0, num_host=1, algo=ring
[11:55:00][ddbff3a86679][22:164][DBG][XCCL][kl3_all_reduce.cpp:94] send buf addr 0x4004000000/0x402408e000 count 12
[11:55:00][ddbff3a86679][22:22][DBG][XCCL][helper.cpp:301] all_reduce: ctx=0x592d9ccea130, seq_id=601, rank=1, nranks=2, dev=1, send=0x4004000000, recv=0x4004000000, cnt=67108864, root=-1, peer=-1, stream=0x592d9cce12e0, data=float, op=sum, group=0, num_host=1, algo=ring
[11:55:00][ddbff3a86679][22:164][DBG][XCCL][kl3_all_reduce.cpp:94] send buf addr 0x4004000000/0x402408e000 count 12
[11:55:00][ddbff3a86679][22:22][DBG][XCCL][helper.cpp:301] all_reduce: ctx=0x592d9ccea130, seq_id=602, rank=1, nranks=2, dev=1, send=0x4004000000, recv=0x4004000000, cnt=67108864, root=-1, peer=-1, stream=0x592d9cce12e0, data=float, op=sum, group=0, num_host=1, algo=ring
[11:55:00][ddbff3a86679][22:164][DBG][XCCL][kl3_all_reduce.cpp:94] send buf addr 0x4004000000/0x402408e000 count 12
[11:55:00][ddbff3a86679][22:22][DBG][XCCL][helper.cpp:301] all_reduce: ctx=0x592d9ccea130, seq_id=603, rank=1, nranks=2, dev=1, send=0x4004000000, recv=0x4004000000, cnt=67108864, root=-1, peer=-1, stream=0x592d9cce12e0, data=float, op=sum, group=0, num_host=1, algo=ring
[11:55:00][ddbff3a86679][22:164][DBG][XCCL][kl3_all_reduce.cpp:94] send buf addr 0x4004000000/0x402408e000 count 12
[11:55:00][ddbff3a86679][22:22][DBG][XCCL][helper.cpp:301] all_reduce: ctx=0x592d9ccea130, seq_id=604, rank=1, nranks=2, dev=1, send=0x4004000000, recv=0x4004000000, cnt=67108864, root=-1, peer=-1, stream=0x592d9cce12e0, data=float, op=sum, group=0, num_host=1, algo=ring
[11:55:00][ddbff3a86679][22:164][DBG][XCCL][kl3_all_reduce.cpp:94] send buf addr 0x4004000000/0x402408e000 count 12
[11:55:00][ddbff3a86679][22:22][DBG][XCCL][helper.cpp:301] all_reduce: ctx=0x592d9ccea130, seq_id=605, rank=1, nranks=2, dev=1, send=0x4004000000, recv=0x4004000000, cnt=67108864, root=-1, peer=-1, stream=0x592d9cce12e0, data=float, op=sum, group=0, num_host=1, algo=ring
[11:55:00][ddbff3a86679][22:164][DBG][XCCL][kl3_all_reduce.cpp:94] send buf addr 0x4004000000/0x402408e000 count 12
[11:55:00][ddbff3a86679][22:22][DBG][XCCL][helper.cpp:301] all_reduce: ctx=0x592d9ccea130, seq_id=606, rank=1, nranks=2, dev=1, send=0x4004000000, recv=0x4004000000, cnt=67108864, root=-1, peer=-1, stream=0x592d9cce12e0, data=float, op=sum, group=0, num_host=1, algo=ring
[11:55:00][ddbff3a86679][22:164][DBG][XCCL][kl3_all_reduce.cpp:94] send buf addr 0x4004000000/0x402408e000 count 12
[11:55:00][ddbff3a86679][22:22][DBG][XCCL][helper.cpp:301] all_reduce: ctx=0x592d9ccea130, seq_id=607, rank=1, nranks=2, dev=1, send=0x4004000000, recv=0x4004000000, cnt=67108864, root=-1, peer=-1, stream=0x592d9cce12e0, data=float, op=sum, group=0, num_host=1, algo=ring
[11:55:00][ddbff3a86679][22:164][DBG][XCCL][kl3_all_reduce.cpp:94] send buf addr 0x4004000000/0x402408e000 count 12
[11:55:00][ddbff3a86679][22:22][DBG][XCCL][helper.cpp:301] all_reduce: ctx=0x592d9ccea130, seq_id=608, rank=1, nranks=2, dev=1, send=0x4004000000, recv=0x4004000000, cnt=67108864, root=-1, peer=-1, stream=0x592d9cce12e0, data=float, op=sum, group=0, num_host=1, algo=ring
[11:55:00][ddbff3a86679][22:164][DBG][XCCL][kl3_all_reduce.cpp:94] send buf addr 0x4004000000/0x402408e000 count 12
[11:55:00][ddbff3a86679][22:22][DBG][XCCL][helper.cpp:301] all_reduce: ctx=0x592d9ccea130, seq_id=609, rank=1, nranks=2, dev=1, send=0x4004000000, recv=0x4004000000, cnt=67108864, root=-1, peer=-1, stream=0x592d9cce12e0, data=float, op=sum, group=0, num_host=1, algo=ring
[11:55:00][ddbff3a86679][22:164][DBG][XCCL][kl3_all_reduce.cpp:94] send buf addr 0x4004000000/0x402408e000 count 12
[11:55:00][ddbff3a86679][22:22][DBG][XCCL][helper.cpp:301] all_reduce: ctx=0x592d9ccea130, seq_id=610, rank=1, nranks=2, dev=1, send=0x4004000000, recv=0x4004000000, cnt=67108864, root=-1, peer=-1, stream=0x592d9cce12e0, data=float, op=sum, group=0, num_host=1, algo=ring
[11:55:00][ddbff3a86679][22:164][DBG][XCCL][kl3_all_reduce.cpp:94] send buf addr 0x4004000000/0x402408e000 count 12
[11:55:00][ddbff3a86679][22:22][DBG][XCCL][helper.cpp:301] all_reduce: ctx=0x592d9ccea130, seq_id=611, rank=1, nranks=2, dev=1, send=0x4004000000, recv=0x4004000000, cnt=67108864, root=-1, peer=-1, stream=0x592d9cce12e0, data=float, op=sum, group=0, num_host=1, algo=ring
[11:55:00][ddbff3a86679][22:164][DBG][XCCL][kl3_all_reduce.cpp:94] send buf addr 0x4004000000/0x402408e000 count 12
[11:55:00][ddbff3a86679][22:22][DBG][XCCL][helper.cpp:301] all_reduce: ctx=0x592d9ccea130, seq_id=612, rank=1, nranks=2, dev=1, send=0x4004000000, recv=0x4004000000, cnt=67108864, root=-1, peer=-1, stream=0x592d9cce12e0, data=float, op=sum, group=0, num_host=1, algo=ring
[11:55:00][ddbff3a86679][22:164][DBG][XCCL][kl3_all_reduce.cpp:94] send buf addr 0x4004000000/0x402408e000 count 12
[11:55:00][ddbff3a86679][22:22][DBG][XCCL][helper.cpp:301] all_reduce: ctx=0x592d9ccea130, seq_id=613, rank=1, nranks=2, dev=1, send=0x4004000000, recv=0x4004000000, cnt=67108864, root=-1, peer=-1, stream=0x592d9cce12e0, data=float, op=sum, group=0, num_host=1, algo=ring
[11:55:00][ddbff3a86679][22:164][DBG][XCCL][kl3_all_reduce.cpp:94] send buf addr 0x4004000000/0x402408e000 count 12
[11:55:00][ddbff3a86679][22:22][DBG][XCCL][helper.cpp:301] all_reduce: ctx=0x592d9ccea130, seq_id=614, rank=1, nranks=2, dev=1, send=0x4004000000, recv=0x4004000000, cnt=67108864, root=-1, peer=-1, stream=0x592d9cce12e0, data=float, op=sum, group=0, num_host=1, algo=ring
[11:55:00][ddbff3a86679][22:164][DBG][XCCL][kl3_all_reduce.cpp:94] send buf addr 0x4004000000/0x402408e000 count 12
[11:55:00][ddbff3a86679][22:22][DBG][XCCL][helper.cpp:301] all_reduce: ctx=0x592d9ccea130, seq_id=615, rank=1, nranks=2, dev=1, send=0x4004000000, recv=0x4004000000, cnt=67108864, root=-1, peer=-1, stream=0x592d9cce12e0, data=float, op=sum, group=0, num_host=1, algo=ring
[11:55:00][ddbff3a86679][22:164][DBG][XCCL][kl3_all_reduce.cpp:94] send buf addr 0x4004000000/0x402408e000 count 12
[11:55:00][ddbff3a86679][22:22][DBG][XCCL][helper.cpp:301] all_reduce: ctx=0x592d9ccea130, seq_id=616, rank=1, nranks=2, dev=1, send=0x4004000000, recv=0x4004000000, cnt=67108864, root=-1, peer=-1, stream=0x592d9cce12e0, data=float, op=sum, group=0, num_host=1, algo=ring
[11:55:00][ddbff3a86679][22:164][DBG][XCCL][kl3_all_reduce.cpp:94] send buf addr 0x4004000000/0x402408e000 count 12
[11:55:00][ddbff3a86679][22:22][DBG][XCCL][helper.cpp:301] all_reduce: ctx=0x592d9ccea130, seq_id=617, rank=1, nranks=2, dev=1, send=0x4004000000, recv=0x4004000000, cnt=67108864, root=-1, peer=-1, stream=0x592d9cce12e0, data=float, op=sum, group=0, num_host=1, algo=ring
[11:55:00][ddbff3a86679][22:164][DBG][XCCL][kl3_all_reduce.cpp:94] send buf addr 0x4004000000/0x402408e000 count 12
[11:55:00][ddbff3a86679][22:22][DBG][XCCL][helper.cpp:301] all_reduce: ctx=0x592d9ccea130, seq_id=618, rank=1, nranks=2, dev=1, send=0x4004000000, recv=0x4004000000, cnt=67108864, root=-1, peer=-1, stream=0x592d9cce12e0, data=float, op=sum, group=0, num_host=1, algo=ring
[11:55:00][ddbff3a86679][22:164][DBG][XCCL][kl3_all_reduce.cpp:94] send buf addr 0x4004000000/0x402408e000 count 12
[11:55:00][ddbff3a86679][22:22][DBG][XCCL][helper.cpp:301] all_reduce: ctx=0x592d9ccea130, seq_id=619, rank=1, nranks=2, dev=1, send=0x4004000000, recv=0x4004000000, cnt=67108864, root=-1, peer=-1, stream=0x592d9cce12e0, data=float, op=sum, group=0, num_host=1, algo=ring
[11:55:00][ddbff3a86679][22:164][DBG][XCCL][kl3_all_reduce.cpp:94] send buf addr 0x4004000000/0x402408e000 count 12
[11:55:00][ddbff3a86679][22:22][DBG][XCCL][helper.cpp:301] all_reduce: ctx=0x592d9ccea130, seq_id=620, rank=1, nranks=2, dev=1, send=0x4004000000, recv=0x4004000000, cnt=67108864, root=-1, peer=-1, stream=0x592d9cce12e0, data=float, op=sum, group=0, num_host=1, algo=ring
[11:55:00][ddbff3a86679][22:164][DBG][XCCL][kl3_all_reduce.cpp:94] send buf addr 0x4004000000/0x402408e000 count 12
[11:55:00][ddbff3a86679][22:22][DBG][XCCL][helper.cpp:301] all_reduce: ctx=0x592d9ccea130, seq_id=621, rank=1, nranks=2, dev=1, send=0x4004000000, recv=0x4004000000, cnt=67108864, root=-1, peer=-1, stream=0x592d9cce12e0, data=float, op=sum, group=0, num_host=1, algo=ring
[11:55:00][ddbff3a86679][22:164][DBG][XCCL][kl3_all_reduce.cpp:94] send buf addr 0x4004000000/0x402408e000 count 12
[11:55:00][ddbff3a86679][22:22][DBG][XCCL][helper.cpp:301] all_reduce: ctx=0x592d9ccea130, seq_id=622, rank=1, nranks=2, dev=1, send=0x4004000000, recv=0x4004000000, cnt=67108864, root=-1, peer=-1, stream=0x592d9cce12e0, data=float, op=sum, group=0, num_host=1, algo=ring
[11:55:00][ddbff3a86679][22:164][DBG][XCCL][kl3_all_reduce.cpp:94] send buf addr 0x4004000000/0x402408e000 count 12
[11:55:00][ddbff3a86679][22:22][DBG][XCCL][helper.cpp:301] all_reduce: ctx=0x592d9ccea130, seq_id=623, rank=1, nranks=2, dev=1, send=0x4004000000, recv=0x4004000000, cnt=67108864, root=-1, peer=-1, stream=0x592d9cce12e0, data=float, op=sum, group=0, num_host=1, algo=ring
[11:55:00][ddbff3a86679][22:164][DBG][XCCL][kl3_all_reduce.cpp:94] send buf addr 0x4004000000/0x402408e000 count 12
[11:55:00][ddbff3a86679][22:22][DBG][XCCL][helper.cpp:301] all_reduce: ctx=0x592d9ccea130, seq_id=624, rank=1, nranks=2, dev=1, send=0x4004000000, recv=0x4004000000, cnt=67108864, root=-1, peer=-1, stream=0x592d9cce12e0, data=float, op=sum, group=0, num_host=1, algo=ring
[11:55:00][ddbff3a86679][22:164][DBG][XCCL][kl3_all_reduce.cpp:94] send buf addr 0x4004000000/0x402408e000 count 12
[11:55:00][ddbff3a86679][22:22][DBG][XCCL][helper.cpp:301] all_reduce: ctx=0x592d9ccea130, seq_id=625, rank=1, nranks=2, dev=1, send=0x4004000000, recv=0x4004000000, cnt=67108864, root=-1, peer=-1, stream=0x592d9cce12e0, data=float, op=sum, group=0, num_host=1, algo=ring
[11:55:00][ddbff3a86679][22:164][DBG][XCCL][kl3_all_reduce.cpp:94] send buf addr 0x4004000000/0x402408e000 count 12
[11:55:00][ddbff3a86679][22:22][DBG][XCCL][helper.cpp:301] all_reduce: ctx=0x592d9ccea130, seq_id=626, rank=1, nranks=2, dev=1, send=0x4004000000, recv=0x4004000000, cnt=67108864, root=-1, peer=-1, stream=0x592d9cce12e0, data=float, op=sum, group=0, num_host=1, algo=ring
[11:55:00][ddbff3a86679][22:164][DBG][XCCL][kl3_all_reduce.cpp:94] send buf addr 0x4004000000/0x402408e000 count 12
[11:55:00][ddbff3a86679][22:22][DBG][XCCL][helper.cpp:301] all_reduce: ctx=0x592d9ccea130, seq_id=627, rank=1, nranks=2, dev=1, send=0x4004000000, recv=0x4004000000, cnt=67108864, root=-1, peer=-1, stream=0x592d9cce12e0, data=float, op=sum, group=0, num_host=1, algo=ring
[11:55:00][ddbff3a86679][22:164][DBG][XCCL][kl3_all_reduce.cpp:94] send buf addr 0x4004000000/0x402408e000 count 12
[11:55:00][ddbff3a86679][22:22][DBG][XCCL][helper.cpp:301] all_reduce: ctx=0x592d9ccea130, seq_id=628, rank=1, nranks=2, dev=1, send=0x4004000000, recv=0x4004000000, cnt=67108864, root=-1, peer=-1, stream=0x592d9cce12e0, data=float, op=sum, group=0, num_host=1, algo=ring
[11:55:00][ddbff3a86679][22:164][DBG][XCCL][kl3_all_reduce.cpp:94] send buf addr 0x4004000000/0x402408e000 count 12
[11:55:00][ddbff3a86679][22:22][DBG][XCCL][helper.cpp:301] all_reduce: ctx=0x592d9ccea130, seq_id=629, rank=1, nranks=2, dev=1, send=0x4004000000, recv=0x4004000000, cnt=67108864, root=-1, peer=-1, stream=0x592d9cce12e0, data=float, op=sum, group=0, num_host=1, algo=ring
[11:55:00][ddbff3a86679][22:164][DBG][XCCL][kl3_all_reduce.cpp:94] send buf addr 0x4004000000/0x402408e000 count 12
[11:55:00][ddbff3a86679][22:22][DBG][XCCL][helper.cpp:301] all_reduce: ctx=0x592d9ccea130, seq_id=630, rank=1, nranks=2, dev=1, send=0x4004000000, recv=0x4004000000, cnt=67108864, root=-1, peer=-1, stream=0x592d9cce12e0, data=float, op=sum, group=0, num_host=1, algo=ring
[11:55:00][ddbff3a86679][22:164][DBG][XCCL][kl3_all_reduce.cpp:94] send buf addr 0x4004000000/0x402408e000 count 12
[11:55:00][ddbff3a86679][22:22][DBG][XCCL][helper.cpp:301] all_reduce: ctx=0x592d9ccea130, seq_id=631, rank=1, nranks=2, dev=1, send=0x4004000000, recv=0x4004000000, cnt=67108864, root=-1, peer=-1, stream=0x592d9cce12e0, data=float, op=sum, group=0, num_host=1, algo=ring
[11:55:00][ddbff3a86679][22:164][DBG][XCCL][kl3_all_reduce.cpp:94] send buf addr 0x4004000000/0x402408e000 count 12
[11:55:00][ddbff3a86679][22:22][DBG][XCCL][helper.cpp:301] all_reduce: ctx=0x592d9ccea130, seq_id=632, rank=1, nranks=2, dev=1, send=0x4004000000, recv=0x4004000000, cnt=67108864, root=-1, peer=-1, stream=0x592d9cce12e0, data=float, op=sum, group=0, num_host=1, algo=ring
[11:55:00][ddbff3a86679][22:164][DBG][XCCL][kl3_all_reduce.cpp:94] send buf addr 0x4004000000/0x402408e000 count 12
[11:55:00][ddbff3a86679][22:22][DBG][XCCL][helper.cpp:301] all_reduce: ctx=0x592d9ccea130, seq_id=633, rank=1, nranks=2, dev=1, send=0x4004000000, recv=0x4004000000, cnt=67108864, root=-1, peer=-1, stream=0x592d9cce12e0, data=float, op=sum, group=0, num_host=1, algo=ring
[11:55:00][ddbff3a86679][22:164][DBG][XCCL][kl3_all_reduce.cpp:94] send buf addr 0x4004000000/0x402408e000 count 12
[11:55:00][ddbff3a86679][22:22][DBG][XCCL][helper.cpp:301] all_reduce: ctx=0x592d9ccea130, seq_id=634, rank=1, nranks=2, dev=1, send=0x4004000000, recv=0x4004000000, cnt=67108864, root=-1, peer=-1, stream=0x592d9cce12e0, data=float, op=sum, group=0, num_host=1, algo=ring
[11:55:00][ddbff3a86679][22:164][DBG][XCCL][kl3_all_reduce.cpp:94] send buf addr 0x4004000000/0x402408e000 count 12
[11:55:00][ddbff3a86679][22:22][DBG][XCCL][helper.cpp:301] all_reduce: ctx=0x592d9ccea130, seq_id=635, rank=1, nranks=2, dev=1, send=0x4004000000, recv=0x4004000000, cnt=67108864, root=-1, peer=-1, stream=0x592d9cce12e0, data=float, op=sum, group=0, num_host=1, algo=ring
[11:55:00][ddbff3a86679][22:164][DBG][XCCL][kl3_all_reduce.cpp:94] send buf addr 0x4004000000/0x402408e000 count 12
[11:55:00][ddbff3a86679][22:22][DBG][XCCL][helper.cpp:301] all_reduce: ctx=0x592d9ccea130, seq_id=636, rank=1, nranks=2, dev=1, send=0x4004000000, recv=0x4004000000, cnt=67108864, root=-1, peer=-1, stream=0x592d9cce12e0, data=float, op=sum, group=0, num_host=1, algo=ring
[11:55:00][ddbff3a86679][22:164][DBG][XCCL][kl3_all_reduce.cpp:94] send buf addr 0x4004000000/0x402408e000 count 12
[11:55:00][ddbff3a86679][22:22][DBG][XCCL][helper.cpp:301] all_reduce: ctx=0x592d9ccea130, seq_id=637, rank=1, nranks=2, dev=1, send=0x4004000000, recv=0x4004000000, cnt=67108864, root=-1, peer=-1, stream=0x592d9cce12e0, data=float, op=sum, group=0, num_host=1, algo=ring
[11:55:00][ddbff3a86679][22:164][DBG][XCCL][kl3_all_reduce.cpp:94] send buf addr 0x4004000000/0x402408e000 count 12
[11:55:00][ddbff3a86679][22:22][DBG][XCCL][helper.cpp:301] all_reduce: ctx=0x592d9ccea130, seq_id=638, rank=1, nranks=2, dev=1, send=0x4004000000, recv=0x4004000000, cnt=67108864, root=-1, peer=-1, stream=0x592d9cce12e0, data=float, op=sum, group=0, num_host=1, algo=ring
[11:55:00][ddbff3a86679][22:164][DBG][XCCL][kl3_all_reduce.cpp:94] send buf addr 0x4004000000/0x402408e000 count 12
[11:55:00][ddbff3a86679][22:22][DBG][XCCL][helper.cpp:301] all_reduce: ctx=0x592d9ccea130, seq_id=639, rank=1, nranks=2, dev=1, send=0x4004000000, recv=0x4004000000, cnt=67108864, root=-1, peer=-1, stream=0x592d9cce12e0, data=float, op=sum, group=0, num_host=1, algo=ring
[11:55:00][ddbff3a86679][22:164][DBG][XCCL][kl3_all_reduce.cpp:94] send buf addr 0x4004000000/0x402408e000 count 12
[11:55:00][ddbff3a86679][22:22][DBG][XCCL][helper.cpp:301] all_reduce: ctx=0x592d9ccea130, seq_id=640, rank=1, nranks=2, dev=1, send=0x4004000000, recv=0x4004000000, cnt=67108864, root=-1, peer=-1, stream=0x592d9cce12e0, data=float, op=sum, group=0, num_host=1, algo=ring
[11:55:00][ddbff3a86679][22:164][DBG][XCCL][kl3_all_reduce.cpp:94] send buf addr 0x4004000000/0x402408e000 count 12
[11:55:00][ddbff3a86679][22:22][DBG][XCCL][helper.cpp:301] all_reduce: ctx=0x592d9ccea130, seq_id=641, rank=1, nranks=2, dev=1, send=0x4004000000, recv=0x4004000000, cnt=67108864, root=-1, peer=-1, stream=0x592d9cce12e0, data=float, op=sum, group=0, num_host=1, algo=ring
[11:55:00][ddbff3a86679][22:164][DBG][XCCL][kl3_all_reduce.cpp:94] send buf addr 0x4004000000/0x402408e000 count 12
[11:55:00][ddbff3a86679][22:22][DBG][XCCL][helper.cpp:301] all_reduce: ctx=0x592d9ccea130, seq_id=642, rank=1, nranks=2, dev=1, send=0x4004000000, recv=0x4004000000, cnt=67108864, root=-1, peer=-1, stream=0x592d9cce12e0, data=float, op=sum, group=0, num_host=1, algo=ring
[11:55:00][ddbff3a86679][22:164][DBG][XCCL][kl3_all_reduce.cpp:94] send buf addr 0x4004000000/0x402408e000 count 12
[11:55:00][ddbff3a86679][22:22][DBG][XCCL][helper.cpp:301] all_reduce: ctx=0x592d9ccea130, seq_id=643, rank=1, nranks=2, dev=1, send=0x4004000000, recv=0x4004000000, cnt=67108864, root=-1, peer=-1, stream=0x592d9cce12e0, data=float, op=sum, group=0, num_host=1, algo=ring
[11:55:00][ddbff3a86679][22:164][DBG][XCCL][kl3_all_reduce.cpp:94] send buf addr 0x4004000000/0x402408e000 count 12
[11:55:00][ddbff3a86679][22:22][DBG][XCCL][helper.cpp:301] all_reduce: ctx=0x592d9ccea130, seq_id=644, rank=1, nranks=2, dev=1, send=0x4004000000, recv=0x4004000000, cnt=67108864, root=-1, peer=-1, stream=0x592d9cce12e0, data=float, op=sum, group=0, num_host=1, algo=ring
[11:55:00][ddbff3a86679][22:164][DBG][XCCL][kl3_all_reduce.cpp:94] send buf addr 0x4004000000/0x402408e000 count 12
[11:55:00][ddbff3a86679][22:22][DBG][XCCL][helper.cpp:301] all_reduce: ctx=0x592d9ccea130, seq_id=645, rank=1, nranks=2, dev=1, send=0x4004000000, recv=0x4004000000, cnt=67108864, root=-1, peer=-1, stream=0x592d9cce12e0, data=float, op=sum, group=0, num_host=1, algo=ring
[11:55:00][ddbff3a86679][22:164][DBG][XCCL][kl3_all_reduce.cpp:94] send buf addr 0x4004000000/0x402408e000 count 12
[11:55:00][ddbff3a86679][22:22][DBG][XCCL][helper.cpp:301] all_reduce: ctx=0x592d9ccea130, seq_id=646, rank=1, nranks=2, dev=1, send=0x4004000000, recv=0x4004000000, cnt=67108864, root=-1, peer=-1, stream=0x592d9cce12e0, data=float, op=sum, group=0, num_host=1, algo=ring
[11:55:00][ddbff3a86679][22:164][DBG][XCCL][kl3_all_reduce.cpp:94] send buf addr 0x4004000000/0x402408e000 count 12
[11:55:00][ddbff3a86679][22:22][DBG][XCCL][helper.cpp:301] all_reduce: ctx=0x592d9ccea130, seq_id=647, rank=1, nranks=2, dev=1, send=0x4004000000, recv=0x4004000000, cnt=67108864, root=-1, peer=-1, stream=0x592d9cce12e0, data=float, op=sum, group=0, num_host=1, algo=ring
[11:55:00][ddbff3a86679][22:164][DBG][XCCL][kl3_all_reduce.cpp:94] send buf addr 0x4004000000/0x402408e000 count 12
[11:55:00][ddbff3a86679][22:22][DBG][XCCL][helper.cpp:301] all_reduce: ctx=0x592d9ccea130, seq_id=648, rank=1, nranks=2, dev=1, send=0x4004000000, recv=0x4004000000, cnt=67108864, root=-1, peer=-1, stream=0x592d9cce12e0, data=float, op=sum, group=0, num_host=1, algo=ring
[11:55:00][ddbff3a86679][22:164][DBG][XCCL][kl3_all_reduce.cpp:94] send buf addr 0x4004000000/0x402408e000 count 12
[11:55:00][ddbff3a86679][22:22][DBG][XCCL][helper.cpp:301] all_reduce: ctx=0x592d9ccea130, seq_id=649, rank=1, nranks=2, dev=1, send=0x4004000000, recv=0x4004000000, cnt=67108864, root=-1, peer=-1, stream=0x592d9cce12e0, data=float, op=sum, group=0, num_host=1, algo=ring
[11:55:00][ddbff3a86679][22:164][DBG][XCCL][kl3_all_reduce.cpp:94] send buf addr 0x4004000000/0x402408e000 count 12
[11:55:00][ddbff3a86679][22:22][DBG][XCCL][helper.cpp:301] all_reduce: ctx=0x592d9ccea130, seq_id=650, rank=1, nranks=2, dev=1, send=0x4004000000, recv=0x4004000000, cnt=67108864, root=-1, peer=-1, stream=0x592d9cce12e0, data=float, op=sum, group=0, num_host=1, algo=ring
[11:55:00][ddbff3a86679][22:164][DBG][XCCL][kl3_all_reduce.cpp:94] send buf addr 0x4004000000/0x402408e000 count 12
[11:55:00][ddbff3a86679][22:22][DBG][XCCL][helper.cpp:301] all_reduce: ctx=0x592d9ccea130, seq_id=651, rank=1, nranks=2, dev=1, send=0x4004000000, recv=0x4004000000, cnt=67108864, root=-1, peer=-1, stream=0x592d9cce12e0, data=float, op=sum, group=0, num_host=1, algo=ring
[11:55:00][ddbff3a86679][22:164][DBG][XCCL][kl3_all_reduce.cpp:94] send buf addr 0x4004000000/0x402408e000 count 12
[11:55:00][ddbff3a86679][22:22][DBG][XCCL][helper.cpp:301] all_reduce: ctx=0x592d9ccea130, seq_id=652, rank=1, nranks=2, dev=1, send=0x4004000000, recv=0x4004000000, cnt=67108864, root=-1, peer=-1, stream=0x592d9cce12e0, data=float, op=sum, group=0, num_host=1, algo=ring
[11:55:00][ddbff3a86679][22:164][DBG][XCCL][kl3_all_reduce.cpp:94] send buf addr 0x4004000000/0x402408e000 count 12
[11:55:00][ddbff3a86679][22:22][DBG][XCCL][helper.cpp:301] all_reduce: ctx=0x592d9ccea130, seq_id=653, rank=1, nranks=2, dev=1, send=0x4004000000, recv=0x4004000000, cnt=67108864, root=-1, peer=-1, stream=0x592d9cce12e0, data=float, op=sum, group=0, num_host=1, algo=ring
[11:55:00][ddbff3a86679][22:164][DBG][XCCL][kl3_all_reduce.cpp:94] send buf addr 0x4004000000/0x402408e000 count 12
[11:55:00][ddbff3a86679][22:22][DBG][XCCL][helper.cpp:301] all_reduce: ctx=0x592d9ccea130, seq_id=654, rank=1, nranks=2, dev=1, send=0x4004000000, recv=0x4004000000, cnt=67108864, root=-1, peer=-1, stream=0x592d9cce12e0, data=float, op=sum, group=0, num_host=1, algo=ring
[11:55:00][ddbff3a86679][22:164][DBG][XCCL][kl3_all_reduce.cpp:94] send buf addr 0x4004000000/0x402408e000 count 12
[11:55:00][ddbff3a86679][22:22][DBG][XCCL][helper.cpp:301] all_reduce: ctx=0x592d9ccea130, seq_id=655, rank=1, nranks=2, dev=1, send=0x4004000000, recv=0x4004000000, cnt=67108864, root=-1, peer=-1, stream=0x592d9cce12e0, data=float, op=sum, group=0, num_host=1, algo=ring
[11:55:00][ddbff3a86679][22:164][DBG][XCCL][kl3_all_reduce.cpp:94] send buf addr 0x4004000000/0x402408e000 count 12
[11:55:00][ddbff3a86679][22:22][DBG][XCCL][helper.cpp:301] all_reduce: ctx=0x592d9ccea130, seq_id=656, rank=1, nranks=2, dev=1, send=0x4004000000, recv=0x4004000000, cnt=67108864, root=-1, peer=-1, stream=0x592d9cce12e0, data=float, op=sum, group=0, num_host=1, algo=ring
[11:55:00][ddbff3a86679][22:164][DBG][XCCL][kl3_all_reduce.cpp:94] send buf addr 0x4004000000/0x402408e000 count 12
[11:55:00][ddbff3a86679][22:22][DBG][XCCL][helper.cpp:301] all_reduce: ctx=0x592d9ccea130, seq_id=657, rank=1, nranks=2, dev=1, send=0x4004000000, recv=0x4004000000, cnt=67108864, root=-1, peer=-1, stream=0x592d9cce12e0, data=float, op=sum, group=0, num_host=1, algo=ring
[11:55:00][ddbff3a86679][22:164][DBG][XCCL][kl3_all_reduce.cpp:94] send buf addr 0x4004000000/0x402408e000 count 12
[11:55:00][ddbff3a86679][22:22][DBG][XCCL][helper.cpp:301] all_reduce: ctx=0x592d9ccea130, seq_id=658, rank=1, nranks=2, dev=1, send=0x4004000000, recv=0x4004000000, cnt=67108864, root=-1, peer=-1, stream=0x592d9cce12e0, data=float, op=sum, group=0, num_host=1, algo=ring
[11:55:00][ddbff3a86679][22:164][DBG][XCCL][kl3_all_reduce.cpp:94] send buf addr 0x4004000000/0x402408e000 count 12
[11:55:00][ddbff3a86679][22:22][DBG][XCCL][helper.cpp:301] all_reduce: ctx=0x592d9ccea130, seq_id=659, rank=1, nranks=2, dev=1, send=0x4004000000, recv=0x4004000000, cnt=67108864, root=-1, peer=-1, stream=0x592d9cce12e0, data=float, op=sum, group=0, num_host=1, algo=ring
[11:55:00][ddbff3a86679][22:164][DBG][XCCL][kl3_all_reduce.cpp:94] send buf addr 0x4004000000/0x402408e000 count 12
[11:55:00][ddbff3a86679][22:22][DBG][XCCL][helper.cpp:301] all_reduce: ctx=0x592d9ccea130, seq_id=660, rank=1, nranks=2, dev=1, send=0x4004000000, recv=0x4004000000, cnt=67108864, root=-1, peer=-1, stream=0x592d9cce12e0, data=float, op=sum, group=0, num_host=1, algo=ring
[11:55:00][ddbff3a86679][22:164][DBG][XCCL][kl3_all_reduce.cpp:94] send buf addr 0x4004000000/0x402408e000 count 12
[11:55:00][ddbff3a86679][22:22][DBG][XCCL][helper.cpp:301] all_reduce: ctx=0x592d9ccea130, seq_id=661, rank=1, nranks=2, dev=1, send=0x4004000000, recv=0x4004000000, cnt=67108864, root=-1, peer=-1, stream=0x592d9cce12e0, data=float, op=sum, group=0, num_host=1, algo=ring
[11:55:00][ddbff3a86679][22:164][DBG][XCCL][kl3_all_reduce.cpp:94] send buf addr 0x4004000000/0x402408e000 count 12
[11:55:00][ddbff3a86679][22:22][DBG][XCCL][helper.cpp:301] all_reduce: ctx=0x592d9ccea130, seq_id=662, rank=1, nranks=2, dev=1, send=0x4004000000, recv=0x4004000000, cnt=67108864, root=-1, peer=-1, stream=0x592d9cce12e0, data=float, op=sum, group=0, num_host=1, algo=ring
[11:55:00][ddbff3a86679][22:164][DBG][XCCL][kl3_all_reduce.cpp:94] send buf addr 0x4004000000/0x402408e000 count 12
[11:55:00][ddbff3a86679][22:22][DBG][XCCL][helper.cpp:301] all_reduce: ctx=0x592d9ccea130, seq_id=663, rank=1, nranks=2, dev=1, send=0x4004000000, recv=0x4004000000, cnt=67108864, root=-1, peer=-1, stream=0x592d9cce12e0, data=float, op=sum, group=0, num_host=1, algo=ring
[11:55:00][ddbff3a86679][22:164][DBG][XCCL][kl3_all_reduce.cpp:94] send buf addr 0x4004000000/0x402408e000 count 12
[11:55:00][ddbff3a86679][22:22][DBG][XCCL][helper.cpp:301] all_reduce: ctx=0x592d9ccea130, seq_id=664, rank=1, nranks=2, dev=1, send=0x4004000000, recv=0x4004000000, cnt=67108864, root=-1, peer=-1, stream=0x592d9cce12e0, data=float, op=sum, group=0, num_host=1, algo=ring
[11:55:00][ddbff3a86679][22:164][DBG][XCCL][kl3_all_reduce.cpp:94] send buf addr 0x4004000000/0x402408e000 count 12
[11:55:00][ddbff3a86679][22:22][DBG][XCCL][helper.cpp:301] all_reduce: ctx=0x592d9ccea130, seq_id=665, rank=1, nranks=2, dev=1, send=0x4004000000, recv=0x4004000000, cnt=67108864, root=-1, peer=-1, stream=0x592d9cce12e0, data=float, op=sum, group=0, num_host=1, algo=ring
[11:55:00][ddbff3a86679][22:164][DBG][XCCL][kl3_all_reduce.cpp:94] send buf addr 0x4004000000/0x402408e000 count 12
[11:55:00][ddbff3a86679][22:22][DBG][XCCL][helper.cpp:301] all_reduce: ctx=0x592d9ccea130, seq_id=666, rank=1, nranks=2, dev=1, send=0x4004000000, recv=0x4004000000, cnt=67108864, root=-1, peer=-1, stream=0x592d9cce12e0, data=float, op=sum, group=0, num_host=1, algo=ring
[11:55:00][ddbff3a86679][22:164][DBG][XCCL][kl3_all_reduce.cpp:94] send buf addr 0x4004000000/0x402408e000 count 12
[11:55:00][ddbff3a86679][22:22][DBG][XCCL][helper.cpp:301] all_reduce: ctx=0x592d9ccea130, seq_id=667, rank=1, nranks=2, dev=1, send=0x4004000000, recv=0x4004000000, cnt=67108864, root=-1, peer=-1, stream=0x592d9cce12e0, data=float, op=sum, group=0, num_host=1, algo=ring
[11:55:00][ddbff3a86679][22:164][DBG][XCCL][kl3_all_reduce.cpp:94] send buf addr 0x4004000000/0x402408e000 count 12
[11:55:00][ddbff3a86679][22:22][DBG][XCCL][helper.cpp:301] all_reduce: ctx=0x592d9ccea130, seq_id=668, rank=1, nranks=2, dev=1, send=0x4004000000, recv=0x4004000000, cnt=67108864, root=-1, peer=-1, stream=0x592d9cce12e0, data=float, op=sum, group=0, num_host=1, algo=ring
[11:55:00][ddbff3a86679][22:164][DBG][XCCL][kl3_all_reduce.cpp:94] send buf addr 0x4004000000/0x402408e000 count 12
[11:55:00][ddbff3a86679][22:22][DBG][XCCL][helper.cpp:301] all_reduce: ctx=0x592d9ccea130, seq_id=669, rank=1, nranks=2, dev=1, send=0x4004000000, recv=0x4004000000, cnt=67108864, root=-1, peer=-1, stream=0x592d9cce12e0, data=float, op=sum, group=0, num_host=1, algo=ring
[11:55:00][ddbff3a86679][22:164][DBG][XCCL][kl3_all_reduce.cpp:94] send buf addr 0x4004000000/0x402408e000 count 12
[11:55:00][ddbff3a86679][22:22][DBG][XCCL][helper.cpp:301] all_reduce: ctx=0x592d9ccea130, seq_id=670, rank=1, nranks=2, dev=1, send=0x4004000000, recv=0x4004000000, cnt=67108864, root=-1, peer=-1, stream=0x592d9cce12e0, data=float, op=sum, group=0, num_host=1, algo=ring
[11:55:00][ddbff3a86679][22:164][DBG][XCCL][kl3_all_reduce.cpp:94] send buf addr 0x4004000000/0x402408e000 count 12
[11:55:00][ddbff3a86679][22:22][DBG][XCCL][helper.cpp:301] all_reduce: ctx=0x592d9ccea130, seq_id=671, rank=1, nranks=2, dev=1, send=0x4004000000, recv=0x4004000000, cnt=67108864, root=-1, peer=-1, stream=0x592d9cce12e0, data=float, op=sum, group=0, num_host=1, algo=ring
[11:55:00][ddbff3a86679][22:164][DBG][XCCL][kl3_all_reduce.cpp:94] send buf addr 0x4004000000/0x402408e000 count 12
[11:55:00][ddbff3a86679][22:22][DBG][XCCL][helper.cpp:301] all_reduce: ctx=0x592d9ccea130, seq_id=672, rank=1, nranks=2, dev=1, send=0x4004000000, recv=0x4004000000, cnt=67108864, root=-1, peer=-1, stream=0x592d9cce12e0, data=float, op=sum, group=0, num_host=1, algo=ring
[11:55:00][ddbff3a86679][22:164][DBG][XCCL][kl3_all_reduce.cpp:94] send buf addr 0x4004000000/0x402408e000 count 12
[11:55:00][ddbff3a86679][22:22][DBG][XCCL][helper.cpp:301] all_reduce: ctx=0x592d9ccea130, seq_id=673, rank=1, nranks=2, dev=1, send=0x4004000000, recv=0x4004000000, cnt=67108864, root=-1, peer=-1, stream=0x592d9cce12e0, data=float, op=sum, group=0, num_host=1, algo=ring
[11:55:00][ddbff3a86679][22:164][DBG][XCCL][kl3_all_reduce.cpp:94] send buf addr 0x4004000000/0x402408e000 count 12
[11:55:00][ddbff3a86679][22:22][DBG][XCCL][helper.cpp:301] all_reduce: ctx=0x592d9ccea130, seq_id=674, rank=1, nranks=2, dev=1, send=0x4004000000, recv=0x4004000000, cnt=67108864, root=-1, peer=-1, stream=0x592d9cce12e0, data=float, op=sum, group=0, num_host=1, algo=ring
[11:55:00][ddbff3a86679][22:164][DBG][XCCL][kl3_all_reduce.cpp:94] send buf addr 0x4004000000/0x402408e000 count 12
[11:55:00][ddbff3a86679][22:22][DBG][XCCL][helper.cpp:301] all_reduce: ctx=0x592d9ccea130, seq_id=675, rank=1, nranks=2, dev=1, send=0x4004000000, recv=0x4004000000, cnt=67108864, root=-1, peer=-1, stream=0x592d9cce12e0, data=float, op=sum, group=0, num_host=1, algo=ring
[11:55:00][ddbff3a86679][22:164][DBG][XCCL][kl3_all_reduce.cpp:94] send buf addr 0x4004000000/0x402408e000 count 12
[11:55:00][ddbff3a86679][22:22][DBG][XCCL][helper.cpp:301] all_reduce: ctx=0x592d9ccea130, seq_id=676, rank=1, nranks=2, dev=1, send=0x4004000000, recv=0x4004000000, cnt=67108864, root=-1, peer=-1, stream=0x592d9cce12e0, data=float, op=sum, group=0, num_host=1, algo=ring
[11:55:00][ddbff3a86679][22:164][DBG][XCCL][kl3_all_reduce.cpp:94] send buf addr 0x4004000000/0x402408e000 count 12
[11:55:00][ddbff3a86679][22:22][DBG][XCCL][helper.cpp:301] all_reduce: ctx=0x592d9ccea130, seq_id=677, rank=1, nranks=2, dev=1, send=0x4004000000, recv=0x4004000000, cnt=67108864, root=-1, peer=-1, stream=0x592d9cce12e0, data=float, op=sum, group=0, num_host=1, algo=ring
[11:55:00][ddbff3a86679][22:164][DBG][XCCL][kl3_all_reduce.cpp:94] send buf addr 0x4004000000/0x402408e000 count 12
[11:55:00][ddbff3a86679][22:22][DBG][XCCL][helper.cpp:301] all_reduce: ctx=0x592d9ccea130, seq_id=678, rank=1, nranks=2, dev=1, send=0x4004000000, recv=0x4004000000, cnt=67108864, root=-1, peer=-1, stream=0x592d9cce12e0, data=float, op=sum, group=0, num_host=1, algo=ring
[11:55:00][ddbff3a86679][22:164][DBG][XCCL][kl3_all_reduce.cpp:94] send buf addr 0x4004000000/0x402408e000 count 12
[11:55:00][ddbff3a86679][22:22][DBG][XCCL][helper.cpp:301] all_reduce: ctx=0x592d9ccea130, seq_id=679, rank=1, nranks=2, dev=1, send=0x4004000000, recv=0x4004000000, cnt=67108864, root=-1, peer=-1, stream=0x592d9cce12e0, data=float, op=sum, group=0, num_host=1, algo=ring
[11:55:00][ddbff3a86679][22:164][DBG][XCCL][kl3_all_reduce.cpp:94] send buf addr 0x4004000000/0x402408e000 count 12
[11:55:00][ddbff3a86679][22:22][DBG][XCCL][helper.cpp:301] all_reduce: ctx=0x592d9ccea130, seq_id=680, rank=1, nranks=2, dev=1, send=0x4004000000, recv=0x4004000000, cnt=67108864, root=-1, peer=-1, stream=0x592d9cce12e0, data=float, op=sum, group=0, num_host=1, algo=ring
[11:55:00][ddbff3a86679][22:164][DBG][XCCL][kl3_all_reduce.cpp:94] send buf addr 0x4004000000/0x402408e000 count 12
[11:55:00][ddbff3a86679][22:22][DBG][XCCL][helper.cpp:301] all_reduce: ctx=0x592d9ccea130, seq_id=681, rank=1, nranks=2, dev=1, send=0x4004000000, recv=0x4004000000, cnt=67108864, root=-1, peer=-1, stream=0x592d9cce12e0, data=float, op=sum, group=0, num_host=1, algo=ring
[11:55:00][ddbff3a86679][22:164][DBG][XCCL][kl3_all_reduce.cpp:94] send buf addr 0x4004000000/0x402408e000 count 12
[11:55:00][ddbff3a86679][22:22][DBG][XCCL][helper.cpp:301] all_reduce: ctx=0x592d9ccea130, seq_id=682, rank=1, nranks=2, dev=1, send=0x4004000000, recv=0x4004000000, cnt=67108864, root=-1, peer=-1, stream=0x592d9cce12e0, data=float, op=sum, group=0, num_host=1, algo=ring
[11:55:00][ddbff3a86679][22:164][DBG][XCCL][kl3_all_reduce.cpp:94] send buf addr 0x4004000000/0x402408e000 count 12
[11:55:00][ddbff3a86679][22:22][DBG][XCCL][helper.cpp:301] all_reduce: ctx=0x592d9ccea130, seq_id=683, rank=1, nranks=2, dev=1, send=0x4004000000, recv=0x4004000000, cnt=67108864, root=-1, peer=-1, stream=0x592d9cce12e0, data=float, op=sum, group=0, num_host=1, algo=ring
[11:55:00][ddbff3a86679][22:164][DBG][XCCL][kl3_all_reduce.cpp:94] send buf addr 0x4004000000/0x402408e000 count 12
[11:55:00][ddbff3a86679][22:22][DBG][XCCL][helper.cpp:301] all_reduce: ctx=0x592d9ccea130, seq_id=684, rank=1, nranks=2, dev=1, send=0x4004000000, recv=0x4004000000, cnt=67108864, root=-1, peer=-1, stream=0x592d9cce12e0, data=float, op=sum, group=0, num_host=1, algo=ring
[11:55:00][ddbff3a86679][22:164][DBG][XCCL][kl3_all_reduce.cpp:94] send buf addr 0x4004000000/0x402408e000 count 12
[11:55:00][ddbff3a86679][22:22][DBG][XCCL][helper.cpp:301] all_reduce: ctx=0x592d9ccea130, seq_id=685, rank=1, nranks=2, dev=1, send=0x4004000000, recv=0x4004000000, cnt=67108864, root=-1, peer=-1, stream=0x592d9cce12e0, data=float, op=sum, group=0, num_host=1, algo=ring
[11:55:00][ddbff3a86679][22:164][DBG][XCCL][kl3_all_reduce.cpp:94] send buf addr 0x4004000000/0x402408e000 count 12
[11:55:00][ddbff3a86679][22:22][DBG][XCCL][helper.cpp:301] all_reduce: ctx=0x592d9ccea130, seq_id=686, rank=1, nranks=2, dev=1, send=0x4004000000, recv=0x4004000000, cnt=67108864, root=-1, peer=-1, stream=0x592d9cce12e0, data=float, op=sum, group=0, num_host=1, algo=ring
[11:55:00][ddbff3a86679][22:164][DBG][XCCL][kl3_all_reduce.cpp:94] send buf addr 0x4004000000/0x402408e000 count 12
[11:55:00][ddbff3a86679][22:22][DBG][XCCL][helper.cpp:301] all_reduce: ctx=0x592d9ccea130, seq_id=687, rank=1, nranks=2, dev=1, send=0x4004000000, recv=0x4004000000, cnt=67108864, root=-1, peer=-1, stream=0x592d9cce12e0, data=float, op=sum, group=0, num_host=1, algo=ring
[11:55:00][ddbff3a86679][22:164][DBG][XCCL][kl3_all_reduce.cpp:94] send buf addr 0x4004000000/0x402408e000 count 12
[11:55:00][ddbff3a86679][22:22][DBG][XCCL][helper.cpp:301] all_reduce: ctx=0x592d9ccea130, seq_id=688, rank=1, nranks=2, dev=1, send=0x4004000000, recv=0x4004000000, cnt=67108864, root=-1, peer=-1, stream=0x592d9cce12e0, data=float, op=sum, group=0, num_host=1, algo=ring
[11:55:00][ddbff3a86679][22:164][DBG][XCCL][kl3_all_reduce.cpp:94] send buf addr 0x4004000000/0x402408e000 count 12
[11:55:00][ddbff3a86679][22:22][DBG][XCCL][helper.cpp:301] all_reduce: ctx=0x592d9ccea130, seq_id=689, rank=1, nranks=2, dev=1, send=0x4004000000, recv=0x4004000000, cnt=67108864, root=-1, peer=-1, stream=0x592d9cce12e0, data=float, op=sum, group=0, num_host=1, algo=ring
[11:55:00][ddbff3a86679][22:164][DBG][XCCL][kl3_all_reduce.cpp:94] send buf addr 0x4004000000/0x402408e000 count 12
[11:55:00][ddbff3a86679][22:22][DBG][XCCL][helper.cpp:301] all_reduce: ctx=0x592d9ccea130, seq_id=690, rank=1, nranks=2, dev=1, send=0x4004000000, recv=0x4004000000, cnt=67108864, root=-1, peer=-1, stream=0x592d9cce12e0, data=float, op=sum, group=0, num_host=1, algo=ring
[11:55:00][ddbff3a86679][22:164][DBG][XCCL][kl3_all_reduce.cpp:94] send buf addr 0x4004000000/0x402408e000 count 12
[11:55:00][ddbff3a86679][22:22][DBG][XCCL][helper.cpp:301] all_reduce: ctx=0x592d9ccea130, seq_id=691, rank=1, nranks=2, dev=1, send=0x4004000000, recv=0x4004000000, cnt=67108864, root=-1, peer=-1, stream=0x592d9cce12e0, data=float, op=sum, group=0, num_host=1, algo=ring
[11:55:00][ddbff3a86679][22:164][DBG][XCCL][kl3_all_reduce.cpp:94] send buf addr 0x4004000000/0x402408e000 count 12
[11:55:00][ddbff3a86679][22:22][DBG][XCCL][helper.cpp:301] all_reduce: ctx=0x592d9ccea130, seq_id=692, rank=1, nranks=2, dev=1, send=0x4004000000, recv=0x4004000000, cnt=67108864, root=-1, peer=-1, stream=0x592d9cce12e0, data=float, op=sum, group=0, num_host=1, algo=ring
[11:55:00][ddbff3a86679][22:164][DBG][XCCL][kl3_all_reduce.cpp:94] send buf addr 0x4004000000/0x402408e000 count 12
[11:55:00][ddbff3a86679][22:22][DBG][XCCL][helper.cpp:301] all_reduce: ctx=0x592d9ccea130, seq_id=693, rank=1, nranks=2, dev=1, send=0x4004000000, recv=0x4004000000, cnt=67108864, root=-1, peer=-1, stream=0x592d9cce12e0, data=float, op=sum, group=0, num_host=1, algo=ring
[11:55:00][ddbff3a86679][22:164][DBG][XCCL][kl3_all_reduce.cpp:94] send buf addr 0x4004000000/0x402408e000 count 12
[11:55:00][ddbff3a86679][22:22][DBG][XCCL][helper.cpp:301] all_reduce: ctx=0x592d9ccea130, seq_id=694, rank=1, nranks=2, dev=1, send=0x4004000000, recv=0x4004000000, cnt=67108864, root=-1, peer=-1, stream=0x592d9cce12e0, data=float, op=sum, group=0, num_host=1, algo=ring
[11:55:00][ddbff3a86679][22:164][DBG][XCCL][kl3_all_reduce.cpp:94] send buf addr 0x4004000000/0x402408e000 count 12
[11:55:00][ddbff3a86679][22:22][DBG][XCCL][helper.cpp:301] all_reduce: ctx=0x592d9ccea130, seq_id=695, rank=1, nranks=2, dev=1, send=0x4004000000, recv=0x4004000000, cnt=67108864, root=-1, peer=-1, stream=0x592d9cce12e0, data=float, op=sum, group=0, num_host=1, algo=ring
[11:55:00][ddbff3a86679][22:164][DBG][XCCL][kl3_all_reduce.cpp:94] send buf addr 0x4004000000/0x402408e000 count 12
[11:55:00][ddbff3a86679][22:22][DBG][XCCL][helper.cpp:301] all_reduce: ctx=0x592d9ccea130, seq_id=696, rank=1, nranks=2, dev=1, send=0x4004000000, recv=0x4004000000, cnt=67108864, root=-1, peer=-1, stream=0x592d9cce12e0, data=float, op=sum, group=0, num_host=1, algo=ring
[11:55:00][ddbff3a86679][22:164][DBG][XCCL][kl3_all_reduce.cpp:94] send buf addr 0x4004000000/0x402408e000 count 12
[11:55:01][ddbff3a86679][22:22][DBG][XCCL][helper.cpp:301] all_reduce: ctx=0x592d9ccea130, seq_id=697, rank=1, nranks=2, dev=1, send=0x4004000000, recv=0x4004000000, cnt=67108864, root=-1, peer=-1, stream=0x592d9cce12e0, data=float, op=sum, group=0, num_host=1, algo=ring
[11:55:01][ddbff3a86679][22:164][DBG][XCCL][kl3_all_reduce.cpp:94] send buf addr 0x4004000000/0x402408e000 count 12
[11:55:01][ddbff3a86679][22:22][DBG][XCCL][helper.cpp:301] all_reduce: ctx=0x592d9ccea130, seq_id=698, rank=1, nranks=2, dev=1, send=0x4004000000, recv=0x4004000000, cnt=67108864, root=-1, peer=-1, stream=0x592d9cce12e0, data=float, op=sum, group=0, num_host=1, algo=ring
[11:55:01][ddbff3a86679][22:164][DBG][XCCL][kl3_all_reduce.cpp:94] send buf addr 0x4004000000/0x402408e000 count 12
[11:55:01][ddbff3a86679][22:22][DBG][XCCL][helper.cpp:301] all_reduce: ctx=0x592d9ccea130, seq_id=699, rank=1, nranks=2, dev=1, send=0x4004000000, recv=0x4004000000, cnt=67108864, root=-1, peer=-1, stream=0x592d9cce12e0, data=float, op=sum, group=0, num_host=1, algo=ring
[11:55:01][ddbff3a86679][22:164][DBG][XCCL][kl3_all_reduce.cpp:94] send buf addr 0x4004000000/0x402408e000 count 12
[11:55:01][ddbff3a86679][22:22][DBG][XCCL][helper.cpp:301] all_reduce: ctx=0x592d9ccea130, seq_id=700, rank=1, nranks=2, dev=1, send=0x4004000000, recv=0x4004000000, cnt=67108864, root=-1, peer=-1, stream=0x592d9cce12e0, data=float, op=sum, group=0, num_host=1, algo=ring
[11:55:01][ddbff3a86679][22:164][DBG][XCCL][kl3_all_reduce.cpp:94] send buf addr 0x4004000000/0x402408e000 count 12
[11:55:01][ddbff3a86679][22:22][DBG][XCCL][helper.cpp:301] all_reduce: ctx=0x592d9ccea130, seq_id=701, rank=1, nranks=2, dev=1, send=0x4004000000, recv=0x4004000000, cnt=67108864, root=-1, peer=-1, stream=0x592d9cce12e0, data=float, op=sum, group=0, num_host=1, algo=ring
[11:55:01][ddbff3a86679][22:164][DBG][XCCL][kl3_all_reduce.cpp:94] send buf addr 0x4004000000/0x402408e000 count 12
[11:55:01][ddbff3a86679][22:22][DBG][XCCL][helper.cpp:301] all_reduce: ctx=0x592d9ccea130, seq_id=702, rank=1, nranks=2, dev=1, send=0x4004000000, recv=0x4004000000, cnt=67108864, root=-1, peer=-1, stream=0x592d9cce12e0, data=float, op=sum, group=0, num_host=1, algo=ring
[11:55:01][ddbff3a86679][22:164][DBG][XCCL][kl3_all_reduce.cpp:94] send buf addr 0x4004000000/0x402408e000 count 12
[11:55:01][ddbff3a86679][22:22][DBG][XCCL][helper.cpp:301] all_reduce: ctx=0x592d9ccea130, seq_id=703, rank=1, nranks=2, dev=1, send=0x4004000000, recv=0x4004000000, cnt=67108864, root=-1, peer=-1, stream=0x592d9cce12e0, data=float, op=sum, group=0, num_host=1, algo=ring
[11:55:01][ddbff3a86679][22:164][DBG][XCCL][kl3_all_reduce.cpp:94] send buf addr 0x4004000000/0x402408e000 count 12
[11:55:01][ddbff3a86679][22:22][DBG][XCCL][helper.cpp:301] all_reduce: ctx=0x592d9ccea130, seq_id=704, rank=1, nranks=2, dev=1, send=0x4004000000, recv=0x4004000000, cnt=67108864, root=-1, peer=-1, stream=0x592d9cce12e0, data=float, op=sum, group=0, num_host=1, algo=ring
[11:55:01][ddbff3a86679][22:164][DBG][XCCL][kl3_all_reduce.cpp:94] send buf addr 0x4004000000/0x402408e000 count 12
[11:55:01][ddbff3a86679][22:22][DBG][XCCL][helper.cpp:301] all_reduce: ctx=0x592d9ccea130, seq_id=705, rank=1, nranks=2, dev=1, send=0x4004000000, recv=0x4004000000, cnt=67108864, root=-1, peer=-1, stream=0x592d9cce12e0, data=float, op=sum, group=0, num_host=1, algo=ring
[11:55:01][ddbff3a86679][22:164][DBG][XCCL][kl3_all_reduce.cpp:94] send buf addr 0x4004000000/0x402408e000 count 12
[11:55:01][ddbff3a86679][22:22][DBG][XCCL][helper.cpp:301] all_reduce: ctx=0x592d9ccea130, seq_id=706, rank=1, nranks=2, dev=1, send=0x4004000000, recv=0x4004000000, cnt=67108864, root=-1, peer=-1, stream=0x592d9cce12e0, data=float, op=sum, group=0, num_host=1, algo=ring
[11:55:01][ddbff3a86679][22:164][DBG][XCCL][kl3_all_reduce.cpp:94] send buf addr 0x4004000000/0x402408e000 count 12
[11:55:01][ddbff3a86679][22:22][DBG][XCCL][helper.cpp:301] all_reduce: ctx=0x592d9ccea130, seq_id=707, rank=1, nranks=2, dev=1, send=0x4004000000, recv=0x4004000000, cnt=67108864, root=-1, peer=-1, stream=0x592d9cce12e0, data=float, op=sum, group=0, num_host=1, algo=ring
[11:55:01][ddbff3a86679][22:164][DBG][XCCL][kl3_all_reduce.cpp:94] send buf addr 0x4004000000/0x402408e000 count 12
[11:55:01][ddbff3a86679][22:22][DBG][XCCL][helper.cpp:301] all_reduce: ctx=0x592d9ccea130, seq_id=708, rank=1, nranks=2, dev=1, send=0x4004000000, recv=0x4004000000, cnt=67108864, root=-1, peer=-1, stream=0x592d9cce12e0, data=float, op=sum, group=0, num_host=1, algo=ring
[11:55:01][ddbff3a86679][22:164][DBG][XCCL][kl3_all_reduce.cpp:94] send buf addr 0x4004000000/0x402408e000 count 12
[11:55:01][ddbff3a86679][22:22][DBG][XCCL][helper.cpp:301] all_reduce: ctx=0x592d9ccea130, seq_id=709, rank=1, nranks=2, dev=1, send=0x4004000000, recv=0x4004000000, cnt=67108864, root=-1, peer=-1, stream=0x592d9cce12e0, data=float, op=sum, group=0, num_host=1, algo=ring
[11:55:01][ddbff3a86679][22:164][DBG][XCCL][kl3_all_reduce.cpp:94] send buf addr 0x4004000000/0x402408e000 count 12
[11:55:01][ddbff3a86679][22:22][DBG][XCCL][helper.cpp:301] all_reduce: ctx=0x592d9ccea130, seq_id=710, rank=1, nranks=2, dev=1, send=0x4004000000, recv=0x4004000000, cnt=67108864, root=-1, peer=-1, stream=0x592d9cce12e0, data=float, op=sum, group=0, num_host=1, algo=ring
[11:55:01][ddbff3a86679][22:164][DBG][XCCL][kl3_all_reduce.cpp:94] send buf addr 0x4004000000/0x402408e000 count 12
[11:55:01][ddbff3a86679][22:22][DBG][XCCL][helper.cpp:301] all_reduce: ctx=0x592d9ccea130, seq_id=711, rank=1, nranks=2, dev=1, send=0x4004000000, recv=0x4004000000, cnt=67108864, root=-1, peer=-1, stream=0x592d9cce12e0, data=float, op=sum, group=0, num_host=1, algo=ring
[11:55:01][ddbff3a86679][22:164][DBG][XCCL][kl3_all_reduce.cpp:94] send buf addr 0x4004000000/0x402408e000 count 12
[11:55:01][ddbff3a86679][22:22][DBG][XCCL][helper.cpp:301] all_reduce: ctx=0x592d9ccea130, seq_id=712, rank=1, nranks=2, dev=1, send=0x4004000000, recv=0x4004000000, cnt=67108864, root=-1, peer=-1, stream=0x592d9cce12e0, data=float, op=sum, group=0, num_host=1, algo=ring
[11:55:01][ddbff3a86679][22:164][DBG][XCCL][kl3_all_reduce.cpp:94] send buf addr 0x4004000000/0x402408e000 count 12
[11:55:01][ddbff3a86679][22:22][DBG][XCCL][helper.cpp:301] all_reduce: ctx=0x592d9ccea130, seq_id=713, rank=1, nranks=2, dev=1, send=0x4004000000, recv=0x4004000000, cnt=67108864, root=-1, peer=-1, stream=0x592d9cce12e0, data=float, op=sum, group=0, num_host=1, algo=ring
[11:55:01][ddbff3a86679][22:164][DBG][XCCL][kl3_all_reduce.cpp:94] send buf addr 0x4004000000/0x402408e000 count 12
[11:55:01][ddbff3a86679][22:22][DBG][XCCL][helper.cpp:301] all_reduce: ctx=0x592d9ccea130, seq_id=714, rank=1, nranks=2, dev=1, send=0x4004000000, recv=0x4004000000, cnt=67108864, root=-1, peer=-1, stream=0x592d9cce12e0, data=float, op=sum, group=0, num_host=1, algo=ring
[11:55:01][ddbff3a86679][22:164][DBG][XCCL][kl3_all_reduce.cpp:94] send buf addr 0x4004000000/0x402408e000 count 12
[11:55:01][ddbff3a86679][22:22][DBG][XCCL][helper.cpp:301] all_reduce: ctx=0x592d9ccea130, seq_id=715, rank=1, nranks=2, dev=1, send=0x4004000000, recv=0x4004000000, cnt=67108864, root=-1, peer=-1, stream=0x592d9cce12e0, data=float, op=sum, group=0, num_host=1, algo=ring
[11:55:01][ddbff3a86679][22:164][DBG][XCCL][kl3_all_reduce.cpp:94] send buf addr 0x4004000000/0x402408e000 count 12
[11:55:01][ddbff3a86679][22:22][DBG][XCCL][helper.cpp:301] all_reduce: ctx=0x592d9ccea130, seq_id=716, rank=1, nranks=2, dev=1, send=0x4004000000, recv=0x4004000000, cnt=67108864, root=-1, peer=-1, stream=0x592d9cce12e0, data=float, op=sum, group=0, num_host=1, algo=ring
[11:55:01][ddbff3a86679][22:164][DBG][XCCL][kl3_all_reduce.cpp:94] send buf addr 0x4004000000/0x402408e000 count 12
[11:55:01][ddbff3a86679][22:22][DBG][XCCL][helper.cpp:301] all_reduce: ctx=0x592d9ccea130, seq_id=717, rank=1, nranks=2, dev=1, send=0x4004000000, recv=0x4004000000, cnt=67108864, root=-1, peer=-1, stream=0x592d9cce12e0, data=float, op=sum, group=0, num_host=1, algo=ring
[11:55:01][ddbff3a86679][22:164][DBG][XCCL][kl3_all_reduce.cpp:94] send buf addr 0x4004000000/0x402408e000 count 12
[11:55:01][ddbff3a86679][22:22][DBG][XCCL][helper.cpp:301] all_reduce: ctx=0x592d9ccea130, seq_id=718, rank=1, nranks=2, dev=1, send=0x4004000000, recv=0x4004000000, cnt=67108864, root=-1, peer=-1, stream=0x592d9cce12e0, data=float, op=sum, group=0, num_host=1, algo=ring
[11:55:01][ddbff3a86679][22:164][DBG][XCCL][kl3_all_reduce.cpp:94] send buf addr 0x4004000000/0x402408e000 count 12
[11:55:01][ddbff3a86679][22:22][DBG][XCCL][helper.cpp:301] all_reduce: ctx=0x592d9ccea130, seq_id=719, rank=1, nranks=2, dev=1, send=0x4004000000, recv=0x4004000000, cnt=67108864, root=-1, peer=-1, stream=0x592d9cce12e0, data=float, op=sum, group=0, num_host=1, algo=ring
[11:55:01][ddbff3a86679][22:164][DBG][XCCL][kl3_all_reduce.cpp:94] send buf addr 0x4004000000/0x402408e000 count 12
[11:55:01][ddbff3a86679][22:22][DBG][XCCL][helper.cpp:301] all_reduce: ctx=0x592d9ccea130, seq_id=720, rank=1, nranks=2, dev=1, send=0x4004000000, recv=0x4004000000, cnt=67108864, root=-1, peer=-1, stream=0x592d9cce12e0, data=float, op=sum, group=0, num_host=1, algo=ring
[11:55:01][ddbff3a86679][22:164][DBG][XCCL][kl3_all_reduce.cpp:94] send buf addr 0x4004000000/0x402408e000 count 12
[11:55:01][ddbff3a86679][22:22][DBG][XCCL][helper.cpp:301] all_reduce: ctx=0x592d9ccea130, seq_id=721, rank=1, nranks=2, dev=1, send=0x4004000000, recv=0x4004000000, cnt=67108864, root=-1, peer=-1, stream=0x592d9cce12e0, data=float, op=sum, group=0, num_host=1, algo=ring
[11:55:01][ddbff3a86679][22:164][DBG][XCCL][kl3_all_reduce.cpp:94] send buf addr 0x4004000000/0x402408e000 count 12
[11:55:01][ddbff3a86679][22:22][DBG][XCCL][helper.cpp:301] all_reduce: ctx=0x592d9ccea130, seq_id=722, rank=1, nranks=2, dev=1, send=0x4004000000, recv=0x4004000000, cnt=67108864, root=-1, peer=-1, stream=0x592d9cce12e0, data=float, op=sum, group=0, num_host=1, algo=ring
[11:55:01][ddbff3a86679][22:164][DBG][XCCL][kl3_all_reduce.cpp:94] send buf addr 0x4004000000/0x402408e000 count 12
[11:55:01][ddbff3a86679][22:22][DBG][XCCL][helper.cpp:301] all_reduce: ctx=0x592d9ccea130, seq_id=723, rank=1, nranks=2, dev=1, send=0x4004000000, recv=0x4004000000, cnt=67108864, root=-1, peer=-1, stream=0x592d9cce12e0, data=float, op=sum, group=0, num_host=1, algo=ring
[11:55:01][ddbff3a86679][22:164][DBG][XCCL][kl3_all_reduce.cpp:94] send buf addr 0x4004000000/0x402408e000 count 12
[11:55:01][ddbff3a86679][22:22][DBG][XCCL][helper.cpp:301] all_reduce: ctx=0x592d9ccea130, seq_id=724, rank=1, nranks=2, dev=1, send=0x4004000000, recv=0x4004000000, cnt=67108864, root=-1, peer=-1, stream=0x592d9cce12e0, data=float, op=sum, group=0, num_host=1, algo=ring
[11:55:01][ddbff3a86679][22:164][DBG][XCCL][kl3_all_reduce.cpp:94] send buf addr 0x4004000000/0x402408e000 count 12
[11:55:01][ddbff3a86679][22:22][DBG][XCCL][helper.cpp:301] all_reduce: ctx=0x592d9ccea130, seq_id=725, rank=1, nranks=2, dev=1, send=0x4004000000, recv=0x4004000000, cnt=67108864, root=-1, peer=-1, stream=0x592d9cce12e0, data=float, op=sum, group=0, num_host=1, algo=ring
[11:55:01][ddbff3a86679][22:164][DBG][XCCL][kl3_all_reduce.cpp:94] send buf addr 0x4004000000/0x402408e000 count 12
[11:55:01][ddbff3a86679][22:22][DBG][XCCL][helper.cpp:301] all_reduce: ctx=0x592d9ccea130, seq_id=726, rank=1, nranks=2, dev=1, send=0x4004000000, recv=0x4004000000, cnt=67108864, root=-1, peer=-1, stream=0x592d9cce12e0, data=float, op=sum, group=0, num_host=1, algo=ring
[11:55:01][ddbff3a86679][22:164][DBG][XCCL][kl3_all_reduce.cpp:94] send buf addr 0x4004000000/0x402408e000 count 12
[11:55:01][ddbff3a86679][22:22][DBG][XCCL][helper.cpp:301] all_reduce: ctx=0x592d9ccea130, seq_id=727, rank=1, nranks=2, dev=1, send=0x4004000000, recv=0x4004000000, cnt=67108864, root=-1, peer=-1, stream=0x592d9cce12e0, data=float, op=sum, group=0, num_host=1, algo=ring
[11:55:01][ddbff3a86679][22:164][DBG][XCCL][kl3_all_reduce.cpp:94] send buf addr 0x4004000000/0x402408e000 count 12
[11:55:01][ddbff3a86679][22:22][DBG][XCCL][helper.cpp:301] all_reduce: ctx=0x592d9ccea130, seq_id=728, rank=1, nranks=2, dev=1, send=0x4004000000, recv=0x4004000000, cnt=67108864, root=-1, peer=-1, stream=0x592d9cce12e0, data=float, op=sum, group=0, num_host=1, algo=ring
[11:55:01][ddbff3a86679][22:164][DBG][XCCL][kl3_all_reduce.cpp:94] send buf addr 0x4004000000/0x402408e000 count 12
[11:55:01][ddbff3a86679][22:22][DBG][XCCL][helper.cpp:301] all_reduce: ctx=0x592d9ccea130, seq_id=729, rank=1, nranks=2, dev=1, send=0x4004000000, recv=0x4004000000, cnt=67108864, root=-1, peer=-1, stream=0x592d9cce12e0, data=float, op=sum, group=0, num_host=1, algo=ring
[11:55:01][ddbff3a86679][22:164][DBG][XCCL][kl3_all_reduce.cpp:94] send buf addr 0x4004000000/0x402408e000 count 12
[11:55:01][ddbff3a86679][22:22][DBG][XCCL][helper.cpp:301] all_reduce: ctx=0x592d9ccea130, seq_id=730, rank=1, nranks=2, dev=1, send=0x4004000000, recv=0x4004000000, cnt=67108864, root=-1, peer=-1, stream=0x592d9cce12e0, data=float, op=sum, group=0, num_host=1, algo=ring
[11:55:01][ddbff3a86679][22:164][DBG][XCCL][kl3_all_reduce.cpp:94] send buf addr 0x4004000000/0x402408e000 count 12
[11:55:01][ddbff3a86679][22:22][DBG][XCCL][helper.cpp:301] all_reduce: ctx=0x592d9ccea130, seq_id=731, rank=1, nranks=2, dev=1, send=0x4004000000, recv=0x4004000000, cnt=67108864, root=-1, peer=-1, stream=0x592d9cce12e0, data=float, op=sum, group=0, num_host=1, algo=ring
[11:55:01][ddbff3a86679][22:164][DBG][XCCL][kl3_all_reduce.cpp:94] send buf addr 0x4004000000/0x402408e000 count 12
[11:55:01][ddbff3a86679][22:22][DBG][XCCL][helper.cpp:301] all_reduce: ctx=0x592d9ccea130, seq_id=732, rank=1, nranks=2, dev=1, send=0x4004000000, recv=0x4004000000, cnt=67108864, root=-1, peer=-1, stream=0x592d9cce12e0, data=float, op=sum, group=0, num_host=1, algo=ring
[11:55:01][ddbff3a86679][22:164][DBG][XCCL][kl3_all_reduce.cpp:94] send buf addr 0x4004000000/0x402408e000 count 12
[11:55:01][ddbff3a86679][22:22][DBG][XCCL][helper.cpp:301] all_reduce: ctx=0x592d9ccea130, seq_id=733, rank=1, nranks=2, dev=1, send=0x4004000000, recv=0x4004000000, cnt=67108864, root=-1, peer=-1, stream=0x592d9cce12e0, data=float, op=sum, group=0, num_host=1, algo=ring
[11:55:01][ddbff3a86679][22:164][DBG][XCCL][kl3_all_reduce.cpp:94] send buf addr 0x4004000000/0x402408e000 count 12
[11:55:01][ddbff3a86679][22:22][DBG][XCCL][helper.cpp:301] all_reduce: ctx=0x592d9ccea130, seq_id=734, rank=1, nranks=2, dev=1, send=0x4004000000, recv=0x4004000000, cnt=67108864, root=-1, peer=-1, stream=0x592d9cce12e0, data=float, op=sum, group=0, num_host=1, algo=ring
[11:55:01][ddbff3a86679][22:164][DBG][XCCL][kl3_all_reduce.cpp:94] send buf addr 0x4004000000/0x402408e000 count 12
[11:55:01][ddbff3a86679][22:22][DBG][XCCL][helper.cpp:301] all_reduce: ctx=0x592d9ccea130, seq_id=735, rank=1, nranks=2, dev=1, send=0x4004000000, recv=0x4004000000, cnt=67108864, root=-1, peer=-1, stream=0x592d9cce12e0, data=float, op=sum, group=0, num_host=1, algo=ring
[11:55:01][ddbff3a86679][22:164][DBG][XCCL][kl3_all_reduce.cpp:94] send buf addr 0x4004000000/0x402408e000 count 12
[11:55:01][ddbff3a86679][22:22][DBG][XCCL][helper.cpp:301] all_reduce: ctx=0x592d9ccea130, seq_id=736, rank=1, nranks=2, dev=1, send=0x4004000000, recv=0x4004000000, cnt=67108864, root=-1, peer=-1, stream=0x592d9cce12e0, data=float, op=sum, group=0, num_host=1, algo=ring
[11:55:01][ddbff3a86679][22:164][DBG][XCCL][kl3_all_reduce.cpp:94] send buf addr 0x4004000000/0x402408e000 count 12
[11:55:01][ddbff3a86679][22:22][DBG][XCCL][helper.cpp:301] all_reduce: ctx=0x592d9ccea130, seq_id=737, rank=1, nranks=2, dev=1, send=0x4004000000, recv=0x4004000000, cnt=67108864, root=-1, peer=-1, stream=0x592d9cce12e0, data=float, op=sum, group=0, num_host=1, algo=ring
[11:55:01][ddbff3a86679][22:164][DBG][XCCL][kl3_all_reduce.cpp:94] send buf addr 0x4004000000/0x402408e000 count 12
[11:55:01][ddbff3a86679][22:22][DBG][XCCL][helper.cpp:301] all_reduce: ctx=0x592d9ccea130, seq_id=738, rank=1, nranks=2, dev=1, send=0x4004000000, recv=0x4004000000, cnt=67108864, root=-1, peer=-1, stream=0x592d9cce12e0, data=float, op=sum, group=0, num_host=1, algo=ring
[11:55:01][ddbff3a86679][22:164][DBG][XCCL][kl3_all_reduce.cpp:94] send buf addr 0x4004000000/0x402408e000 count 12
[11:55:01][ddbff3a86679][22:22][DBG][XCCL][helper.cpp:301] all_reduce: ctx=0x592d9ccea130, seq_id=739, rank=1, nranks=2, dev=1, send=0x4004000000, recv=0x4004000000, cnt=67108864, root=-1, peer=-1, stream=0x592d9cce12e0, data=float, op=sum, group=0, num_host=1, algo=ring
[11:55:01][ddbff3a86679][22:164][DBG][XCCL][kl3_all_reduce.cpp:94] send buf addr 0x4004000000/0x402408e000 count 12
[11:55:01][ddbff3a86679][22:22][DBG][XCCL][helper.cpp:301] all_reduce: ctx=0x592d9ccea130, seq_id=740, rank=1, nranks=2, dev=1, send=0x4004000000, recv=0x4004000000, cnt=67108864, root=-1, peer=-1, stream=0x592d9cce12e0, data=float, op=sum, group=0, num_host=1, algo=ring
[11:55:01][ddbff3a86679][22:164][DBG][XCCL][kl3_all_reduce.cpp:94] send buf addr 0x4004000000/0x402408e000 count 12
[11:55:01][ddbff3a86679][22:22][DBG][XCCL][helper.cpp:301] all_reduce: ctx=0x592d9ccea130, seq_id=741, rank=1, nranks=2, dev=1, send=0x4004000000, recv=0x4004000000, cnt=67108864, root=-1, peer=-1, stream=0x592d9cce12e0, data=float, op=sum, group=0, num_host=1, algo=ring
[11:55:01][ddbff3a86679][22:164][DBG][XCCL][kl3_all_reduce.cpp:94] send buf addr 0x4004000000/0x402408e000 count 12
[11:55:01][ddbff3a86679][22:22][DBG][XCCL][helper.cpp:301] all_reduce: ctx=0x592d9ccea130, seq_id=742, rank=1, nranks=2, dev=1, send=0x4004000000, recv=0x4004000000, cnt=67108864, root=-1, peer=-1, stream=0x592d9cce12e0, data=float, op=sum, group=0, num_host=1, algo=ring
[11:55:01][ddbff3a86679][22:164][DBG][XCCL][kl3_all_reduce.cpp:94] send buf addr 0x4004000000/0x402408e000 count 12
[11:55:01][ddbff3a86679][22:22][DBG][XCCL][helper.cpp:301] all_reduce: ctx=0x592d9ccea130, seq_id=743, rank=1, nranks=2, dev=1, send=0x4004000000, recv=0x4004000000, cnt=67108864, root=-1, peer=-1, stream=0x592d9cce12e0, data=float, op=sum, group=0, num_host=1, algo=ring
[11:55:01][ddbff3a86679][22:164][DBG][XCCL][kl3_all_reduce.cpp:94] send buf addr 0x4004000000/0x402408e000 count 12
[11:55:01][ddbff3a86679][22:22][DBG][XCCL][helper.cpp:301] all_reduce: ctx=0x592d9ccea130, seq_id=744, rank=1, nranks=2, dev=1, send=0x4004000000, recv=0x4004000000, cnt=67108864, root=-1, peer=-1, stream=0x592d9cce12e0, data=float, op=sum, group=0, num_host=1, algo=ring
[11:55:01][ddbff3a86679][22:164][DBG][XCCL][kl3_all_reduce.cpp:94] send buf addr 0x4004000000/0x402408e000 count 12
[11:55:01][ddbff3a86679][22:22][DBG][XCCL][helper.cpp:301] all_reduce: ctx=0x592d9ccea130, seq_id=745, rank=1, nranks=2, dev=1, send=0x4004000000, recv=0x4004000000, cnt=67108864, root=-1, peer=-1, stream=0x592d9cce12e0, data=float, op=sum, group=0, num_host=1, algo=ring
[11:55:01][ddbff3a86679][22:164][DBG][XCCL][kl3_all_reduce.cpp:94] send buf addr 0x4004000000/0x402408e000 count 12
[11:55:01][ddbff3a86679][22:22][DBG][XCCL][helper.cpp:301] all_reduce: ctx=0x592d9ccea130, seq_id=746, rank=1, nranks=2, dev=1, send=0x4004000000, recv=0x4004000000, cnt=67108864, root=-1, peer=-1, stream=0x592d9cce12e0, data=float, op=sum, group=0, num_host=1, algo=ring
[11:55:01][ddbff3a86679][22:164][DBG][XCCL][kl3_all_reduce.cpp:94] send buf addr 0x4004000000/0x402408e000 count 12
[11:55:01][ddbff3a86679][22:22][DBG][XCCL][helper.cpp:301] all_reduce: ctx=0x592d9ccea130, seq_id=747, rank=1, nranks=2, dev=1, send=0x4004000000, recv=0x4004000000, cnt=67108864, root=-1, peer=-1, stream=0x592d9cce12e0, data=float, op=sum, group=0, num_host=1, algo=ring
[11:55:01][ddbff3a86679][22:164][DBG][XCCL][kl3_all_reduce.cpp:94] send buf addr 0x4004000000/0x402408e000 count 12
[11:55:01][ddbff3a86679][22:22][DBG][XCCL][helper.cpp:301] all_reduce: ctx=0x592d9ccea130, seq_id=748, rank=1, nranks=2, dev=1, send=0x4004000000, recv=0x4004000000, cnt=67108864, root=-1, peer=-1, stream=0x592d9cce12e0, data=float, op=sum, group=0, num_host=1, algo=ring
[11:55:01][ddbff3a86679][22:164][DBG][XCCL][kl3_all_reduce.cpp:94] send buf addr 0x4004000000/0x402408e000 count 12
[11:55:01][ddbff3a86679][22:22][DBG][XCCL][helper.cpp:301] all_reduce: ctx=0x592d9ccea130, seq_id=749, rank=1, nranks=2, dev=1, send=0x4004000000, recv=0x4004000000, cnt=67108864, root=-1, peer=-1, stream=0x592d9cce12e0, data=float, op=sum, group=0, num_host=1, algo=ring
[11:55:01][ddbff3a86679][22:164][DBG][XCCL][kl3_all_reduce.cpp:94] send buf addr 0x4004000000/0x402408e000 count 12
[11:55:01][ddbff3a86679][22:22][DBG][XCCL][helper.cpp:301] all_reduce: ctx=0x592d9ccea130, seq_id=750, rank=1, nranks=2, dev=1, send=0x4004000000, recv=0x4004000000, cnt=67108864, root=-1, peer=-1, stream=0x592d9cce12e0, data=float, op=sum, group=0, num_host=1, algo=ring
[11:55:01][ddbff3a86679][22:164][DBG][XCCL][kl3_all_reduce.cpp:94] send buf addr 0x4004000000/0x402408e000 count 12
[11:55:01][ddbff3a86679][22:22][DBG][XCCL][helper.cpp:301] all_reduce: ctx=0x592d9ccea130, seq_id=751, rank=1, nranks=2, dev=1, send=0x4004000000, recv=0x4004000000, cnt=67108864, root=-1, peer=-1, stream=0x592d9cce12e0, data=float, op=sum, group=0, num_host=1, algo=ring
[11:55:01][ddbff3a86679][22:164][DBG][XCCL][kl3_all_reduce.cpp:94] send buf addr 0x4004000000/0x402408e000 count 12
[11:55:01][ddbff3a86679][22:22][DBG][XCCL][helper.cpp:301] all_reduce: ctx=0x592d9ccea130, seq_id=752, rank=1, nranks=2, dev=1, send=0x4004000000, recv=0x4004000000, cnt=67108864, root=-1, peer=-1, stream=0x592d9cce12e0, data=float, op=sum, group=0, num_host=1, algo=ring
[11:55:01][ddbff3a86679][22:164][DBG][XCCL][kl3_all_reduce.cpp:94] send buf addr 0x4004000000/0x402408e000 count 12
[11:55:01][ddbff3a86679][22:22][DBG][XCCL][helper.cpp:301] all_reduce: ctx=0x592d9ccea130, seq_id=753, rank=1, nranks=2, dev=1, send=0x4004000000, recv=0x4004000000, cnt=67108864, root=-1, peer=-1, stream=0x592d9cce12e0, data=float, op=sum, group=0, num_host=1, algo=ring
[11:55:01][ddbff3a86679][22:164][DBG][XCCL][kl3_all_reduce.cpp:94] send buf addr 0x4004000000/0x402408e000 count 12
[11:55:01][ddbff3a86679][22:22][DBG][XCCL][helper.cpp:301] all_reduce: ctx=0x592d9ccea130, seq_id=754, rank=1, nranks=2, dev=1, send=0x4004000000, recv=0x4004000000, cnt=67108864, root=-1, peer=-1, stream=0x592d9cce12e0, data=float, op=sum, group=0, num_host=1, algo=ring
[11:55:01][ddbff3a86679][22:164][DBG][XCCL][kl3_all_reduce.cpp:94] send buf addr 0x4004000000/0x402408e000 count 12
[11:55:01][ddbff3a86679][22:22][DBG][XCCL][helper.cpp:301] all_reduce: ctx=0x592d9ccea130, seq_id=755, rank=1, nranks=2, dev=1, send=0x4004000000, recv=0x4004000000, cnt=67108864, root=-1, peer=-1, stream=0x592d9cce12e0, data=float, op=sum, group=0, num_host=1, algo=ring
[11:55:01][ddbff3a86679][22:164][DBG][XCCL][kl3_all_reduce.cpp:94] send buf addr 0x4004000000/0x402408e000 count 12
[11:55:01][ddbff3a86679][22:22][DBG][XCCL][helper.cpp:301] all_reduce: ctx=0x592d9ccea130, seq_id=756, rank=1, nranks=2, dev=1, send=0x4004000000, recv=0x4004000000, cnt=67108864, root=-1, peer=-1, stream=0x592d9cce12e0, data=float, op=sum, group=0, num_host=1, algo=ring
[11:55:01][ddbff3a86679][22:164][DBG][XCCL][kl3_all_reduce.cpp:94] send buf addr 0x4004000000/0x402408e000 count 12
[11:55:01][ddbff3a86679][22:22][DBG][XCCL][helper.cpp:301] all_reduce: ctx=0x592d9ccea130, seq_id=757, rank=1, nranks=2, dev=1, send=0x4004000000, recv=0x4004000000, cnt=67108864, root=-1, peer=-1, stream=0x592d9cce12e0, data=float, op=sum, group=0, num_host=1, algo=ring
[11:55:01][ddbff3a86679][22:164][DBG][XCCL][kl3_all_reduce.cpp:94] send buf addr 0x4004000000/0x402408e000 count 12
[11:55:01][ddbff3a86679][22:22][DBG][XCCL][helper.cpp:301] all_reduce: ctx=0x592d9ccea130, seq_id=758, rank=1, nranks=2, dev=1, send=0x4004000000, recv=0x4004000000, cnt=67108864, root=-1, peer=-1, stream=0x592d9cce12e0, data=float, op=sum, group=0, num_host=1, algo=ring
[11:55:01][ddbff3a86679][22:164][DBG][XCCL][kl3_all_reduce.cpp:94] send buf addr 0x4004000000/0x402408e000 count 12
[11:55:01][ddbff3a86679][22:22][DBG][XCCL][helper.cpp:301] all_reduce: ctx=0x592d9ccea130, seq_id=759, rank=1, nranks=2, dev=1, send=0x4004000000, recv=0x4004000000, cnt=67108864, root=-1, peer=-1, stream=0x592d9cce12e0, data=float, op=sum, group=0, num_host=1, algo=ring
[11:55:01][ddbff3a86679][22:164][DBG][XCCL][kl3_all_reduce.cpp:94] send buf addr 0x4004000000/0x402408e000 count 12
[11:55:01][ddbff3a86679][22:22][DBG][XCCL][helper.cpp:301] all_reduce: ctx=0x592d9ccea130, seq_id=760, rank=1, nranks=2, dev=1, send=0x4004000000, recv=0x4004000000, cnt=67108864, root=-1, peer=-1, stream=0x592d9cce12e0, data=float, op=sum, group=0, num_host=1, algo=ring
[11:55:01][ddbff3a86679][22:164][DBG][XCCL][kl3_all_reduce.cpp:94] send buf addr 0x4004000000/0x402408e000 count 12
[11:55:01][ddbff3a86679][22:22][DBG][XCCL][helper.cpp:301] all_reduce: ctx=0x592d9ccea130, seq_id=761, rank=1, nranks=2, dev=1, send=0x4004000000, recv=0x4004000000, cnt=67108864, root=-1, peer=-1, stream=0x592d9cce12e0, data=float, op=sum, group=0, num_host=1, algo=ring
[11:55:01][ddbff3a86679][22:164][DBG][XCCL][kl3_all_reduce.cpp:94] send buf addr 0x4004000000/0x402408e000 count 12
[11:55:01][ddbff3a86679][22:22][DBG][XCCL][helper.cpp:301] all_reduce: ctx=0x592d9ccea130, seq_id=762, rank=1, nranks=2, dev=1, send=0x4004000000, recv=0x4004000000, cnt=67108864, root=-1, peer=-1, stream=0x592d9cce12e0, data=float, op=sum, group=0, num_host=1, algo=ring
[11:55:01][ddbff3a86679][22:164][DBG][XCCL][kl3_all_reduce.cpp:94] send buf addr 0x4004000000/0x402408e000 count 12
[11:55:01][ddbff3a86679][22:22][DBG][XCCL][helper.cpp:301] all_reduce: ctx=0x592d9ccea130, seq_id=763, rank=1, nranks=2, dev=1, send=0x4004000000, recv=0x4004000000, cnt=67108864, root=-1, peer=-1, stream=0x592d9cce12e0, data=float, op=sum, group=0, num_host=1, algo=ring
[11:55:01][ddbff3a86679][22:164][DBG][XCCL][kl3_all_reduce.cpp:94] send buf addr 0x4004000000/0x402408e000 count 12
[11:55:01][ddbff3a86679][22:22][DBG][XCCL][helper.cpp:301] all_reduce: ctx=0x592d9ccea130, seq_id=764, rank=1, nranks=2, dev=1, send=0x4004000000, recv=0x4004000000, cnt=67108864, root=-1, peer=-1, stream=0x592d9cce12e0, data=float, op=sum, group=0, num_host=1, algo=ring
[11:55:01][ddbff3a86679][22:164][DBG][XCCL][kl3_all_reduce.cpp:94] send buf addr 0x4004000000/0x402408e000 count 12
[11:55:01][ddbff3a86679][22:22][DBG][XCCL][helper.cpp:301] all_reduce: ctx=0x592d9ccea130, seq_id=765, rank=1, nranks=2, dev=1, send=0x4004000000, recv=0x4004000000, cnt=67108864, root=-1, peer=-1, stream=0x592d9cce12e0, data=float, op=sum, group=0, num_host=1, algo=ring
[11:55:01][ddbff3a86679][22:164][DBG][XCCL][kl3_all_reduce.cpp:94] send buf addr 0x4004000000/0x402408e000 count 12
[11:55:01][ddbff3a86679][22:22][DBG][XCCL][helper.cpp:301] all_reduce: ctx=0x592d9ccea130, seq_id=766, rank=1, nranks=2, dev=1, send=0x4004000000, recv=0x4004000000, cnt=67108864, root=-1, peer=-1, stream=0x592d9cce12e0, data=float, op=sum, group=0, num_host=1, algo=ring
[11:55:01][ddbff3a86679][22:164][DBG][XCCL][kl3_all_reduce.cpp:94] send buf addr 0x4004000000/0x402408e000 count 12
[11:55:01][ddbff3a86679][22:22][DBG][XCCL][helper.cpp:301] all_reduce: ctx=0x592d9ccea130, seq_id=767, rank=1, nranks=2, dev=1, send=0x4004000000, recv=0x4004000000, cnt=67108864, root=-1, peer=-1, stream=0x592d9cce12e0, data=float, op=sum, group=0, num_host=1, algo=ring
[11:55:01][ddbff3a86679][22:164][DBG][XCCL][kl3_all_reduce.cpp:94] send buf addr 0x4004000000/0x402408e000 count 12
[11:55:01][ddbff3a86679][22:22][DBG][XCCL][helper.cpp:301] all_reduce: ctx=0x592d9ccea130, seq_id=768, rank=1, nranks=2, dev=1, send=0x4004000000, recv=0x4004000000, cnt=67108864, root=-1, peer=-1, stream=0x592d9cce12e0, data=float, op=sum, group=0, num_host=1, algo=ring
[11:55:01][ddbff3a86679][22:164][DBG][XCCL][kl3_all_reduce.cpp:94] send buf addr 0x4004000000/0x402408e000 count 12
[11:55:01][ddbff3a86679][22:22][DBG][XCCL][helper.cpp:301] all_reduce: ctx=0x592d9ccea130, seq_id=769, rank=1, nranks=2, dev=1, send=0x4004000000, recv=0x4004000000, cnt=67108864, root=-1, peer=-1, stream=0x592d9cce12e0, data=float, op=sum, group=0, num_host=1, algo=ring
[11:55:01][ddbff3a86679][22:164][DBG][XCCL][kl3_all_reduce.cpp:94] send buf addr 0x4004000000/0x402408e000 count 12
[11:55:01][ddbff3a86679][22:22][DBG][XCCL][helper.cpp:301] all_reduce: ctx=0x592d9ccea130, seq_id=770, rank=1, nranks=2, dev=1, send=0x4004000000, recv=0x4004000000, cnt=67108864, root=-1, peer=-1, stream=0x592d9cce12e0, data=float, op=sum, group=0, num_host=1, algo=ring
[11:55:01][ddbff3a86679][22:164][DBG][XCCL][kl3_all_reduce.cpp:94] send buf addr 0x4004000000/0x402408e000 count 12
[11:55:01][ddbff3a86679][22:22][DBG][XCCL][helper.cpp:301] all_reduce: ctx=0x592d9ccea130, seq_id=771, rank=1, nranks=2, dev=1, send=0x4004000000, recv=0x4004000000, cnt=67108864, root=-1, peer=-1, stream=0x592d9cce12e0, data=float, op=sum, group=0, num_host=1, algo=ring
[11:55:01][ddbff3a86679][22:164][DBG][XCCL][kl3_all_reduce.cpp:94] send buf addr 0x4004000000/0x402408e000 count 12
[11:55:01][ddbff3a86679][22:22][DBG][XCCL][helper.cpp:301] all_reduce: ctx=0x592d9ccea130, seq_id=772, rank=1, nranks=2, dev=1, send=0x4004000000, recv=0x4004000000, cnt=67108864, root=-1, peer=-1, stream=0x592d9cce12e0, data=float, op=sum, group=0, num_host=1, algo=ring
[11:55:01][ddbff3a86679][22:164][DBG][XCCL][kl3_all_reduce.cpp:94] send buf addr 0x4004000000/0x402408e000 count 12
[11:55:01][ddbff3a86679][22:22][DBG][XCCL][helper.cpp:301] all_reduce: ctx=0x592d9ccea130, seq_id=773, rank=1, nranks=2, dev=1, send=0x4004000000, recv=0x4004000000, cnt=67108864, root=-1, peer=-1, stream=0x592d9cce12e0, data=float, op=sum, group=0, num_host=1, algo=ring
[11:55:01][ddbff3a86679][22:164][DBG][XCCL][kl3_all_reduce.cpp:94] send buf addr 0x4004000000/0x402408e000 count 12
[11:55:01][ddbff3a86679][22:22][DBG][XCCL][helper.cpp:301] all_reduce: ctx=0x592d9ccea130, seq_id=774, rank=1, nranks=2, dev=1, send=0x4004000000, recv=0x4004000000, cnt=67108864, root=-1, peer=-1, stream=0x592d9cce12e0, data=float, op=sum, group=0, num_host=1, algo=ring
[11:55:01][ddbff3a86679][22:164][DBG][XCCL][kl3_all_reduce.cpp:94] send buf addr 0x4004000000/0x402408e000 count 12
[11:55:01][ddbff3a86679][22:22][DBG][XCCL][helper.cpp:301] all_reduce: ctx=0x592d9ccea130, seq_id=775, rank=1, nranks=2, dev=1, send=0x4004000000, recv=0x4004000000, cnt=67108864, root=-1, peer=-1, stream=0x592d9cce12e0, data=float, op=sum, group=0, num_host=1, algo=ring
[11:55:01][ddbff3a86679][22:164][DBG][XCCL][kl3_all_reduce.cpp:94] send buf addr 0x4004000000/0x402408e000 count 12
[11:55:01][ddbff3a86679][22:22][DBG][XCCL][helper.cpp:301] all_reduce: ctx=0x592d9ccea130, seq_id=776, rank=1, nranks=2, dev=1, send=0x4004000000, recv=0x4004000000, cnt=67108864, root=-1, peer=-1, stream=0x592d9cce12e0, data=float, op=sum, group=0, num_host=1, algo=ring
[11:55:01][ddbff3a86679][22:164][DBG][XCCL][kl3_all_reduce.cpp:94] send buf addr 0x4004000000/0x402408e000 count 12
[11:55:01][ddbff3a86679][22:22][DBG][XCCL][helper.cpp:301] all_reduce: ctx=0x592d9ccea130, seq_id=777, rank=1, nranks=2, dev=1, send=0x4004000000, recv=0x4004000000, cnt=67108864, root=-1, peer=-1, stream=0x592d9cce12e0, data=float, op=sum, group=0, num_host=1, algo=ring
[11:55:01][ddbff3a86679][22:164][DBG][XCCL][kl3_all_reduce.cpp:94] send buf addr 0x4004000000/0x402408e000 count 12
[11:55:01][ddbff3a86679][22:22][DBG][XCCL][helper.cpp:301] all_reduce: ctx=0x592d9ccea130, seq_id=778, rank=1, nranks=2, dev=1, send=0x4004000000, recv=0x4004000000, cnt=67108864, root=-1, peer=-1, stream=0x592d9cce12e0, data=float, op=sum, group=0, num_host=1, algo=ring
[11:55:01][ddbff3a86679][22:164][DBG][XCCL][kl3_all_reduce.cpp:94] send buf addr 0x4004000000/0x402408e000 count 12
[11:55:01][ddbff3a86679][22:22][DBG][XCCL][helper.cpp:301] all_reduce: ctx=0x592d9ccea130, seq_id=779, rank=1, nranks=2, dev=1, send=0x4004000000, recv=0x4004000000, cnt=67108864, root=-1, peer=-1, stream=0x592d9cce12e0, data=float, op=sum, group=0, num_host=1, algo=ring
[11:55:01][ddbff3a86679][22:164][DBG][XCCL][kl3_all_reduce.cpp:94] send buf addr 0x4004000000/0x402408e000 count 12
[11:55:01][ddbff3a86679][22:22][DBG][XCCL][helper.cpp:301] all_reduce: ctx=0x592d9ccea130, seq_id=780, rank=1, nranks=2, dev=1, send=0x4004000000, recv=0x4004000000, cnt=67108864, root=-1, peer=-1, stream=0x592d9cce12e0, data=float, op=sum, group=0, num_host=1, algo=ring
[11:55:01][ddbff3a86679][22:164][DBG][XCCL][kl3_all_reduce.cpp:94] send buf addr 0x4004000000/0x402408e000 count 12
[11:55:01][ddbff3a86679][22:22][DBG][XCCL][helper.cpp:301] all_reduce: ctx=0x592d9ccea130, seq_id=781, rank=1, nranks=2, dev=1, send=0x4004000000, recv=0x4004000000, cnt=67108864, root=-1, peer=-1, stream=0x592d9cce12e0, data=float, op=sum, group=0, num_host=1, algo=ring
[11:55:01][ddbff3a86679][22:164][DBG][XCCL][kl3_all_reduce.cpp:94] send buf addr 0x4004000000/0x402408e000 count 12
[11:55:01][ddbff3a86679][22:22][DBG][XCCL][helper.cpp:301] all_reduce: ctx=0x592d9ccea130, seq_id=782, rank=1, nranks=2, dev=1, send=0x4004000000, recv=0x4004000000, cnt=67108864, root=-1, peer=-1, stream=0x592d9cce12e0, data=float, op=sum, group=0, num_host=1, algo=ring
[11:55:01][ddbff3a86679][22:164][DBG][XCCL][kl3_all_reduce.cpp:94] send buf addr 0x4004000000/0x402408e000 count 12
[11:55:01][ddbff3a86679][22:22][DBG][XCCL][helper.cpp:301] all_reduce: ctx=0x592d9ccea130, seq_id=783, rank=1, nranks=2, dev=1, send=0x4004000000, recv=0x4004000000, cnt=67108864, root=-1, peer=-1, stream=0x592d9cce12e0, data=float, op=sum, group=0, num_host=1, algo=ring
[11:55:01][ddbff3a86679][22:164][DBG][XCCL][kl3_all_reduce.cpp:94] send buf addr 0x4004000000/0x402408e000 count 12
[11:55:01][ddbff3a86679][22:22][DBG][XCCL][helper.cpp:301] all_reduce: ctx=0x592d9ccea130, seq_id=784, rank=1, nranks=2, dev=1, send=0x4004000000, recv=0x4004000000, cnt=67108864, root=-1, peer=-1, stream=0x592d9cce12e0, data=float, op=sum, group=0, num_host=1, algo=ring
[11:55:01][ddbff3a86679][22:164][DBG][XCCL][kl3_all_reduce.cpp:94] send buf addr 0x4004000000/0x402408e000 count 12
[11:55:01][ddbff3a86679][22:22][DBG][XCCL][helper.cpp:301] all_reduce: ctx=0x592d9ccea130, seq_id=785, rank=1, nranks=2, dev=1, send=0x4004000000, recv=0x4004000000, cnt=67108864, root=-1, peer=-1, stream=0x592d9cce12e0, data=float, op=sum, group=0, num_host=1, algo=ring
[11:55:01][ddbff3a86679][22:164][DBG][XCCL][kl3_all_reduce.cpp:94] send buf addr 0x4004000000/0x402408e000 count 12
[11:55:01][ddbff3a86679][22:22][DBG][XCCL][helper.cpp:301] all_reduce: ctx=0x592d9ccea130, seq_id=786, rank=1, nranks=2, dev=1, send=0x4004000000, recv=0x4004000000, cnt=67108864, root=-1, peer=-1, stream=0x592d9cce12e0, data=float, op=sum, group=0, num_host=1, algo=ring
[11:55:01][ddbff3a86679][22:164][DBG][XCCL][kl3_all_reduce.cpp:94] send buf addr 0x4004000000/0x402408e000 count 12
[11:55:01][ddbff3a86679][22:22][DBG][XCCL][helper.cpp:301] all_reduce: ctx=0x592d9ccea130, seq_id=787, rank=1, nranks=2, dev=1, send=0x4004000000, recv=0x4004000000, cnt=67108864, root=-1, peer=-1, stream=0x592d9cce12e0, data=float, op=sum, group=0, num_host=1, algo=ring
[11:55:01][ddbff3a86679][22:164][DBG][XCCL][kl3_all_reduce.cpp:94] send buf addr 0x4004000000/0x402408e000 count 12
[11:55:01][ddbff3a86679][22:22][DBG][XCCL][helper.cpp:301] all_reduce: ctx=0x592d9ccea130, seq_id=788, rank=1, nranks=2, dev=1, send=0x4004000000, recv=0x4004000000, cnt=67108864, root=-1, peer=-1, stream=0x592d9cce12e0, data=float, op=sum, group=0, num_host=1, algo=ring
[11:55:01][ddbff3a86679][22:164][DBG][XCCL][kl3_all_reduce.cpp:94] send buf addr 0x4004000000/0x402408e000 count 12
[11:55:01][ddbff3a86679][22:22][DBG][XCCL][helper.cpp:301] all_reduce: ctx=0x592d9ccea130, seq_id=789, rank=1, nranks=2, dev=1, send=0x4004000000, recv=0x4004000000, cnt=67108864, root=-1, peer=-1, stream=0x592d9cce12e0, data=float, op=sum, group=0, num_host=1, algo=ring
[11:55:01][ddbff3a86679][22:164][DBG][XCCL][kl3_all_reduce.cpp:94] send buf addr 0x4004000000/0x402408e000 count 12
[11:55:01][ddbff3a86679][22:22][DBG][XCCL][helper.cpp:301] all_reduce: ctx=0x592d9ccea130, seq_id=790, rank=1, nranks=2, dev=1, send=0x4004000000, recv=0x4004000000, cnt=67108864, root=-1, peer=-1, stream=0x592d9cce12e0, data=float, op=sum, group=0, num_host=1, algo=ring
[11:55:01][ddbff3a86679][22:164][DBG][XCCL][kl3_all_reduce.cpp:94] send buf addr 0x4004000000/0x402408e000 count 12
[11:55:01][ddbff3a86679][22:22][DBG][XCCL][helper.cpp:301] all_reduce: ctx=0x592d9ccea130, seq_id=791, rank=1, nranks=2, dev=1, send=0x4004000000, recv=0x4004000000, cnt=67108864, root=-1, peer=-1, stream=0x592d9cce12e0, data=float, op=sum, group=0, num_host=1, algo=ring
[11:55:01][ddbff3a86679][22:164][DBG][XCCL][kl3_all_reduce.cpp:94] send buf addr 0x4004000000/0x402408e000 count 12
[11:55:01][ddbff3a86679][22:22][DBG][XCCL][helper.cpp:301] all_reduce: ctx=0x592d9ccea130, seq_id=792, rank=1, nranks=2, dev=1, send=0x4004000000, recv=0x4004000000, cnt=67108864, root=-1, peer=-1, stream=0x592d9cce12e0, data=float, op=sum, group=0, num_host=1, algo=ring
[11:55:01][ddbff3a86679][22:164][DBG][XCCL][kl3_all_reduce.cpp:94] send buf addr 0x4004000000/0x402408e000 count 12
[11:55:01][ddbff3a86679][22:22][DBG][XCCL][helper.cpp:301] all_reduce: ctx=0x592d9ccea130, seq_id=793, rank=1, nranks=2, dev=1, send=0x4004000000, recv=0x4004000000, cnt=67108864, root=-1, peer=-1, stream=0x592d9cce12e0, data=float, op=sum, group=0, num_host=1, algo=ring
[11:55:01][ddbff3a86679][22:164][DBG][XCCL][kl3_all_reduce.cpp:94] send buf addr 0x4004000000/0x402408e000 count 12
[11:55:01][ddbff3a86679][22:22][DBG][XCCL][helper.cpp:301] all_reduce: ctx=0x592d9ccea130, seq_id=794, rank=1, nranks=2, dev=1, send=0x4004000000, recv=0x4004000000, cnt=67108864, root=-1, peer=-1, stream=0x592d9cce12e0, data=float, op=sum, group=0, num_host=1, algo=ring
[11:55:01][ddbff3a86679][22:164][DBG][XCCL][kl3_all_reduce.cpp:94] send buf addr 0x4004000000/0x402408e000 count 12
[11:55:01][ddbff3a86679][22:22][DBG][XCCL][helper.cpp:301] all_reduce: ctx=0x592d9ccea130, seq_id=795, rank=1, nranks=2, dev=1, send=0x4004000000, recv=0x4004000000, cnt=67108864, root=-1, peer=-1, stream=0x592d9cce12e0, data=float, op=sum, group=0, num_host=1, algo=ring
[11:55:01][ddbff3a86679][22:164][DBG][XCCL][kl3_all_reduce.cpp:94] send buf addr 0x4004000000/0x402408e000 count 12
[11:55:01][ddbff3a86679][22:22][DBG][XCCL][helper.cpp:301] all_reduce: ctx=0x592d9ccea130, seq_id=796, rank=1, nranks=2, dev=1, send=0x4004000000, recv=0x4004000000, cnt=67108864, root=-1, peer=-1, stream=0x592d9cce12e0, data=float, op=sum, group=0, num_host=1, algo=ring
[11:55:01][ddbff3a86679][22:164][DBG][XCCL][kl3_all_reduce.cpp:94] send buf addr 0x4004000000/0x402408e000 count 12
[11:55:01][ddbff3a86679][22:22][DBG][XCCL][helper.cpp:301] all_reduce: ctx=0x592d9ccea130, seq_id=797, rank=1, nranks=2, dev=1, send=0x4004000000, recv=0x4004000000, cnt=67108864, root=-1, peer=-1, stream=0x592d9cce12e0, data=float, op=sum, group=0, num_host=1, algo=ring
[11:55:01][ddbff3a86679][22:164][DBG][XCCL][kl3_all_reduce.cpp:94] send buf addr 0x4004000000/0x402408e000 count 12
[11:55:01][ddbff3a86679][22:22][DBG][XCCL][helper.cpp:301] all_reduce: ctx=0x592d9ccea130, seq_id=798, rank=1, nranks=2, dev=1, send=0x4004000000, recv=0x4004000000, cnt=67108864, root=-1, peer=-1, stream=0x592d9cce12e0, data=float, op=sum, group=0, num_host=1, algo=ring
[11:55:01][ddbff3a86679][22:164][DBG][XCCL][kl3_all_reduce.cpp:94] send buf addr 0x4004000000/0x402408e000 count 12
[11:55:01][ddbff3a86679][22:22][DBG][XCCL][helper.cpp:301] all_reduce: ctx=0x592d9ccea130, seq_id=799, rank=1, nranks=2, dev=1, send=0x4004000000, recv=0x4004000000, cnt=67108864, root=-1, peer=-1, stream=0x592d9cce12e0, data=float, op=sum, group=0, num_host=1, algo=ring
[11:55:01][ddbff3a86679][22:164][DBG][XCCL][kl3_all_reduce.cpp:94] send buf addr 0x4004000000/0x402408e000 count 12
[11:55:01][ddbff3a86679][22:22][DBG][XCCL][helper.cpp:301] all_reduce: ctx=0x592d9ccea130, seq_id=800, rank=1, nranks=2, dev=1, send=0x4004000000, recv=0x4004000000, cnt=67108864, root=-1, peer=-1, stream=0x592d9cce12e0, data=float, op=sum, group=0, num_host=1, algo=ring
[11:55:01][ddbff3a86679][22:164][DBG][XCCL][kl3_all_reduce.cpp:94] send buf addr 0x4004000000/0x402408e000 count 12
[11:55:01][ddbff3a86679][22:22][DBG][XCCL][helper.cpp:301] all_reduce: ctx=0x592d9ccea130, seq_id=801, rank=1, nranks=2, dev=1, send=0x4004000000, recv=0x4004000000, cnt=67108864, root=-1, peer=-1, stream=0x592d9cce12e0, data=float, op=sum, group=0, num_host=1, algo=ring
[11:55:01][ddbff3a86679][22:164][DBG][XCCL][kl3_all_reduce.cpp:94] send buf addr 0x4004000000/0x402408e000 count 12
[11:55:01][ddbff3a86679][22:22][DBG][XCCL][helper.cpp:301] all_reduce: ctx=0x592d9ccea130, seq_id=802, rank=1, nranks=2, dev=1, send=0x4004000000, recv=0x4004000000, cnt=67108864, root=-1, peer=-1, stream=0x592d9cce12e0, data=float, op=sum, group=0, num_host=1, algo=ring
[11:55:01][ddbff3a86679][22:164][DBG][XCCL][kl3_all_reduce.cpp:94] send buf addr 0x4004000000/0x402408e000 count 12
[11:55:01][ddbff3a86679][22:22][DBG][XCCL][helper.cpp:301] all_reduce: ctx=0x592d9ccea130, seq_id=803, rank=1, nranks=2, dev=1, send=0x4004000000, recv=0x4004000000, cnt=67108864, root=-1, peer=-1, stream=0x592d9cce12e0, data=float, op=sum, group=0, num_host=1, algo=ring
[11:55:01][ddbff3a86679][22:164][DBG][XCCL][kl3_all_reduce.cpp:94] send buf addr 0x4004000000/0x402408e000 count 12
[11:55:01][ddbff3a86679][22:22][DBG][XCCL][helper.cpp:301] all_reduce: ctx=0x592d9ccea130, seq_id=804, rank=1, nranks=2, dev=1, send=0x4004000000, recv=0x4004000000, cnt=67108864, root=-1, peer=-1, stream=0x592d9cce12e0, data=float, op=sum, group=0, num_host=1, algo=ring
[11:55:01][ddbff3a86679][22:164][DBG][XCCL][kl3_all_reduce.cpp:94] send buf addr 0x4004000000/0x402408e000 count 12
[11:55:01][ddbff3a86679][22:22][DBG][XCCL][helper.cpp:301] all_reduce: ctx=0x592d9ccea130, seq_id=805, rank=1, nranks=2, dev=1, send=0x4004000000, recv=0x4004000000, cnt=67108864, root=-1, peer=-1, stream=0x592d9cce12e0, data=float, op=sum, group=0, num_host=1, algo=ring
[11:55:01][ddbff3a86679][22:164][DBG][XCCL][kl3_all_reduce.cpp:94] send buf addr 0x4004000000/0x402408e000 count 12
[11:55:01][ddbff3a86679][22:22][DBG][XCCL][helper.cpp:301] all_reduce: ctx=0x592d9ccea130, seq_id=806, rank=1, nranks=2, dev=1, send=0x4004000000, recv=0x4004000000, cnt=67108864, root=-1, peer=-1, stream=0x592d9cce12e0, data=float, op=sum, group=0, num_host=1, algo=ring
[11:55:01][ddbff3a86679][22:164][DBG][XCCL][kl3_all_reduce.cpp:94] send buf addr 0x4004000000/0x402408e000 count 12
[11:55:01][ddbff3a86679][22:22][DBG][XCCL][helper.cpp:301] all_reduce: ctx=0x592d9ccea130, seq_id=807, rank=1, nranks=2, dev=1, send=0x4004000000, recv=0x4004000000, cnt=67108864, root=-1, peer=-1, stream=0x592d9cce12e0, data=float, op=sum, group=0, num_host=1, algo=ring
[11:55:01][ddbff3a86679][22:164][DBG][XCCL][kl3_all_reduce.cpp:94] send buf addr 0x4004000000/0x402408e000 count 12
[11:55:01][ddbff3a86679][22:22][DBG][XCCL][helper.cpp:301] all_reduce: ctx=0x592d9ccea130, seq_id=808, rank=1, nranks=2, dev=1, send=0x4004000000, recv=0x4004000000, cnt=67108864, root=-1, peer=-1, stream=0x592d9cce12e0, data=float, op=sum, group=0, num_host=1, algo=ring
[11:55:01][ddbff3a86679][22:164][DBG][XCCL][kl3_all_reduce.cpp:94] send buf addr 0x4004000000/0x402408e000 count 12
[11:55:01][ddbff3a86679][22:22][DBG][XCCL][helper.cpp:301] all_reduce: ctx=0x592d9ccea130, seq_id=809, rank=1, nranks=2, dev=1, send=0x4004000000, recv=0x4004000000, cnt=67108864, root=-1, peer=-1, stream=0x592d9cce12e0, data=float, op=sum, group=0, num_host=1, algo=ring
[11:55:01][ddbff3a86679][22:164][DBG][XCCL][kl3_all_reduce.cpp:94] send buf addr 0x4004000000/0x402408e000 count 12
[11:55:01][ddbff3a86679][22:22][DBG][XCCL][helper.cpp:301] all_reduce: ctx=0x592d9ccea130, seq_id=810, rank=1, nranks=2, dev=1, send=0x4004000000, recv=0x4004000000, cnt=67108864, root=-1, peer=-1, stream=0x592d9cce12e0, data=float, op=sum, group=0, num_host=1, algo=ring
[11:55:01][ddbff3a86679][22:164][DBG][XCCL][kl3_all_reduce.cpp:94] send buf addr 0x4004000000/0x402408e000 count 12
[11:55:01][ddbff3a86679][22:22][DBG][XCCL][helper.cpp:301] all_reduce: ctx=0x592d9ccea130, seq_id=811, rank=1, nranks=2, dev=1, send=0x4004000000, recv=0x4004000000, cnt=67108864, root=-1, peer=-1, stream=0x592d9cce12e0, data=float, op=sum, group=0, num_host=1, algo=ring
[11:55:01][ddbff3a86679][22:164][DBG][XCCL][kl3_all_reduce.cpp:94] send buf addr 0x4004000000/0x402408e000 count 12
[11:55:01][ddbff3a86679][22:22][DBG][XCCL][helper.cpp:301] all_reduce: ctx=0x592d9ccea130, seq_id=812, rank=1, nranks=2, dev=1, send=0x4004000000, recv=0x4004000000, cnt=67108864, root=-1, peer=-1, stream=0x592d9cce12e0, data=float, op=sum, group=0, num_host=1, algo=ring
[11:55:01][ddbff3a86679][22:164][DBG][XCCL][kl3_all_reduce.cpp:94] send buf addr 0x4004000000/0x402408e000 count 12
[11:55:01][ddbff3a86679][22:22][DBG][XCCL][helper.cpp:301] all_reduce: ctx=0x592d9ccea130, seq_id=813, rank=1, nranks=2, dev=1, send=0x4004000000, recv=0x4004000000, cnt=67108864, root=-1, peer=-1, stream=0x592d9cce12e0, data=float, op=sum, group=0, num_host=1, algo=ring
[11:55:01][ddbff3a86679][22:164][DBG][XCCL][kl3_all_reduce.cpp:94] send buf addr 0x4004000000/0x402408e000 count 12
[11:55:01][ddbff3a86679][22:22][DBG][XCCL][helper.cpp:301] all_reduce: ctx=0x592d9ccea130, seq_id=814, rank=1, nranks=2, dev=1, send=0x4004000000, recv=0x4004000000, cnt=67108864, root=-1, peer=-1, stream=0x592d9cce12e0, data=float, op=sum, group=0, num_host=1, algo=ring
[11:55:01][ddbff3a86679][22:164][DBG][XCCL][kl3_all_reduce.cpp:94] send buf addr 0x4004000000/0x402408e000 count 12
[11:55:01][ddbff3a86679][22:22][DBG][XCCL][helper.cpp:301] all_reduce: ctx=0x592d9ccea130, seq_id=815, rank=1, nranks=2, dev=1, send=0x4004000000, recv=0x4004000000, cnt=67108864, root=-1, peer=-1, stream=0x592d9cce12e0, data=float, op=sum, group=0, num_host=1, algo=ring
[11:55:01][ddbff3a86679][22:164][DBG][XCCL][kl3_all_reduce.cpp:94] send buf addr 0x4004000000/0x402408e000 count 12
[11:55:01][ddbff3a86679][22:22][DBG][XCCL][helper.cpp:301] all_reduce: ctx=0x592d9ccea130, seq_id=816, rank=1, nranks=2, dev=1, send=0x4004000000, recv=0x4004000000, cnt=67108864, root=-1, peer=-1, stream=0x592d9cce12e0, data=float, op=sum, group=0, num_host=1, algo=ring
[11:55:01][ddbff3a86679][22:164][DBG][XCCL][kl3_all_reduce.cpp:94] send buf addr 0x4004000000/0x402408e000 count 12
[11:55:01][ddbff3a86679][22:22][DBG][XCCL][helper.cpp:301] all_reduce: ctx=0x592d9ccea130, seq_id=817, rank=1, nranks=2, dev=1, send=0x4004000000, recv=0x4004000000, cnt=67108864, root=-1, peer=-1, stream=0x592d9cce12e0, data=float, op=sum, group=0, num_host=1, algo=ring
[11:55:01][ddbff3a86679][22:164][DBG][XCCL][kl3_all_reduce.cpp:94] send buf addr 0x4004000000/0x402408e000 count 12
[11:55:01][ddbff3a86679][22:22][DBG][XCCL][helper.cpp:301] all_reduce: ctx=0x592d9ccea130, seq_id=818, rank=1, nranks=2, dev=1, send=0x4004000000, recv=0x4004000000, cnt=67108864, root=-1, peer=-1, stream=0x592d9cce12e0, data=float, op=sum, group=0, num_host=1, algo=ring
[11:55:01][ddbff3a86679][22:164][DBG][XCCL][kl3_all_reduce.cpp:94] send buf addr 0x4004000000/0x402408e000 count 12
[11:55:01][ddbff3a86679][22:22][DBG][XCCL][helper.cpp:301] all_reduce: ctx=0x592d9ccea130, seq_id=819, rank=1, nranks=2, dev=1, send=0x4004000000, recv=0x4004000000, cnt=67108864, root=-1, peer=-1, stream=0x592d9cce12e0, data=float, op=sum, group=0, num_host=1, algo=ring
[11:55:01][ddbff3a86679][22:164][DBG][XCCL][kl3_all_reduce.cpp:94] send buf addr 0x4004000000/0x402408e000 count 12
[11:55:01][ddbff3a86679][22:22][DBG][XCCL][helper.cpp:301] all_reduce: ctx=0x592d9ccea130, seq_id=820, rank=1, nranks=2, dev=1, send=0x4004000000, recv=0x4004000000, cnt=67108864, root=-1, peer=-1, stream=0x592d9cce12e0, data=float, op=sum, group=0, num_host=1, algo=ring
[11:55:01][ddbff3a86679][22:164][DBG][XCCL][kl3_all_reduce.cpp:94] send buf addr 0x4004000000/0x402408e000 count 12
[11:55:01][ddbff3a86679][22:22][DBG][XCCL][helper.cpp:301] all_reduce: ctx=0x592d9ccea130, seq_id=821, rank=1, nranks=2, dev=1, send=0x4004000000, recv=0x4004000000, cnt=67108864, root=-1, peer=-1, stream=0x592d9cce12e0, data=float, op=sum, group=0, num_host=1, algo=ring
[11:55:01][ddbff3a86679][22:164][DBG][XCCL][kl3_all_reduce.cpp:94] send buf addr 0x4004000000/0x402408e000 count 12
[11:55:01][ddbff3a86679][22:22][DBG][XCCL][helper.cpp:301] all_reduce: ctx=0x592d9ccea130, seq_id=822, rank=1, nranks=2, dev=1, send=0x4004000000, recv=0x4004000000, cnt=67108864, root=-1, peer=-1, stream=0x592d9cce12e0, data=float, op=sum, group=0, num_host=1, algo=ring
[11:55:01][ddbff3a86679][22:164][DBG][XCCL][kl3_all_reduce.cpp:94] send buf addr 0x4004000000/0x402408e000 count 12
[11:55:01][ddbff3a86679][22:22][DBG][XCCL][helper.cpp:301] all_reduce: ctx=0x592d9ccea130, seq_id=823, rank=1, nranks=2, dev=1, send=0x4004000000, recv=0x4004000000, cnt=67108864, root=-1, peer=-1, stream=0x592d9cce12e0, data=float, op=sum, group=0, num_host=1, algo=ring
[11:55:01][ddbff3a86679][22:164][DBG][XCCL][kl3_all_reduce.cpp:94] send buf addr 0x4004000000/0x402408e000 count 12
[11:55:01][ddbff3a86679][22:22][DBG][XCCL][helper.cpp:301] all_reduce: ctx=0x592d9ccea130, seq_id=824, rank=1, nranks=2, dev=1, send=0x4004000000, recv=0x4004000000, cnt=67108864, root=-1, peer=-1, stream=0x592d9cce12e0, data=float, op=sum, group=0, num_host=1, algo=ring
[11:55:01][ddbff3a86679][22:164][DBG][XCCL][kl3_all_reduce.cpp:94] send buf addr 0x4004000000/0x402408e000 count 12
[11:55:01][ddbff3a86679][22:22][DBG][XCCL][helper.cpp:301] all_reduce: ctx=0x592d9ccea130, seq_id=825, rank=1, nranks=2, dev=1, send=0x4004000000, recv=0x4004000000, cnt=67108864, root=-1, peer=-1, stream=0x592d9cce12e0, data=float, op=sum, group=0, num_host=1, algo=ring
[11:55:01][ddbff3a86679][22:164][DBG][XCCL][kl3_all_reduce.cpp:94] send buf addr 0x4004000000/0x402408e000 count 12
[11:55:01][ddbff3a86679][22:22][DBG][XCCL][helper.cpp:301] all_reduce: ctx=0x592d9ccea130, seq_id=826, rank=1, nranks=2, dev=1, send=0x4004000000, recv=0x4004000000, cnt=67108864, root=-1, peer=-1, stream=0x592d9cce12e0, data=float, op=sum, group=0, num_host=1, algo=ring
[11:55:01][ddbff3a86679][22:164][DBG][XCCL][kl3_all_reduce.cpp:94] send buf addr 0x4004000000/0x402408e000 count 12
[11:55:01][ddbff3a86679][22:22][DBG][XCCL][helper.cpp:301] all_reduce: ctx=0x592d9ccea130, seq_id=827, rank=1, nranks=2, dev=1, send=0x4004000000, recv=0x4004000000, cnt=67108864, root=-1, peer=-1, stream=0x592d9cce12e0, data=float, op=sum, group=0, num_host=1, algo=ring
[11:55:01][ddbff3a86679][22:164][DBG][XCCL][kl3_all_reduce.cpp:94] send buf addr 0x4004000000/0x402408e000 count 12
[11:55:01][ddbff3a86679][22:22][DBG][XCCL][helper.cpp:301] all_reduce: ctx=0x592d9ccea130, seq_id=828, rank=1, nranks=2, dev=1, send=0x4004000000, recv=0x4004000000, cnt=67108864, root=-1, peer=-1, stream=0x592d9cce12e0, data=float, op=sum, group=0, num_host=1, algo=ring
[11:55:01][ddbff3a86679][22:164][DBG][XCCL][kl3_all_reduce.cpp:94] send buf addr 0x4004000000/0x402408e000 count 12
[11:55:01][ddbff3a86679][22:22][DBG][XCCL][helper.cpp:301] all_reduce: ctx=0x592d9ccea130, seq_id=829, rank=1, nranks=2, dev=1, send=0x4004000000, recv=0x4004000000, cnt=67108864, root=-1, peer=-1, stream=0x592d9cce12e0, data=float, op=sum, group=0, num_host=1, algo=ring
[11:55:01][ddbff3a86679][22:164][DBG][XCCL][kl3_all_reduce.cpp:94] send buf addr 0x4004000000/0x402408e000 count 12
[11:55:01][ddbff3a86679][22:22][DBG][XCCL][helper.cpp:301] all_reduce: ctx=0x592d9ccea130, seq_id=830, rank=1, nranks=2, dev=1, send=0x4004000000, recv=0x4004000000, cnt=67108864, root=-1, peer=-1, stream=0x592d9cce12e0, data=float, op=sum, group=0, num_host=1, algo=ring
[11:55:01][ddbff3a86679][22:164][DBG][XCCL][kl3_all_reduce.cpp:94] send buf addr 0x4004000000/0x402408e000 count 12
[11:55:01][ddbff3a86679][22:22][DBG][XCCL][helper.cpp:301] all_reduce: ctx=0x592d9ccea130, seq_id=831, rank=1, nranks=2, dev=1, send=0x4004000000, recv=0x4004000000, cnt=67108864, root=-1, peer=-1, stream=0x592d9cce12e0, data=float, op=sum, group=0, num_host=1, algo=ring
[11:55:01][ddbff3a86679][22:164][DBG][XCCL][kl3_all_reduce.cpp:94] send buf addr 0x4004000000/0x402408e000 count 12
[11:55:01][ddbff3a86679][22:22][DBG][XCCL][helper.cpp:301] all_reduce: ctx=0x592d9ccea130, seq_id=832, rank=1, nranks=2, dev=1, send=0x4004000000, recv=0x4004000000, cnt=67108864, root=-1, peer=-1, stream=0x592d9cce12e0, data=float, op=sum, group=0, num_host=1, algo=ring
[11:55:01][ddbff3a86679][22:164][DBG][XCCL][kl3_all_reduce.cpp:94] send buf addr 0x4004000000/0x402408e000 count 12
[11:55:01][ddbff3a86679][22:22][DBG][XCCL][helper.cpp:301] all_reduce: ctx=0x592d9ccea130, seq_id=833, rank=1, nranks=2, dev=1, send=0x4004000000, recv=0x4004000000, cnt=67108864, root=-1, peer=-1, stream=0x592d9cce12e0, data=float, op=sum, group=0, num_host=1, algo=ring
[11:55:01][ddbff3a86679][22:164][DBG][XCCL][kl3_all_reduce.cpp:94] send buf addr 0x4004000000/0x402408e000 count 12
[11:55:01][ddbff3a86679][22:22][DBG][XCCL][helper.cpp:301] all_reduce: ctx=0x592d9ccea130, seq_id=834, rank=1, nranks=2, dev=1, send=0x4004000000, recv=0x4004000000, cnt=67108864, root=-1, peer=-1, stream=0x592d9cce12e0, data=float, op=sum, group=0, num_host=1, algo=ring
[11:55:01][ddbff3a86679][22:164][DBG][XCCL][kl3_all_reduce.cpp:94] send buf addr 0x4004000000/0x402408e000 count 12
[11:55:01][ddbff3a86679][22:22][DBG][XCCL][helper.cpp:301] all_reduce: ctx=0x592d9ccea130, seq_id=835, rank=1, nranks=2, dev=1, send=0x4004000000, recv=0x4004000000, cnt=67108864, root=-1, peer=-1, stream=0x592d9cce12e0, data=float, op=sum, group=0, num_host=1, algo=ring
[11:55:01][ddbff3a86679][22:164][DBG][XCCL][kl3_all_reduce.cpp:94] send buf addr 0x4004000000/0x402408e000 count 12
[11:55:01][ddbff3a86679][22:22][DBG][XCCL][helper.cpp:301] all_reduce: ctx=0x592d9ccea130, seq_id=836, rank=1, nranks=2, dev=1, send=0x4004000000, recv=0x4004000000, cnt=67108864, root=-1, peer=-1, stream=0x592d9cce12e0, data=float, op=sum, group=0, num_host=1, algo=ring
[11:55:01][ddbff3a86679][22:164][DBG][XCCL][kl3_all_reduce.cpp:94] send buf addr 0x4004000000/0x402408e000 count 12
[11:55:01][ddbff3a86679][22:22][DBG][XCCL][helper.cpp:301] all_reduce: ctx=0x592d9ccea130, seq_id=837, rank=1, nranks=2, dev=1, send=0x4004000000, recv=0x4004000000, cnt=67108864, root=-1, peer=-1, stream=0x592d9cce12e0, data=float, op=sum, group=0, num_host=1, algo=ring
[11:55:01][ddbff3a86679][22:164][DBG][XCCL][kl3_all_reduce.cpp:94] send buf addr 0x4004000000/0x402408e000 count 12
[11:55:02][ddbff3a86679][22:22][DBG][XCCL][helper.cpp:301] all_reduce: ctx=0x592d9ccea130, seq_id=838, rank=1, nranks=2, dev=1, send=0x4004000000, recv=0x4004000000, cnt=67108864, root=-1, peer=-1, stream=0x592d9cce12e0, data=float, op=sum, group=0, num_host=1, algo=ring
[11:55:02][ddbff3a86679][22:164][DBG][XCCL][kl3_all_reduce.cpp:94] send buf addr 0x4004000000/0x402408e000 count 12
[11:55:02][ddbff3a86679][22:22][DBG][XCCL][helper.cpp:301] all_reduce: ctx=0x592d9ccea130, seq_id=839, rank=1, nranks=2, dev=1, send=0x4004000000, recv=0x4004000000, cnt=67108864, root=-1, peer=-1, stream=0x592d9cce12e0, data=float, op=sum, group=0, num_host=1, algo=ring
[11:55:02][ddbff3a86679][22:164][DBG][XCCL][kl3_all_reduce.cpp:94] send buf addr 0x4004000000/0x402408e000 count 12
[11:55:02][ddbff3a86679][22:22][DBG][XCCL][helper.cpp:301] all_reduce: ctx=0x592d9ccea130, seq_id=840, rank=1, nranks=2, dev=1, send=0x4004000000, recv=0x4004000000, cnt=67108864, root=-1, peer=-1, stream=0x592d9cce12e0, data=float, op=sum, group=0, num_host=1, algo=ring
[11:55:02][ddbff3a86679][22:164][DBG][XCCL][kl3_all_reduce.cpp:94] send buf addr 0x4004000000/0x402408e000 count 12
[11:55:02][ddbff3a86679][22:22][DBG][XCCL][helper.cpp:301] all_reduce: ctx=0x592d9ccea130, seq_id=841, rank=1, nranks=2, dev=1, send=0x4004000000, recv=0x4004000000, cnt=67108864, root=-1, peer=-1, stream=0x592d9cce12e0, data=float, op=sum, group=0, num_host=1, algo=ring
[11:55:02][ddbff3a86679][22:164][DBG][XCCL][kl3_all_reduce.cpp:94] send buf addr 0x4004000000/0x402408e000 count 12
[11:55:02][ddbff3a86679][22:22][DBG][XCCL][helper.cpp:301] all_reduce: ctx=0x592d9ccea130, seq_id=842, rank=1, nranks=2, dev=1, send=0x4004000000, recv=0x4004000000, cnt=67108864, root=-1, peer=-1, stream=0x592d9cce12e0, data=float, op=sum, group=0, num_host=1, algo=ring
[11:55:02][ddbff3a86679][22:164][DBG][XCCL][kl3_all_reduce.cpp:94] send buf addr 0x4004000000/0x402408e000 count 12
[11:55:02][ddbff3a86679][22:22][DBG][XCCL][helper.cpp:301] all_reduce: ctx=0x592d9ccea130, seq_id=843, rank=1, nranks=2, dev=1, send=0x4004000000, recv=0x4004000000, cnt=67108864, root=-1, peer=-1, stream=0x592d9cce12e0, data=float, op=sum, group=0, num_host=1, algo=ring
[11:55:02][ddbff3a86679][22:164][DBG][XCCL][kl3_all_reduce.cpp:94] send buf addr 0x4004000000/0x402408e000 count 12
[11:55:02][ddbff3a86679][22:22][DBG][XCCL][helper.cpp:301] all_reduce: ctx=0x592d9ccea130, seq_id=844, rank=1, nranks=2, dev=1, send=0x4004000000, recv=0x4004000000, cnt=67108864, root=-1, peer=-1, stream=0x592d9cce12e0, data=float, op=sum, group=0, num_host=1, algo=ring
[11:55:02][ddbff3a86679][22:164][DBG][XCCL][kl3_all_reduce.cpp:94] send buf addr 0x4004000000/0x402408e000 count 12
[11:55:02][ddbff3a86679][22:22][DBG][XCCL][helper.cpp:301] all_reduce: ctx=0x592d9ccea130, seq_id=845, rank=1, nranks=2, dev=1, send=0x4004000000, recv=0x4004000000, cnt=67108864, root=-1, peer=-1, stream=0x592d9cce12e0, data=float, op=sum, group=0, num_host=1, algo=ring
[11:55:02][ddbff3a86679][22:164][DBG][XCCL][kl3_all_reduce.cpp:94] send buf addr 0x4004000000/0x402408e000 count 12
[11:55:02][ddbff3a86679][22:22][DBG][XCCL][helper.cpp:301] all_reduce: ctx=0x592d9ccea130, seq_id=846, rank=1, nranks=2, dev=1, send=0x4004000000, recv=0x4004000000, cnt=67108864, root=-1, peer=-1, stream=0x592d9cce12e0, data=float, op=sum, group=0, num_host=1, algo=ring
[11:55:02][ddbff3a86679][22:164][DBG][XCCL][kl3_all_reduce.cpp:94] send buf addr 0x4004000000/0x402408e000 count 12
[11:55:02][ddbff3a86679][22:22][DBG][XCCL][helper.cpp:301] all_reduce: ctx=0x592d9ccea130, seq_id=847, rank=1, nranks=2, dev=1, send=0x4004000000, recv=0x4004000000, cnt=67108864, root=-1, peer=-1, stream=0x592d9cce12e0, data=float, op=sum, group=0, num_host=1, algo=ring
[11:55:02][ddbff3a86679][22:164][DBG][XCCL][kl3_all_reduce.cpp:94] send buf addr 0x4004000000/0x402408e000 count 12
[11:55:02][ddbff3a86679][22:22][DBG][XCCL][helper.cpp:301] all_reduce: ctx=0x592d9ccea130, seq_id=848, rank=1, nranks=2, dev=1, send=0x4004000000, recv=0x4004000000, cnt=67108864, root=-1, peer=-1, stream=0x592d9cce12e0, data=float, op=sum, group=0, num_host=1, algo=ring
[11:55:02][ddbff3a86679][22:164][DBG][XCCL][kl3_all_reduce.cpp:94] send buf addr 0x4004000000/0x402408e000 count 12
[11:55:02][ddbff3a86679][22:22][DBG][XCCL][helper.cpp:301] all_reduce: ctx=0x592d9ccea130, seq_id=849, rank=1, nranks=2, dev=1, send=0x4004000000, recv=0x4004000000, cnt=67108864, root=-1, peer=-1, stream=0x592d9cce12e0, data=float, op=sum, group=0, num_host=1, algo=ring
[11:55:02][ddbff3a86679][22:164][DBG][XCCL][kl3_all_reduce.cpp:94] send buf addr 0x4004000000/0x402408e000 count 12
[11:55:02][ddbff3a86679][22:22][DBG][XCCL][helper.cpp:301] all_reduce: ctx=0x592d9ccea130, seq_id=850, rank=1, nranks=2, dev=1, send=0x4004000000, recv=0x4004000000, cnt=67108864, root=-1, peer=-1, stream=0x592d9cce12e0, data=float, op=sum, group=0, num_host=1, algo=ring
[11:55:02][ddbff3a86679][22:164][DBG][XCCL][kl3_all_reduce.cpp:94] send buf addr 0x4004000000/0x402408e000 count 12
[11:55:02][ddbff3a86679][22:22][DBG][XCCL][helper.cpp:301] all_reduce: ctx=0x592d9ccea130, seq_id=851, rank=1, nranks=2, dev=1, send=0x4004000000, recv=0x4004000000, cnt=67108864, root=-1, peer=-1, stream=0x592d9cce12e0, data=float, op=sum, group=0, num_host=1, algo=ring
[11:55:02][ddbff3a86679][22:164][DBG][XCCL][kl3_all_reduce.cpp:94] send buf addr 0x4004000000/0x402408e000 count 12
[11:55:02][ddbff3a86679][22:22][DBG][XCCL][helper.cpp:301] all_reduce: ctx=0x592d9ccea130, seq_id=852, rank=1, nranks=2, dev=1, send=0x4004000000, recv=0x4004000000, cnt=67108864, root=-1, peer=-1, stream=0x592d9cce12e0, data=float, op=sum, group=0, num_host=1, algo=ring
[11:55:02][ddbff3a86679][22:164][DBG][XCCL][kl3_all_reduce.cpp:94] send buf addr 0x4004000000/0x402408e000 count 12
[11:55:02][ddbff3a86679][22:22][DBG][XCCL][helper.cpp:301] all_reduce: ctx=0x592d9ccea130, seq_id=853, rank=1, nranks=2, dev=1, send=0x4004000000, recv=0x4004000000, cnt=67108864, root=-1, peer=-1, stream=0x592d9cce12e0, data=float, op=sum, group=0, num_host=1, algo=ring
[11:55:02][ddbff3a86679][22:164][DBG][XCCL][kl3_all_reduce.cpp:94] send buf addr 0x4004000000/0x402408e000 count 12
[11:55:02][ddbff3a86679][22:22][DBG][XCCL][helper.cpp:301] all_reduce: ctx=0x592d9ccea130, seq_id=854, rank=1, nranks=2, dev=1, send=0x4004000000, recv=0x4004000000, cnt=67108864, root=-1, peer=-1, stream=0x592d9cce12e0, data=float, op=sum, group=0, num_host=1, algo=ring
[11:55:02][ddbff3a86679][22:164][DBG][XCCL][kl3_all_reduce.cpp:94] send buf addr 0x4004000000/0x402408e000 count 12
[11:55:02][ddbff3a86679][22:22][DBG][XCCL][helper.cpp:301] all_reduce: ctx=0x592d9ccea130, seq_id=855, rank=1, nranks=2, dev=1, send=0x4004000000, recv=0x4004000000, cnt=67108864, root=-1, peer=-1, stream=0x592d9cce12e0, data=float, op=sum, group=0, num_host=1, algo=ring
[11:55:02][ddbff3a86679][22:164][DBG][XCCL][kl3_all_reduce.cpp:94] send buf addr 0x4004000000/0x402408e000 count 12
[11:55:02][ddbff3a86679][22:22][DBG][XCCL][helper.cpp:301] all_reduce: ctx=0x592d9ccea130, seq_id=856, rank=1, nranks=2, dev=1, send=0x4004000000, recv=0x4004000000, cnt=67108864, root=-1, peer=-1, stream=0x592d9cce12e0, data=float, op=sum, group=0, num_host=1, algo=ring
[11:55:02][ddbff3a86679][22:164][DBG][XCCL][kl3_all_reduce.cpp:94] send buf addr 0x4004000000/0x402408e000 count 12
[11:55:02][ddbff3a86679][22:22][DBG][XCCL][helper.cpp:301] all_reduce: ctx=0x592d9ccea130, seq_id=857, rank=1, nranks=2, dev=1, send=0x4004000000, recv=0x4004000000, cnt=67108864, root=-1, peer=-1, stream=0x592d9cce12e0, data=float, op=sum, group=0, num_host=1, algo=ring
[11:55:02][ddbff3a86679][22:164][DBG][XCCL][kl3_all_reduce.cpp:94] send buf addr 0x4004000000/0x402408e000 count 12
[11:55:02][ddbff3a86679][22:22][DBG][XCCL][helper.cpp:301] all_reduce: ctx=0x592d9ccea130, seq_id=858, rank=1, nranks=2, dev=1, send=0x4004000000, recv=0x4004000000, cnt=67108864, root=-1, peer=-1, stream=0x592d9cce12e0, data=float, op=sum, group=0, num_host=1, algo=ring
[11:55:02][ddbff3a86679][22:164][DBG][XCCL][kl3_all_reduce.cpp:94] send buf addr 0x4004000000/0x402408e000 count 12
[11:55:02][ddbff3a86679][22:22][DBG][XCCL][helper.cpp:301] all_reduce: ctx=0x592d9ccea130, seq_id=859, rank=1, nranks=2, dev=1, send=0x4004000000, recv=0x4004000000, cnt=67108864, root=-1, peer=-1, stream=0x592d9cce12e0, data=float, op=sum, group=0, num_host=1, algo=ring
[11:55:02][ddbff3a86679][22:164][DBG][XCCL][kl3_all_reduce.cpp:94] send buf addr 0x4004000000/0x402408e000 count 12
[11:55:02][ddbff3a86679][22:22][DBG][XCCL][helper.cpp:301] all_reduce: ctx=0x592d9ccea130, seq_id=860, rank=1, nranks=2, dev=1, send=0x4004000000, recv=0x4004000000, cnt=67108864, root=-1, peer=-1, stream=0x592d9cce12e0, data=float, op=sum, group=0, num_host=1, algo=ring
[11:55:02][ddbff3a86679][22:164][DBG][XCCL][kl3_all_reduce.cpp:94] send buf addr 0x4004000000/0x402408e000 count 12
[11:55:02][ddbff3a86679][22:22][DBG][XCCL][helper.cpp:301] all_reduce: ctx=0x592d9ccea130, seq_id=861, rank=1, nranks=2, dev=1, send=0x4004000000, recv=0x4004000000, cnt=67108864, root=-1, peer=-1, stream=0x592d9cce12e0, data=float, op=sum, group=0, num_host=1, algo=ring
[11:55:02][ddbff3a86679][22:164][DBG][XCCL][kl3_all_reduce.cpp:94] send buf addr 0x4004000000/0x402408e000 count 12
[11:55:02][ddbff3a86679][22:22][DBG][XCCL][helper.cpp:301] all_reduce: ctx=0x592d9ccea130, seq_id=862, rank=1, nranks=2, dev=1, send=0x4004000000, recv=0x4004000000, cnt=67108864, root=-1, peer=-1, stream=0x592d9cce12e0, data=float, op=sum, group=0, num_host=1, algo=ring
[11:55:02][ddbff3a86679][22:164][DBG][XCCL][kl3_all_reduce.cpp:94] send buf addr 0x4004000000/0x402408e000 count 12
[11:55:02][ddbff3a86679][22:22][DBG][XCCL][helper.cpp:301] all_reduce: ctx=0x592d9ccea130, seq_id=863, rank=1, nranks=2, dev=1, send=0x4004000000, recv=0x4004000000, cnt=67108864, root=-1, peer=-1, stream=0x592d9cce12e0, data=float, op=sum, group=0, num_host=1, algo=ring
[11:55:02][ddbff3a86679][22:164][DBG][XCCL][kl3_all_reduce.cpp:94] send buf addr 0x4004000000/0x402408e000 count 12
[11:55:02][ddbff3a86679][22:22][DBG][XCCL][helper.cpp:301] all_reduce: ctx=0x592d9ccea130, seq_id=864, rank=1, nranks=2, dev=1, send=0x4004000000, recv=0x4004000000, cnt=67108864, root=-1, peer=-1, stream=0x592d9cce12e0, data=float, op=sum, group=0, num_host=1, algo=ring
[11:55:02][ddbff3a86679][22:164][DBG][XCCL][kl3_all_reduce.cpp:94] send buf addr 0x4004000000/0x402408e000 count 12
[11:55:02][ddbff3a86679][22:22][DBG][XCCL][helper.cpp:301] all_reduce: ctx=0x592d9ccea130, seq_id=865, rank=1, nranks=2, dev=1, send=0x4004000000, recv=0x4004000000, cnt=67108864, root=-1, peer=-1, stream=0x592d9cce12e0, data=float, op=sum, group=0, num_host=1, algo=ring
[11:55:02][ddbff3a86679][22:164][DBG][XCCL][kl3_all_reduce.cpp:94] send buf addr 0x4004000000/0x402408e000 count 12
[11:55:02][ddbff3a86679][22:22][DBG][XCCL][helper.cpp:301] all_reduce: ctx=0x592d9ccea130, seq_id=866, rank=1, nranks=2, dev=1, send=0x4004000000, recv=0x4004000000, cnt=67108864, root=-1, peer=-1, stream=0x592d9cce12e0, data=float, op=sum, group=0, num_host=1, algo=ring
[11:55:02][ddbff3a86679][22:164][DBG][XCCL][kl3_all_reduce.cpp:94] send buf addr 0x4004000000/0x402408e000 count 12
[11:55:02][ddbff3a86679][22:22][DBG][XCCL][helper.cpp:301] all_reduce: ctx=0x592d9ccea130, seq_id=867, rank=1, nranks=2, dev=1, send=0x4004000000, recv=0x4004000000, cnt=67108864, root=-1, peer=-1, stream=0x592d9cce12e0, data=float, op=sum, group=0, num_host=1, algo=ring
[11:55:02][ddbff3a86679][22:164][DBG][XCCL][kl3_all_reduce.cpp:94] send buf addr 0x4004000000/0x402408e000 count 12
[11:55:02][ddbff3a86679][22:22][DBG][XCCL][helper.cpp:301] all_reduce: ctx=0x592d9ccea130, seq_id=868, rank=1, nranks=2, dev=1, send=0x4004000000, recv=0x4004000000, cnt=67108864, root=-1, peer=-1, stream=0x592d9cce12e0, data=float, op=sum, group=0, num_host=1, algo=ring
[11:55:02][ddbff3a86679][22:164][DBG][XCCL][kl3_all_reduce.cpp:94] send buf addr 0x4004000000/0x402408e000 count 12
[11:55:02][ddbff3a86679][22:22][DBG][XCCL][helper.cpp:301] all_reduce: ctx=0x592d9ccea130, seq_id=869, rank=1, nranks=2, dev=1, send=0x4004000000, recv=0x4004000000, cnt=67108864, root=-1, peer=-1, stream=0x592d9cce12e0, data=float, op=sum, group=0, num_host=1, algo=ring
[11:55:02][ddbff3a86679][22:164][DBG][XCCL][kl3_all_reduce.cpp:94] send buf addr 0x4004000000/0x402408e000 count 12
[11:55:02][ddbff3a86679][22:22][DBG][XCCL][helper.cpp:301] all_reduce: ctx=0x592d9ccea130, seq_id=870, rank=1, nranks=2, dev=1, send=0x4004000000, recv=0x4004000000, cnt=67108864, root=-1, peer=-1, stream=0x592d9cce12e0, data=float, op=sum, group=0, num_host=1, algo=ring
[11:55:02][ddbff3a86679][22:164][DBG][XCCL][kl3_all_reduce.cpp:94] send buf addr 0x4004000000/0x402408e000 count 12
[11:55:02][ddbff3a86679][22:22][DBG][XCCL][helper.cpp:301] all_reduce: ctx=0x592d9ccea130, seq_id=871, rank=1, nranks=2, dev=1, send=0x4004000000, recv=0x4004000000, cnt=67108864, root=-1, peer=-1, stream=0x592d9cce12e0, data=float, op=sum, group=0, num_host=1, algo=ring
[11:55:02][ddbff3a86679][22:164][DBG][XCCL][kl3_all_reduce.cpp:94] send buf addr 0x4004000000/0x402408e000 count 12
[11:55:02][ddbff3a86679][22:22][DBG][XCCL][helper.cpp:301] all_reduce: ctx=0x592d9ccea130, seq_id=872, rank=1, nranks=2, dev=1, send=0x4004000000, recv=0x4004000000, cnt=67108864, root=-1, peer=-1, stream=0x592d9cce12e0, data=float, op=sum, group=0, num_host=1, algo=ring
[11:55:02][ddbff3a86679][22:164][DBG][XCCL][kl3_all_reduce.cpp:94] send buf addr 0x4004000000/0x402408e000 count 12
[11:55:02][ddbff3a86679][22:22][DBG][XCCL][helper.cpp:301] all_reduce: ctx=0x592d9ccea130, seq_id=873, rank=1, nranks=2, dev=1, send=0x4004000000, recv=0x4004000000, cnt=67108864, root=-1, peer=-1, stream=0x592d9cce12e0, data=float, op=sum, group=0, num_host=1, algo=ring
[11:55:02][ddbff3a86679][22:164][DBG][XCCL][kl3_all_reduce.cpp:94] send buf addr 0x4004000000/0x402408e000 count 12
[11:55:02][ddbff3a86679][22:22][DBG][XCCL][helper.cpp:301] all_reduce: ctx=0x592d9ccea130, seq_id=874, rank=1, nranks=2, dev=1, send=0x4004000000, recv=0x4004000000, cnt=67108864, root=-1, peer=-1, stream=0x592d9cce12e0, data=float, op=sum, group=0, num_host=1, algo=ring
[11:55:02][ddbff3a86679][22:164][DBG][XCCL][kl3_all_reduce.cpp:94] send buf addr 0x4004000000/0x402408e000 count 12
[11:55:02][ddbff3a86679][22:22][DBG][XCCL][helper.cpp:301] all_reduce: ctx=0x592d9ccea130, seq_id=875, rank=1, nranks=2, dev=1, send=0x4004000000, recv=0x4004000000, cnt=67108864, root=-1, peer=-1, stream=0x592d9cce12e0, data=float, op=sum, group=0, num_host=1, algo=ring
[11:55:02][ddbff3a86679][22:164][DBG][XCCL][kl3_all_reduce.cpp:94] send buf addr 0x4004000000/0x402408e000 count 12
[11:55:02][ddbff3a86679][22:22][DBG][XCCL][helper.cpp:301] all_reduce: ctx=0x592d9ccea130, seq_id=876, rank=1, nranks=2, dev=1, send=0x4004000000, recv=0x4004000000, cnt=67108864, root=-1, peer=-1, stream=0x592d9cce12e0, data=float, op=sum, group=0, num_host=1, algo=ring
[11:55:02][ddbff3a86679][22:164][DBG][XCCL][kl3_all_reduce.cpp:94] send buf addr 0x4004000000/0x402408e000 count 12
[11:55:02][ddbff3a86679][22:22][DBG][XCCL][helper.cpp:301] all_reduce: ctx=0x592d9ccea130, seq_id=877, rank=1, nranks=2, dev=1, send=0x4004000000, recv=0x4004000000, cnt=67108864, root=-1, peer=-1, stream=0x592d9cce12e0, data=float, op=sum, group=0, num_host=1, algo=ring
[11:55:02][ddbff3a86679][22:164][DBG][XCCL][kl3_all_reduce.cpp:94] send buf addr 0x4004000000/0x402408e000 count 12
[11:55:02][ddbff3a86679][22:22][DBG][XCCL][helper.cpp:301] all_reduce: ctx=0x592d9ccea130, seq_id=878, rank=1, nranks=2, dev=1, send=0x4004000000, recv=0x4004000000, cnt=67108864, root=-1, peer=-1, stream=0x592d9cce12e0, data=float, op=sum, group=0, num_host=1, algo=ring
[11:55:02][ddbff3a86679][22:164][DBG][XCCL][kl3_all_reduce.cpp:94] send buf addr 0x4004000000/0x402408e000 count 12
[rank1] RESULT algbw 37.88 GB/s over 876 iters of 256MiB
[rank1]:[W924 11:55:03.418521294 ProcessGroup.hpp:941] Warning: No backend of type 0 found for Process Group with name undefined. Assuming no hooks are registered. (function hasHooks)
[11:55:03][ddbff3a86679][22:22][DBG][XCCL][init.cpp:540] free p2p param
